Region,Product,Sales,Units,Month,Year
East,Laptop,52701,65,March,2024
Midwest,Printer,6223,20,June,2024
North,Printer,6937,23,January,2023
Southeast,Keyboard,1292,11,December,2023
West,Laptop,28956,35,September,2022
Southeast,Keyboard,2749,24,April,2024
North,Webcam,10666,109,March,2024
Southeast,Speaker,13980,68,March,2022
Southeast,Laptop,45652,56,March,2022
East,Headphones,15584,101,July,2022
North,Mouse,1130,36,August,2023
Southwest,Laptop,35342,44,July,2022
Midwest,Phone,44976,89,April,2023
South,Mouse,2793,91,July,2024
East,Headphones,5664,33,December,2023
Southwest,Printer,9016,27,February,2022
West,Monitor,15515,62,December,2024
Southwest,Printer,11726,38,May,2022
North,Phone,18767,36,May,2023
Midwest,Webcam,8413,93,August,2023
Midwest,Webcam,3929,34,June,2023
Southwest,Tablet,13397,43,June,2024
Southeast,Mouse,2731,71,May,2022
East,Tablet,17522,58,June,2024
Southwest,Laptop,10606,13,January,2024
Central,Keyboard,8014,91,October,2024
West,Webcam,5826,57,October,2022
Northwest,Phone,21211,41,August,2023
Northwest,Speaker,18562,88,January,2022
Northwest,Tablet,13836,44,October,2023
Central,Printer,11430,37,January,2024
Central,Mouse,1308,13,January,2022
South,Printer,16862,53,August,2024
Midwest,Webcam,8809,96,January,2024
Southwest,Mouse,2405,52,March,2023
Northeast,Phone,53953,106,December,2023
Southeast,Keyboard,3781,39,January,2023
Southeast,Laptop,28177,35,July,2023
Midwest,Speaker,20973,103,January,2022
Midwest,Phone,26814,53,May,2023
Midwest,Mouse,3293,84,October,2022
Northeast,Webcam,7913,80,May,2022
Northwest,Webcam,9030,93,January,2024
South,Phone,26856,52,February,2024
Northeast,Mouse,2463,64,April,2023
Southwest,Monitor,13257,53,February,2024
Central,Headphones,7496,49,August,2024
North,Mouse,3085,77,January,2022
Midwest,Mouse,2993,69,November,2023
East,Webcam,8409,91,November,2024
West,Mouse,1714,57,December,2024
South,Mouse,2222,70,April,2022
East,Tablet,15366,50,August,2024
Northeast,Speaker,12444,61,May,2023
Northwest,Phone,36102,71,September,2022
East,Keyboard,1937,14,June,2024
Southeast,Monitor,19660,77,April,2023
Northeast,Speaker,13517,64,June,2023
South,Headphones,13882,87,October,2023
South,Monitor,4252,15,August,2022
South,Tablet,7280,21,February,2024
East,Monitor,21386,82,December,2024
Northwest,Mouse,1284,25,November,2023
Southeast,Mouse,2657,61,February,2022
West,Keyboard,6465,80,November,2023
Southeast,Monitor,12536,49,November,2022
Northwest,Monitor,22086,88,July,2023
East,Mouse,1723,30,June,2023
Northeast,Headphones,12215,79,July,2024
Northwest,Mouse,827,22,June,2022
West,Speaker,6000,26,September,2024
Midwest,Webcam,9713,98,December,2022
Midwest,Monitor,19508,77,December,2023
Southwest,Keyboard,5479,61,June,2023
North,Tablet,29684,97,April,2024
Southeast,Webcam,4628,48,April,2024
West,Webcam,6006,65,October,2024
South,Keyboard,4246,46,November,2024
Southwest,Monitor,16556,64,May,2022
Midwest,Printer,27940,92,February,2024
Southeast,Phone,9247,18,March,2022
West,Webcam,5434,53,February,2024
Central,Monitor,6696,23,June,2023
North,Printer,20584,68,March,2022
Midwest,Printer,30429,100,August,2024
Central,Monitor,15675,62,August,2023
Southeast,Phone,21423,42,October,2022
Southeast,Webcam,6391,70,September,2023
Northeast,Laptop,55399,69,March,2022
Central,Laptop,42014,52,September,2023
North,Phone,19329,38,August,2022
Southeast,Phone,20444,40,June,2023
South,Tablet,32144,104,November,2024
Central,Printer,32942,107,September,2023
North,Printer,25777,84,February,2023
West,Webcam,5031,47,September,2022
West,Keyboard,4816,52,March,2023
Northeast,Tablet,11692,36,August,2024
West,Monitor,24112,93,May,2023
West,Phone,50790,100,February,2023
Northwest,Speaker,7800,39,October,2023
Southwest,Speaker,21116,103,January,2024
South,Phone,9530,18,April,2024
Northwest,Printer,20532,66,July,2023
Southwest,Phone,47908,94,October,2023
South,Monitor,7086,27,September,2023
Northwest,Webcam,7463,77,February,2022
Midwest,Mouse,1539,45,April,2023
Northeast,Laptop,66832,83,April,2022
North,Printer,20442,66,May,2022
East,Phone,22340,43,September,2024
Midwest,Mouse,1314,18,April,2022
Northeast,Mouse,2936,67,August,2023
South,Phone,43634,87,June,2022
Southwest,Headphones,10130,67,September,2023
East,Mouse,1658,28,April,2024
East,Webcam,10065,105,August,2024
Northeast,Tablet,32246,105,August,2023
Northeast,Keyboard,6099,74,March,2023
South,Monitor,21129,82,December,2022
Southeast,Speaker,5973,27,February,2023
Northwest,Phone,19053,37,April,2023
Central,Speaker,11856,55,July,2024
Southwest,Tablet,16044,52,October,2024
Northeast,Keyboard,6932,82,May,2022
West,Keyboard,5076,63,February,2023
South,Tablet,32437,108,June,2023
Central,Webcam,10222,106,May,2024
Southeast,Speaker,11545,56,December,2024
East,Monitor,14950,56,November,2024
Midwest,Headphones,7757,50,June,2022
North,Monitor,6439,24,December,2023
Central,Tablet,18186,58,February,2023
Southeast,Webcam,2268,21,March,2023
Southeast,Keyboard,5638,64,April,2024
Southwest,Monitor,22597,88,December,2024
South,Phone,49502,99,September,2022
West,Tablet,20291,66,October,2022
North,Speaker,14104,67,December,2024
South,Keyboard,7176,79,May,2023
Midwest,Webcam,4981,49,September,2022
Central,Phone,25473,50,March,2024
East,Webcam,4699,45,June,2023
Southeast,Laptop,63231,78,February,2022
West,Mouse,2114,44,April,2022
Midwest,Keyboard,8714,100,January,2023
Central,Laptop,84092,104,February,2023
North,Tablet,33210,109,June,2024
Northwest,Printer,28770,93,March,2022
Northwest,Monitor,16357,62,August,2023
Southeast,Printer,25378,84,December,2023
Northwest,Headphones,14607,95,August,2022
Northwest,Laptop,19490,24,October,2022
Northeast,Speaker,11700,55,September,2024
Northeast,Mouse,3541,104,June,2023
Northeast,Keyboard,8233,101,July,2023
Midwest,Webcam,1828,19,November,2022
East,Phone,54256,108,September,2023
South,Tablet,31562,102,June,2024
Midwest,Phone,54445,108,April,2023
Northeast,Speaker,3879,19,January,2022
Northeast,Keyboard,2251,22,May,2024
West,Webcam,7974,83,November,2023
Central,Speaker,4875,24,August,2022
East,Headphones,3694,24,December,2024
North,Laptop,64005,80,March,2023
East,Laptop,71322,89,June,2024
East,Phone,43938,86,July,2024
Southwest,Keyboard,5431,64,September,2022
West,Keyboard,6289,76,January,2022
Midwest,Mouse,2683,59,December,2023
Southeast,Keyboard,3862,43,November,2023
West,Monitor,6607,23,December,2023
Southeast,Speaker,2265,10,October,2024
Midwest,Laptop,10362,12,January,2023
Northwest,Tablet,28742,95,August,2022
East,Webcam,4906,54,January,2023
Northwest,Laptop,13467,16,May,2022
Northeast,Keyboard,7785,91,June,2024
North,Webcam,7814,82,December,2022
Northwest,Webcam,3888,37,May,2024
North,Monitor,8507,34,October,2022
North,Speaker,21325,102,August,2024
West,Headphones,15445,99,January,2022
Southwest,Laptop,33694,41,November,2023
Southeast,Laptop,21508,26,August,2024
West,Headphones,7247,48,August,2023
Northwest,Printer,5953,18,May,2022
East,Speaker,13758,66,June,2024
East,Laptop,40860,50,July,2023
Southwest,Mouse,2244,70,September,2022
West,Monitor,3772,13,November,2022
Southwest,Keyboard,6979,78,July,2024
Midwest,Mouse,2520,83,November,2022
West,Phone,53691,106,July,2023
North,Phone,21502,43,January,2022
Midwest,Mouse,2979,68,March,2022
South,Mouse,3627,99,November,2022
Southwest,Speaker,12348,60,February,2022
Southwest,Speaker,19413,94,May,2022
East,Webcam,4547,40,December,2022
Northwest,Tablet,7522,22,September,2024
West,Mouse,2859,67,June,2022
Central,Headphones,3220,20,October,2024
West,Headphones,3394,20,July,2023
Southeast,Speaker,7921,35,February,2024
Northwest,Keyboard,5077,51,November,2022
South,Webcam,5596,54,August,2024
Northeast,Keyboard,9154,104,March,2024
Northwest,Speaker,4660,21,July,2022
Northwest,Tablet,9522,31,May,2024
South,Printer,32123,106,April,2023
Midwest,Printer,5250,17,February,2023
Northwest,Phone,8089,16,November,2024
East,Tablet,3916,10,April,2024
Northwest,Phone,15156,30,September,2023
Northeast,Phone,40610,80,January,2022
Northeast,Printer,8372,27,October,2024
Southwest,Speaker,4035,20,February,2023
West,Monitor,26603,103,March,2022
Southwest,Webcam,2693,20,February,2023
Southeast,Phone,41440,82,August,2024
East,Webcam,5006,52,February,2022
West,Printer,26187,86,August,2023
Northwest,Speaker,20575,100,March,2023
East,Speaker,22598,108,October,2022
Northwest,Monitor,7362,29,July,2024
Central,Printer,18516,60,February,2024
Southeast,Headphones,3468,19,April,2024
North,Tablet,33077,108,April,2023
East,Phone,47252,93,February,2022
West,Tablet,11539,38,January,2022
Southwest,Headphones,11669,72,August,2022
East,Printer,12535,39,April,2022
Northeast,Printer,23473,75,January,2024
Central,Keyboard,2282,28,December,2024
Southeast,Speaker,17103,82,August,2022
West,Headphones,6673,40,November,2022
Midwest,Laptop,51911,64,June,2022
Central,Headphones,13554,90,December,2023
Midwest,Speaker,22690,109,June,2022
Northwest,Printer,31748,105,April,2024
South,Laptop,42559,53,August,2024
East,Phone,29065,57,June,2022
Northwest,Keyboard,8087,95,May,2023
East,Tablet,8187,25,May,2023
Southwest,Keyboard,2124,16,May,2022
Central,Webcam,7694,79,January,2022
Southeast,Headphones,2895,17,November,2022
West,Headphones,9162,59,September,2024
South,Headphones,10177,67,October,2023
South,Mouse,652,19,February,2022
East,Printer,6881,21,May,2022
Southeast,Monitor,11726,46,February,2023
Central,Phone,20273,39,February,2024
South,Tablet,28958,95,December,2024
Midwest,Keyboard,9276,105,October,2024
East,Mouse,661,16,October,2024
Northwest,Keyboard,8296,100,February,2024
Southwest,Laptop,25736,31,August,2022
Southwest,Keyboard,2096,18,January,2022
South,Speaker,19173,91,February,2024
Southwest,Phone,6392,12,December,2024
Midwest,Speaker,5953,25,April,2024
Northwest,Keyboard,1757,10,April,2024
East,Webcam,2751,22,August,2023
Northeast,Phone,54135,107,November,2022
Northeast,Webcam,10433,107,May,2023
Northeast,Monitor,16863,65,August,2024
Northeast,Phone,45169,89,September,2024
Southwest,Printer,26340,86,July,2022
Midwest,Headphones,4210,28,January,2023
West,Monitor,3810,12,October,2022
South,Webcam,10633,108,August,2023
Southwest,Printer,27180,89,May,2022
Southwest,Monitor,23223,92,September,2024
East,Mouse,2397,59,May,2024
North,Speaker,5114,23,September,2022
West,Phone,17060,34,September,2022
East,Keyboard,1882,19,July,2024
West,Headphones,4539,28,January,2024
Northeast,Phone,28434,55,July,2023
South,Keyboard,2463,20,December,2023
East,Printer,20668,68,June,2022
Southwest,Printer,4674,13,June,2023
Southeast,Phone,35759,71,October,2022
West,Webcam,1098,12,October,2023
Southwest,Printer,5460,17,March,2024
Northeast,Headphones,14757,93,September,2023
Northwest,Headphones,1960,13,October,2022
East,Keyboard,3566,38,September,2024
North,Monitor,10762,42,June,2024
East,Headphones,15358,100,May,2022
Northwest,Keyboard,5848,64,January,2023
Northwest,Headphones,13825,90,June,2023
Northeast,Phone,46837,92,March,2023
Southwest,Speaker,21063,105,December,2024
Northwest,Phone,26702,52,October,2024
East,Speaker,18110,90,October,2024
East,Phone,41464,81,July,2024
Southeast,Speaker,6271,29,May,2022
West,Speaker,19197,92,April,2022
Southeast,Keyboard,2046,15,July,2024
Northeast,Keyboard,9298,105,February,2022
Southeast,Printer,8145,25,November,2023
Central,Phone,39642,79,July,2023
Midwest,Keyboard,5606,61,December,2024
Northeast,Webcam,4560,44,February,2022
Northeast,Monitor,17704,70,June,2023
West,Webcam,8709,92,August,2024
Central,Monitor,27476,109,March,2024
North,Keyboard,6843,76,November,2024
West,Headphones,5426,35,December,2024
Northwest,Mouse,1509,28,July,2023
Midwest,Phone,43387,85,November,2023
Southwest,Tablet,18570,60,November,2023
East,Keyboard,4239,43,March,2022
Midwest,Phone,17378,33,December,2024
Central,Phone,40499,79,February,2022
Northwest,Laptop,50670,63,September,2024
South,Speaker,21164,104,February,2023
North,Laptop,40930,51,May,2024
Central,Headphones,12037,76,September,2023
Northwest,Headphones,14047,87,July,2022
Central,Speaker,6341,27,February,2024
Northwest,Headphones,13821,89,June,2023
South,Webcam,2469,27,April,2024
Northwest,Headphones,2099,12,August,2023
Midwest,Phone,23386,45,September,2024
North,Monitor,27290,106,November,2024
East,Webcam,8071,88,October,2022
Northwest,Phone,50115,99,August,2024
East,Webcam,9368,103,November,2022
Midwest,Mouse,2333,76,December,2023
East,Mouse,1358,14,August,2023
North,Keyboard,6031,74,January,2024
Central,Headphones,9088,55,March,2022
East,Keyboard,4349,45,December,2023
Central,Mouse,1436,25,August,2023
Central,Keyboard,6633,71,January,2023
Northeast,Headphones,5810,33,July,2023
Northwest,Laptop,10475,13,July,2023
Midwest,Monitor,22218,88,March,2024
North,Monitor,23611,92,May,2022
Northwest,Mouse,1909,43,June,2022
Southwest,Printer,10423,33,March,2024
North,Printer,12940,41,April,2024
Northwest,Webcam,6747,67,November,2023
North,Webcam,9544,101,March,2023
Central,Speaker,12676,60,September,2022
Southeast,Monitor,17307,66,April,2022
East,Laptop,44679,55,July,2022
Northeast,Printer,14077,45,March,2022
Northeast,Monitor,17709,70,October,2023
Southeast,Monitor,15813,60,February,2023
Southeast,Laptop,50325,62,August,2024
South,Laptop,83923,104,March,2022
Central,Webcam,3557,29,March,2024
Midwest,Headphones,8170,54,January,2023
Northeast,Headphones,12186,78,October,2023
Central,Headphones,13130,82,May,2022
Northeast,Tablet,18304,61,June,2022
West,Phone,48604,96,March,2022
Central,Mouse,2884,78,January,2024
South,Laptop,46757,58,September,2023
Northeast,Webcam,4112,37,June,2022
Central,Mouse,1961,64,June,2022
Midwest,Headphones,3031,14,December,2023
Central,Laptop,79398,99,June,2023
Northwest,Printer,10889,36,May,2022
West,Printer,31613,103,October,2024
Southwest,Webcam,7975,83,March,2023
Southwest,Headphones,7878,51,December,2024
East,Printer,22109,72,December,2024
Northwest,Keyboard,3037,28,November,2022
East,Mouse,2185,58,December,2024
Midwest,Phone,18341,35,March,2023
Southwest,Printer,24008,77,June,2024
South,Phone,37119,73,October,2023
Midwest,Mouse,1436,46,February,2023
East,Speaker,18034,87,December,2024
North,Keyboard,3760,42,April,2024
Central,Keyboard,6501,74,December,2024
Northeast,Laptop,11290,14,December,2022
Southwest,Printer,4670,13,January,2023
Southeast,Laptop,32154,39,October,2022
East,Phone,29583,58,September,2022
Southwest,Monitor,7143,27,February,2022
Midwest,Webcam,2019,19,December,2024
West,Speaker,9885,49,November,2024
Midwest,Keyboard,2403,26,October,2024
East,Phone,46656,93,April,2024
South,Printer,12696,42,March,2023
Southeast,Keyboard,2510,23,September,2024
North,Printer,31338,103,November,2022
West,Phone,22963,44,April,2023
North,Mouse,2767,89,December,2024
East,Laptop,48903,60,July,2023
South,Keyboard,8803,105,February,2023
Southwest,Webcam,2710,28,September,2024
Northwest,Tablet,32776,107,January,2024
Southeast,Laptop,44284,55,March,2023
West,Keyboard,3347,37,December,2023
Northwest,Webcam,2796,30,April,2023
Northeast,Webcam,9067,92,May,2023
Southwest,Phone,42618,84,July,2022
Southwest,Mouse,2936,75,May,2023
Central,Keyboard,6910,78,May,2023
North,Laptop,10726,13,May,2024
Midwest,Webcam,6786,73,August,2024
West,Printer,15688,50,January,2023
Northeast,Laptop,53400,66,April,2024
Midwest,Phone,11750,23,March,2022
Northeast,Tablet,25133,83,November,2023
Southwest,Mouse,2330,75,April,2023
Northeast,Monitor,7891,28,December,2023
East,Laptop,57536,71,October,2024
North,Headphones,15577,99,May,2022
South,Speaker,20822,104,November,2022
Midwest,Printer,17862,57,October,2024
Midwest,Mouse,779,20,August,2023
West,Speaker,17513,86,May,2022
Central,Speaker,9499,46,July,2023
Northeast,Printer,10396,32,June,2023
Northeast,Laptop,27691,34,July,2022
Midwest,Headphones,16652,108,November,2024
Northwest,Laptop,36011,45,January,2023
Southeast,Printer,5222,17,October,2024
Southwest,Mouse,3452,90,July,2024
Northwest,Tablet,4690,14,March,2023
Northwest,Headphones,10188,62,December,2024
North,Phone,53064,105,August,2024
Central,Tablet,11427,38,April,2024
Southeast,Tablet,9536,29,January,2023
Central,Monitor,15490,61,August,2023
Southwest,Mouse,3334,90,April,2024
Northwest,Tablet,9452,31,October,2024
Northeast,Speaker,13758,66,September,2023
East,Monitor,25390,100,June,2022
East,Phone,40624,80,February,2023
East,Phone,44708,89,February,2022
Central,Keyboard,1475,15,October,2023
Southwest,Speaker,3190,12,February,2022
West,Phone,38651,76,August,2024
South,Monitor,13636,54,December,2024
East,Webcam,6692,70,February,2022
Midwest,Tablet,33216,108,March,2023
Southwest,Keyboard,8825,109,June,2023
Northeast,Phone,6112,12,August,2022
West,Laptop,29055,36,May,2024
Southeast,Monitor,14613,55,October,2023
Central,Tablet,11702,38,September,2022
Southwest,Keyboard,3632,35,March,2022
South,Phone,42172,84,July,2023
Northeast,Keyboard,7326,90,October,2023
North,Phone,40335,80,March,2024
West,Monitor,22244,85,May,2024
Southwest,Speaker,19268,93,May,2024
Midwest,Tablet,27684,90,July,2024
West,Keyboard,7698,91,May,2024
South,Mouse,1884,50,October,2023
Southwest,Webcam,4373,48,November,2024
Southwest,Mouse,1061,26,July,2023
North,Monitor,19257,76,May,2023
Southeast,Laptop,35308,44,November,2024
Midwest,Monitor,18788,73,January,2022
Southwest,Phone,38709,77,September,2024
Central,Mouse,1338,37,June,2023
Central,Headphones,7425,49,November,2023
West,Monitor,10072,37,January,2022
Northwest,Printer,16653,55,April,2023
East,Tablet,29406,98,October,2023
Northwest,Headphones,11670,75,September,2023
Midwest,Monitor,26503,106,February,2024
North,Printer,26498,87,February,2022
West,Keyboard,3720,46,May,2024
South,Mouse,1038,16,April,2022
South,Headphones,11194,72,January,2023
Southwest,Phone,53267,105,November,2024
Southwest,Mouse,2928,72,December,2024
Southeast,Mouse,2351,60,July,2023
East,Printer,9423,29,December,2022
West,Printer,13027,42,June,2022
East,Webcam,2408,17,October,2022
East,Speaker,14874,73,March,2024
Southeast,Mouse,1291,15,April,2024
South,Webcam,3905,35,March,2022
Southwest,Webcam,8359,92,August,2022
Southwest,Headphones,12058,79,February,2022
South,Laptop,55582,69,September,2022
Northeast,Phone,18051,35,February,2023
West,Speaker,21752,108,July,2022
West,Monitor,6069,24,October,2023
Midwest,Webcam,6556,69,November,2022
Midwest,Webcam,6571,69,August,2024
South,Phone,5746,11,December,2022
Northwest,Printer,23945,78,December,2022
Midwest,Keyboard,2207,23,September,2022
Midwest,Laptop,74495,93,January,2024
East,Printer,31206,103,November,2022
Southwest,Keyboard,5472,62,August,2024
West,Phone,10056,19,December,2022
Southeast,Laptop,68167,85,February,2022
Southeast,Keyboard,6028,74,June,2024
Northwest,Keyboard,8747,107,October,2024
West,Phone,44829,88,April,2023
Southeast,Monitor,26942,106,December,2022
Northeast,Keyboard,4645,48,July,2022
Midwest,Speaker,21633,107,July,2023
North,Headphones,16712,107,March,2024
Northwest,Phone,36547,72,November,2024
Northwest,Printer,16538,52,April,2024
East,Mouse,1503,17,April,2022
Midwest,Printer,18678,62,October,2022
East,Speaker,5205,25,January,2022
West,Headphones,13623,88,April,2023
Northwest,Laptop,46628,58,May,2022
Central,Phone,18481,36,October,2023
West,Keyboard,2684,22,May,2024
Northwest,Mouse,3312,88,May,2022
Southeast,Mouse,1272,39,December,2022
Central,Tablet,11178,34,August,2022
South,Printer,30157,98,April,2024
Southeast,Laptop,19226,24,June,2024
Northwest,Speaker,13201,65,February,2023
Midwest,Monitor,3576,14,July,2022
Southeast,Keyboard,8526,96,July,2022
Central,Keyboard,2636,28,August,2022
West,Laptop,48071,59,January,2024
Midwest,Tablet,4522,14,May,2022
Southwest,Webcam,3158,33,May,2024
South,Printer,15677,51,December,2024
Northeast,Monitor,22860,89,March,2023
East,Headphones,7645,50,October,2022
Northwest,Keyboard,8919,106,November,2023
Central,Speaker,14457,69,January,2022
Northeast,Laptop,70177,87,December,2022
Midwest,Printer,20124,67,March,2022
West,Monitor,23707,93,September,2022
South,Tablet,10562,32,June,2024
Northwest,Mouse,825,27,July,2023
Southwest,Laptop,85646,106,March,2023
North,Phone,53402,106,December,2022
West,Speaker,4261,19,February,2023
Southeast,Printer,15059,48,January,2023
Central,Mouse,1427,27,February,2023
Midwest,Mouse,2910,75,December,2024
Northwest,Monitor,6893,24,August,2024
Southeast,Tablet,5652,16,April,2022
Southeast,Mouse,3298,107,February,2024
East,Keyboard,5395,58,April,2024
Southwest,Monitor,17168,68,September,2023
Northeast,Mouse,2679,57,November,2023
Northwest,Tablet,30348,99,March,2024
South,Monitor,6196,22,July,2024
Northwest,Speaker,6092,30,July,2023
West,Mouse,931,30,April,2022
North,Printer,23966,79,February,2022
North,Monitor,24224,94,October,2022
Northeast,Speaker,17599,83,May,2022
Northeast,Monitor,4471,14,March,2024
West,Webcam,8717,86,October,2022
Northeast,Speaker,18451,88,July,2024
Northwest,Printer,8116,25,April,2024
Northwest,Speaker,10252,51,May,2023
Northwest,Monitor,10353,38,January,2023
Northwest,Keyboard,2606,23,December,2022
Southwest,Monitor,19695,75,August,2024
West,Printer,20666,67,April,2024
Southwest,Monitor,17590,67,December,2023
North,Laptop,86057,107,June,2022
Northeast,Keyboard,7429,85,December,2023
East,Phone,32728,64,January,2022
Southwest,Webcam,3530,36,July,2022
South,Keyboard,7395,81,January,2024
Northeast,Speaker,5799,26,September,2022
Southwest,Headphones,8572,57,October,2024
Northeast,Speaker,21827,106,February,2024
Midwest,Headphones,15525,99,February,2022
Southeast,Headphones,2991,18,April,2024
South,Keyboard,976,10,June,2024
South,Printer,6140,20,February,2023
Midwest,Phone,8745,16,August,2023
Southeast,Keyboard,5417,56,October,2022
Southwest,Printer,32869,107,July,2024
North,Monitor,27118,108,February,2022
Northeast,Tablet,18114,59,June,2024
Midwest,Headphones,12819,85,December,2023
Midwest,Webcam,9321,93,February,2022
Central,Mouse,2269,55,August,2023
East,Mouse,2009,43,January,2022
South,Phone,29880,58,November,2022
Northeast,Keyboard,7098,84,December,2023
Southwest,Headphones,3329,19,November,2023
South,Phone,19406,38,August,2022
South,Mouse,2746,71,June,2022
Midwest,Printer,10271,31,April,2023
East,Monitor,25630,101,May,2024
Southwest,Speaker,17091,85,December,2024
Northeast,Monitor,22026,86,December,2024
South,Keyboard,5930,70,October,2024
Northwest,Keyboard,3829,37,May,2023
Southwest,Keyboard,4416,52,April,2022
Northeast,Webcam,9631,107,December,2023
East,Phone,31419,61,October,2023
East,Phone,24998,48,June,2022
North,Keyboard,8176,96,July,2023
East,Monitor,8942,32,May,2022
Northwest,Laptop,27202,33,September,2024
Southeast,Phone,16962,33,July,2024
Northeast,Webcam,8216,82,September,2022
Southwest,Headphones,10072,63,March,2022
South,Keyboard,2717,26,January,2023
North,Webcam,7594,76,September,2022
South,Printer,21521,69,May,2023
Northeast,Phone,31978,62,March,2023
North,Keyboard,3279,30,October,2024
North,Speaker,20672,101,August,2022
Southeast,Monitor,13848,53,August,2024
Central,Keyboard,3578,43,July,2024
Midwest,Monitor,25721,101,September,2024
Southeast,Laptop,9502,11,December,2024
Midwest,Printer,31406,104,September,2023
Midwest,Keyboard,5846,61,October,2023
Northwest,Printer,4221,14,December,2023
Midwest,Printer,28310,92,May,2023
North,Laptop,16336,20,September,2023
Northeast,Keyboard,3290,30,October,2023
Central,Keyboard,4203,48,October,2022
East,Webcam,4125,45,February,2024
West,Printer,9911,30,January,2023
Midwest,Mouse,2593,82,November,2024
North,Monitor,10863,43,December,2024
Northeast,Phone,11580,23,April,2024
North,Keyboard,7679,87,December,2023
Midwest,Webcam,8665,95,September,2022
Northwest,Printer,18206,58,November,2024
North,Mouse,905,27,November,2024
North,Phone,51098,101,September,2023
Northwest,Phone,28435,55,September,2024
West,Headphones,6539,40,October,2024
Northwest,Laptop,65540,81,September,2023
Northwest,Keyboard,5697,69,February,2022
Northeast,Mouse,2816,73,December,2022
Northwest,Monitor,17614,70,January,2023
South,Monitor,3284,12,November,2022
East,Tablet,17142,56,November,2024
East,Speaker,10790,51,July,2022
Northeast,Mouse,3791,95,December,2024
South,Mouse,3280,109,November,2022
East,Monitor,10067,40,July,2024
Midwest,Printer,20254,65,November,2022
North,Monitor,25612,101,December,2024
North,Tablet,22232,74,February,2022
Southwest,Laptop,55307,68,August,2022
West,Printer,5785,16,March,2022
Central,Phone,53913,107,October,2022
Midwest,Webcam,6001,61,September,2024
Southwest,Printer,14072,46,September,2022
Northeast,Phone,14950,29,February,2023
Midwest,Monitor,22135,86,November,2023
East,Printer,8507,26,February,2022
Southwest,Monitor,18517,74,December,2023
Central,Speaker,14874,72,August,2023
South,Speaker,17668,88,July,2024
West,Headphones,7414,47,February,2023
Southwest,Printer,29208,96,August,2024
Northwest,Monitor,3139,12,December,2023
Southeast,Keyboard,6274,69,October,2023
West,Keyboard,1805,17,September,2024
Northwest,Headphones,12125,78,July,2023
Midwest,Monitor,21542,86,March,2022
Northwest,Webcam,10032,102,September,2024
Northeast,Mouse,1607,26,November,2023
West,Keyboard,4566,45,February,2023
Southeast,Monitor,2943,11,September,2023
Northwest,Laptop,80851,101,June,2024
Northwest,Tablet,16057,53,November,2024
Southwest,Speaker,20055,97,March,2024
Northwest,Phone,23875,47,January,2023
Central,Webcam,6361,70,October,2023
Midwest,Keyboard,5945,63,February,2024
South,Printer,15693,51,March,2022
Southwest,Mouse,3055,99,July,2023
East,Webcam,3364,29,October,2024
South,Printer,31609,105,August,2023
North,Keyboard,6449,72,September,2022
Central,Mouse,4177,109,July,2024
Northeast,Monitor,7448,28,February,2024
Central,Webcam,5128,54,March,2022
Central,Phone,32494,64,November,2022
North,Laptop,66212,82,February,2023
West,Webcam,7075,76,April,2023
Midwest,Tablet,7993,26,July,2024
West,Tablet,19440,63,June,2024
West,Monitor,9540,36,July,2023
Southeast,Mouse,2838,81,May,2022
Southeast,Phone,54966,108,February,2022
South,Webcam,1442,13,February,2023
Midwest,Webcam,2739,29,October,2024
Northeast,Phone,21882,43,December,2024
Southwest,Monitor,7348,28,October,2022
Northwest,Speaker,17768,87,November,2024
West,Keyboard,8213,93,September,2023
South,Webcam,5510,55,December,2023
Southwest,Mouse,3106,90,May,2024
Northwest,Headphones,7562,45,January,2022
Southwest,Laptop,84067,104,January,2022
Northwest,Printer,19797,63,March,2022
South,Mouse,1466,32,November,2022
Southwest,Laptop,58531,73,March,2024
Central,Phone,10381,20,November,2022
East,Tablet,30228,99,October,2024
North,Webcam,7996,85,November,2023
East,Laptop,47278,59,August,2024
Northwest,Tablet,14097,46,February,2023
Central,Speaker,16849,80,August,2023
Southeast,Headphones,11132,72,June,2024
Central,Keyboard,7806,88,July,2024
North,Monitor,19069,75,June,2024
North,Mouse,2970,88,June,2023
Southwest,Monitor,24419,95,July,2023
Southwest,Webcam,9763,98,July,2022
East,Monitor,10785,40,September,2024
Northwest,Printer,18064,57,November,2024
East,Keyboard,9398,107,August,2023
Central,Keyboard,5673,69,March,2022
Northeast,Printer,14822,49,October,2024
Northeast,Tablet,4220,14,October,2024
Midwest,Mouse,1037,11,July,2022
North,Printer,30751,102,July,2023
Midwest,Printer,5135,14,January,2024
East,Tablet,24552,81,May,2024
West,Monitor,24989,98,October,2022
Midwest,Webcam,3399,34,August,2023
Northwest,Speaker,8230,37,March,2023
Midwest,Webcam,4946,46,October,2022
North,Monitor,8071,29,September,2023
Northeast,Webcam,4999,53,March,2022
Northwest,Mouse,3319,84,November,2022
North,Mouse,2606,78,August,2022
North,Mouse,2752,61,May,2024
Southwest,Headphones,13625,89,November,2024
East,Speaker,11625,54,April,2022
Midwest,Laptop,64854,80,February,2024
North,Printer,23495,75,July,2024
Midwest,Tablet,18666,59,April,2023
South,Keyboard,7130,78,August,2024
North,Monitor,16807,66,February,2024
Central,Printer,14639,47,June,2023
Southeast,Speaker,19794,95,June,2022
Midwest,Webcam,2796,23,March,2022
Northeast,Keyboard,9705,109,January,2024
Northeast,Keyboard,2615,23,May,2024
South,Speaker,8008,39,May,2023
Southeast,Laptop,31671,39,December,2022
East,Mouse,1525,40,February,2023
Southeast,Mouse,3163,77,June,2023
South,Laptop,69614,87,December,2023
North,Mouse,717,16,March,2022
Northeast,Headphones,13716,91,April,2024
Northwest,Phone,8138,16,April,2023
West,Tablet,16651,54,January,2023
East,Printer,21892,70,June,2022
West,Phone,53842,107,May,2022
East,Printer,25492,84,February,2023
Southwest,Monitor,22650,87,January,2024
West,Webcam,4404,42,March,2023
Central,Tablet,24679,80,March,2024
Southwest,Tablet,21684,71,August,2022
North,Speaker,18711,92,May,2023
Midwest,Speaker,9344,44,August,2024
Southeast,Printer,25787,84,June,2022
East,Webcam,5383,58,April,2023
East,Tablet,29914,97,October,2024
North,Printer,26483,88,November,2023
Northwest,Headphones,12356,81,November,2023
Midwest,Phone,36922,72,December,2024
South,Phone,10027,20,July,2022
Northeast,Speaker,17995,89,April,2022
South,Headphones,14465,93,September,2024
Central,Keyboard,9103,105,April,2024
South,Mouse,1870,47,March,2024
Southwest,Keyboard,5730,71,March,2022
Northeast,Keyboard,6191,69,December,2022
Southwest,Speaker,20868,102,February,2022
North,Speaker,20658,100,December,2024
South,Phone,33043,66,May,2023
West,Headphones,5090,31,June,2023
Northwest,Headphones,16852,106,July,2022
Central,Laptop,31822,39,June,2024
East,Tablet,13480,44,August,2022
Southeast,Speaker,20363,97,January,2023
Southwest,Keyboard,7888,93,August,2023
Southeast,Phone,25477,49,September,2024
Northwest,Webcam,5224,54,February,2023
Southwest,Printer,28943,96,March,2023
Central,Phone,28924,56,October,2022
Midwest,Mouse,3671,105,November,2024
Northeast,Mouse,3277,79,November,2024
West,Webcam,1864,18,July,2023
West,Speaker,6850,30,April,2024
Central,Tablet,32538,108,November,2023
West,Tablet,6688,20,November,2022
North,Speaker,3971,16,March,2023
East,Phone,54911,108,February,2023
West,Webcam,3985,36,August,2022
South,Webcam,8464,91,June,2024
Southeast,Headphones,7584,44,January,2023
West,Laptop,73100,91,April,2023
Southeast,Tablet,9212,30,August,2022
East,Mouse,2850,85,September,2023
Northwest,Webcam,1711,17,April,2022
Northwest,Laptop,48051,60,December,2022
South,Keyboard,7729,90,April,2023
East,Phone,38865,77,January,2022
Northeast,Tablet,14485,47,March,2022
Northwest,Phone,12433,23,March,2022
Central,Keyboard,8147,95,January,2024
Central,Printer,17295,55,April,2022
East,Monitor,14604,55,December,2023
Southwest,Mouse,1914,55,July,2024
Midwest,Keyboard,1801,13,September,2023
Northeast,Speaker,6894,31,December,2024
Northwest,Headphones,4680,31,June,2024
South,Phone,38093,75,October,2022
South,Printer,31960,104,January,2022
Central,Mouse,1019,19,January,2022
Central,Tablet,19069,61,August,2022
Southeast,Keyboard,7281,86,June,2024
Central,Phone,17129,33,July,2024
Southwest,Webcam,8196,82,October,2023
Northeast,Tablet,15426,49,September,2022
Central,Mouse,1575,32,November,2022
Central,Mouse,503,10,July,2023
Northwest,Laptop,65014,81,October,2023
East,Mouse,2839,69,August,2024
Southeast,Laptop,12155,15,July,2023
Northwest,Phone,27729,55,December,2022
South,Speaker,15773,78,April,2024
East,Mouse,3543,92,September,2024
South,Keyboard,5095,55,September,2022
Southwest,Printer,23653,76,July,2023
North,Laptop,27211,33,September,2024
Central,Speaker,14306,69,May,2023
Southeast,Tablet,10237,32,February,2022
Northeast,Mouse,2356,68,September,2023
South,Mouse,3327,85,September,2024
Southeast,Printer,11552,38,January,2022
Central,Monitor,6376,22,February,2022
West,Printer,30066,97,June,2023
Southwest,Phone,5783,10,January,2022
Northwest,Laptop,41383,51,September,2023
Northeast,Keyboard,8421,94,March,2022
South,Speaker,21535,106,November,2022
Northeast,Keyboard,2678,28,December,2023
West,Printer,10037,32,April,2022
West,Laptop,57035,71,April,2024
West,Keyboard,1302,15,November,2023
Midwest,Keyboard,7995,91,July,2022
Southeast,Laptop,42623,53,August,2024
Northeast,Printer,33245,109,January,2022
West,Speaker,15288,75,October,2022
Northeast,Laptop,77301,96,March,2022
Southeast,Mouse,1621,46,August,2022
Southwest,Phone,32855,65,September,2024
Central,Headphones,6682,38,December,2024
Southwest,Phone,31839,63,January,2024
Southeast,Keyboard,6905,83,April,2022
Northeast,Monitor,19872,79,April,2024
West,Printer,27238,88,April,2022
West,Webcam,4704,46,April,2024
East,Phone,18808,36,February,2024
North,Speaker,5840,25,October,2023
South,Phone,7170,14,April,2022
Northwest,Phone,16100,32,November,2024
Southwest,Laptop,20883,25,December,2022
East,Mouse,1103,15,March,2024
West,Webcam,9404,99,April,2023
Northwest,Phone,8719,16,July,2024
South,Phone,7885,14,April,2022
East,Speaker,21177,102,August,2022
West,Headphones,5527,33,March,2024
Southwest,Webcam,5669,53,November,2022
Southwest,Headphones,14429,93,February,2023
Southeast,Speaker,2364,11,October,2022
Northeast,Headphones,11220,74,December,2022
East,Laptop,13025,16,May,2023
Midwest,Mouse,2960,68,October,2024
Midwest,Keyboard,9461,106,October,2022
Southeast,Printer,20994,67,April,2024
West,Speaker,5647,25,June,2023
Central,Printer,10245,31,April,2023
South,Mouse,1437,45,June,2022
Central,Mouse,1537,22,April,2022
North,Headphones,16735,108,December,2024
West,Mouse,2985,99,March,2023
Northwest,Printer,10242,34,February,2022
North,Laptop,28135,34,June,2023
Central,Monitor,22034,88,April,2022
Northeast,Headphones,16004,103,October,2022
Midwest,Tablet,3843,12,September,2024
Northwest,Phone,10350,20,October,2024
East,Mouse,569,15,August,2022
Midwest,Laptop,52283,65,March,2024
West,Speaker,21986,109,September,2024
East,Webcam,6151,59,February,2023
Northeast,Tablet,29727,98,February,2023
Midwest,Printer,11117,35,November,2023
Northwest,Mouse,3683,105,April,2024
North,Mouse,2010,60,October,2024
Midwest,Webcam,6200,60,May,2022
West,Phone,31616,62,July,2022
Central,Speaker,7709,36,April,2024
South,Headphones,12012,76,November,2023
West,Monitor,3248,11,April,2022
North,Mouse,2800,68,February,2024
Central,Laptop,27378,34,August,2022
Northwest,Phone,23670,47,June,2023
Northeast,Tablet,10395,34,May,2022
Southeast,Phone,20088,40,May,2023
Northeast,Webcam,1681,17,May,2023
Northeast,Speaker,22715,109,September,2024
North,Monitor,27678,107,June,2024
Southeast,Tablet,24672,80,February,2024
Midwest,Headphones,7416,44,March,2024
Southeast,Monitor,20844,81,September,2024
Southeast,Tablet,17798,56,December,2023
Northwest,Webcam,9661,106,July,2023
Southwest,Printer,24849,80,June,2022
Northeast,Tablet,7930,25,December,2022
East,Printer,26135,87,August,2023
Northeast,Speaker,20416,100,November,2023
East,Phone,30605,61,February,2023
Northeast,Headphones,7863,51,August,2024
Southwest,Webcam,5510,54,August,2023
South,Webcam,7292,75,May,2022
South,Monitor,26918,104,May,2024
South,Headphones,10723,66,October,2023
Northeast,Phone,49790,98,June,2022
Southwest,Keyboard,9365,109,January,2024
East,Speaker,12548,62,June,2022
East,Monitor,12514,47,September,2024
Southeast,Keyboard,4404,51,December,2024
Northeast,Webcam,4769,42,January,2023
Northwest,Printer,24684,81,March,2024
East,Keyboard,9212,104,October,2022
Central,Phone,50883,100,October,2024
West,Webcam,7154,79,September,2022
Midwest,Phone,37168,74,June,2023
West,Keyboard,2866,29,June,2023
North,Monitor,13186,51,August,2023
Northeast,Webcam,4443,47,September,2024
Midwest,Keyboard,4315,52,March,2024
Southwest,Webcam,5704,63,July,2023
Southeast,Laptop,61823,77,December,2022
Midwest,Monitor,23354,92,November,2022
Central,Webcam,6898,71,December,2023
North,Mouse,1345,14,January,2024
East,Mouse,1372,33,December,2023
Central,Webcam,6415,64,November,2024
North,Printer,20589,66,October,2023
East,Speaker,14376,69,November,2024
Northwest,Headphones,8692,56,February,2022
West,Keyboard,2214,19,January,2023
North,Monitor,25502,99,December,2024
East,Tablet,3710,10,March,2022
Midwest,Mouse,3189,86,June,2023
Southeast,Headphones,8413,53,July,2022
Central,Tablet,18941,63,December,2022
North,Monitor,11096,43,October,2022
Southeast,Keyboard,7955,95,July,2022
Southwest,Mouse,1693,56,March,2024
Northwest,Webcam,2265,17,June,2022
Central,Mouse,3424,96,March,2024
Northeast,Tablet,3591,11,January,2024
South,Keyboard,1368,11,September,2023
Central,Phone,31251,62,June,2024
North,Mouse,3600,93,May,2022
Central,Headphones,16391,104,July,2023
Midwest,Laptop,84075,104,November,2022
Southwest,Laptop,63905,79,March,2022
North,Mouse,1131,25,February,2022
Northeast,Mouse,2325,61,March,2023
Northeast,Headphones,9036,58,March,2023
Midwest,Laptop,65827,82,April,2023
Southeast,Mouse,3733,101,July,2024
Southwest,Monitor,9918,39,July,2024
Central,Headphones,2665,16,November,2023
Southeast,Mouse,3035,68,October,2022
West,Tablet,10153,32,June,2023
Northeast,Headphones,3178,19,April,2022
Central,Monitor,20170,79,March,2024
West,Tablet,25477,82,November,2024
Southwest,Webcam,8814,93,April,2022
Central,Webcam,7243,73,May,2024
South,Webcam,7332,81,November,2024
Central,Speaker,13139,63,October,2022
Southeast,Headphones,13497,88,January,2022
West,Webcam,2138,23,July,2023
Southwest,Phone,27937,55,January,2023
Central,Webcam,3347,36,August,2022
Northeast,Printer,16392,52,July,2023
North,Headphones,6013,37,January,2023
Northwest,Headphones,2315,15,August,2023
South,Phone,42841,84,June,2024
Southwest,Keyboard,5084,55,July,2023
East,Webcam,5397,49,May,2023
Central,Laptop,10895,13,November,2022
South,Monitor,15365,59,January,2022
North,Phone,47652,94,April,2023
South,Laptop,79578,99,February,2024
Southeast,Webcam,2626,27,October,2023
West,Tablet,3601,10,April,2022
Southwest,Webcam,4932,49,July,2024
Southeast,Webcam,2983,31,July,2023
Midwest,Monitor,24260,94,February,2023
Northwest,Printer,11103,37,October,2022
Midwest,Laptop,11817,14,March,2022
Southwest,Tablet,9244,28,November,2023
Southwest,Speaker,7840,38,April,2022
Northeast,Webcam,2905,28,November,2024
West,Webcam,2132,21,September,2024
Northeast,Webcam,5196,54,July,2023
Southeast,Tablet,5290,15,February,2023
Central,Tablet,32179,107,August,2024
Central,Keyboard,3637,35,April,2024
Southeast,Printer,30677,101,January,2022
Central,Webcam,8847,95,October,2023
West,Printer,7140,22,April,2023
Midwest,Laptop,25636,32,November,2023
South,Phone,40622,81,October,2022
East,Speaker,14659,72,September,2023
South,Headphones,9125,57,May,2023
Southwest,Speaker,22162,107,October,2023
Southwest,Speaker,17278,82,April,2024
Northeast,Mouse,3098,83,November,2022
Southwest,Monitor,9974,37,July,2022
West,Mouse,1496,37,October,2023
Southwest,Webcam,7110,75,September,2024
Northwest,Webcam,4709,42,August,2023
North,Headphones,7371,43,June,2022
Northwest,Webcam,2544,25,July,2023
Midwest,Speaker,5615,26,July,2023
Southeast,Phone,43902,87,November,2024
Central,Headphones,2319,15,June,2023
Midwest,Tablet,8257,26,April,2023
East,Monitor,24955,98,January,2022
South,Laptop,55313,68,January,2023
East,Phone,18800,37,July,2024
South,Keyboard,4280,51,February,2022
West,Phone,15886,30,July,2022
Midwest,Laptop,34415,42,December,2024
Northwest,Printer,28722,93,February,2022
South,Monitor,26210,104,November,2024
Southeast,Webcam,2046,14,October,2024
Northwest,Mouse,2812,61,September,2024
Southwest,Webcam,9045,94,April,2024
Northwest,Phone,20668,41,May,2022
Northwest,Keyboard,5923,69,December,2023
North,Printer,26349,86,November,2022
Southwest,Headphones,14342,95,March,2022
North,Monitor,5559,20,August,2024
Central,Phone,48714,96,January,2024
West,Printer,8673,26,March,2022
Northwest,Speaker,7274,36,December,2023
Northwest,Printer,15949,53,November,2023
West,Phone,22644,44,April,2023
Southwest,Keyboard,3627,35,February,2023
Midwest,Laptop,54500,68,September,2023
South,Keyboard,4847,52,June,2022
Northwest,Printer,4305,12,October,2023
East,Printer,15192,48,November,2022
Southeast,Tablet,23196,77,February,2024
North,Keyboard,2606,26,June,2022
East,Monitor,5183,20,April,2023
North,Laptop,10340,12,August,2023
East,Speaker,16629,80,June,2023
Southeast,Monitor,15876,62,May,2024
West,Keyboard,7284,79,December,2022
North,Phone,9265,17,May,2022
Northeast,Webcam,2702,21,May,2024
North,Laptop,11521,14,December,2024
Midwest,Monitor,4348,16,February,2022
Southeast,Monitor,5259,19,October,2023
Southeast,Phone,52355,103,December,2022
North,Keyboard,6982,77,April,2023
Central,Tablet,4292,12,February,2023
West,Phone,5837,11,May,2023
Southeast,Laptop,59217,73,January,2024
North,Printer,28337,92,August,2024
Central,Headphones,2033,13,July,2023
Northeast,Phone,53303,106,April,2023
Southwest,Laptop,17900,22,December,2022
Central,Printer,16189,53,May,2023
North,Speaker,10583,51,December,2023
Southeast,Webcam,4082,35,July,2023
Southwest,Speaker,3760,14,March,2024
West,Tablet,19165,63,August,2022
Northwest,Speaker,16364,79,January,2023
Southeast,Mouse,3398,93,January,2022
Midwest,Speaker,13041,63,December,2023
North,Mouse,1235,34,May,2024
Southwest,Mouse,722,17,September,2023
Central,Monitor,17821,70,September,2022
Southeast,Printer,20277,65,December,2023
Midwest,Mouse,1188,38,December,2023
Midwest,Mouse,1915,54,January,2024
Central,Tablet,26990,87,March,2023
South,Laptop,45064,56,July,2022
Southeast,Monitor,13408,51,December,2023
Northeast,Phone,30888,60,September,2022
Northwest,Printer,8974,27,October,2022
Northeast,Phone,19082,37,October,2024
Southwest,Mouse,3543,93,March,2024
Northeast,Monitor,25001,99,December,2024
Midwest,Headphones,15938,104,June,2022
North,Speaker,20777,100,April,2023
North,Speaker,14926,73,July,2023
North,Printer,9516,31,December,2023
South,Headphones,6625,40,May,2023
North,Monitor,13725,53,November,2022
East,Tablet,19878,66,April,2024
Northwest,Printer,32936,107,September,2022
West,Tablet,22901,76,February,2023
Northwest,Webcam,4162,37,April,2022
East,Tablet,3840,12,July,2023
East,Speaker,17424,84,July,2024
Southwest,Mouse,1512,44,August,2022
South,Phone,23139,45,January,2023
Southeast,Speaker,4380,21,October,2022
South,Laptop,58509,73,November,2023
West,Monitor,5209,18,May,2024
South,Mouse,2807,68,November,2022
Northwest,Webcam,5260,51,November,2024
Central,Speaker,6886,31,March,2023
South,Speaker,9519,43,August,2024
Southeast,Webcam,2695,23,April,2022
Midwest,Phone,20913,40,January,2024
North,Phone,28040,55,October,2022
Midwest,Headphones,3512,17,December,2022
Midwest,Monitor,5162,19,August,2022
Southeast,Keyboard,8647,96,April,2024
North,Printer,22237,71,April,2024
West,Phone,53172,105,August,2024
East,Printer,21321,70,May,2024
Northeast,Mouse,1574,31,October,2023
Midwest,Webcam,9701,97,February,2023
North,Mouse,2252,67,August,2023
Northeast,Phone,35079,69,January,2022
Midwest,Headphones,8397,52,April,2023
Northeast,Laptop,57695,71,February,2024
East,Webcam,4983,51,October,2022
West,Tablet,5634,17,August,2023
Central,Tablet,25876,85,January,2024
West,Speaker,19890,99,January,2023
East,Printer,31815,106,October,2023
Southeast,Phone,49496,97,December,2023
North,Headphones,2645,14,January,2024
Northwest,Printer,21882,71,May,2022
Midwest,Keyboard,6674,82,May,2022
South,Mouse,1750,30,March,2022
Southeast,Keyboard,2203,24,December,2024
Northwest,Headphones,12729,82,September,2022
Midwest,Headphones,5158,31,March,2024
Northwest,Headphones,6770,43,March,2023
North,Monitor,21662,85,August,2024
Central,Speaker,18552,88,November,2024
North,Monitor,20620,80,June,2022
North,Mouse,2469,62,May,2022
East,Headphones,6850,41,April,2024
Central,Mouse,3159,87,November,2024
North,Monitor,3530,13,April,2024
East,Phone,19102,38,January,2023
Central,Laptop,36953,46,July,2024
Southwest,Monitor,24861,98,March,2024
South,Mouse,3600,90,December,2023
Midwest,Mouse,1100,21,May,2023
Southwest,Headphones,9087,60,August,2022
Midwest,Printer,31882,106,January,2023
South,Mouse,3233,102,August,2024
Northwest,Speaker,2182,10,March,2024
Southwest,Mouse,1173,25,February,2023
South,Speaker,18538,88,October,2022
North,Tablet,18897,60,December,2024
Southwest,Printer,21053,68,November,2024
Southeast,Laptop,35250,43,July,2024
Southwest,Laptop,56738,70,April,2023
Midwest,Tablet,10281,32,May,2023
West,Phone,28533,56,February,2023
East,Laptop,11915,14,March,2023
Southwest,Laptop,86503,107,September,2022
Midwest,Tablet,6765,21,February,2023
Southeast,Phone,10557,20,May,2023
East,Laptop,32305,40,March,2024
Northwest,Laptop,54695,68,May,2023
Midwest,Phone,22867,45,August,2022
Northwest,Monitor,18775,74,October,2024
North,Keyboard,4364,46,December,2022
West,Keyboard,3802,43,August,2022
East,Mouse,1706,35,May,2023
Central,Phone,23281,45,October,2024
East,Tablet,29921,97,October,2022
South,Tablet,10832,33,February,2023
Southwest,Tablet,10110,33,August,2023
Southwest,Printer,18005,58,July,2022
Southeast,Speaker,14100,66,June,2024
Midwest,Tablet,29183,96,October,2022
North,Keyboard,6331,76,November,2023
Northeast,Monitor,27363,109,May,2022
Northeast,Keyboard,2576,23,April,2023
Northeast,Monitor,26877,107,April,2022
Northwest,Webcam,10236,103,June,2024
Southwest,Headphones,7721,48,July,2022
East,Tablet,22481,74,July,2023
Southwest,Headphones,10648,66,February,2022
Northeast,Phone,21423,42,January,2024
Northwest,Speaker,21777,107,November,2023
Southeast,Headphones,15999,105,May,2022
West,Monitor,4586,16,November,2022
Northwest,Webcam,2221,21,June,2023
Midwest,Monitor,22925,91,February,2022
Northeast,Mouse,671,15,April,2023
Northwest,Speaker,11471,54,February,2023
Northeast,Mouse,2808,84,May,2024
Midwest,Speaker,10718,49,April,2022
Southeast,Speaker,15491,75,September,2024
Midwest,Mouse,1936,47,February,2024
Southwest,Keyboard,7419,92,May,2024
North,Laptop,54574,68,November,2023
Northeast,Laptop,79921,99,October,2024
Northwest,Laptop,18234,22,August,2023
Northeast,Tablet,7886,26,January,2023
Northeast,Printer,25728,84,September,2022
West,Headphones,15924,105,November,2023
Northwest,Webcam,5312,54,April,2023
Southwest,Laptop,46781,58,March,2023
Northeast,Mouse,1490,42,November,2024
Northeast,Tablet,31964,105,December,2022
South,Phone,23892,46,June,2022
Southwest,Speaker,14845,71,June,2022
Northwest,Mouse,3013,80,November,2024
Northeast,Headphones,13273,87,March,2023
Midwest,Keyboard,2286,22,October,2023
Central,Headphones,12540,81,January,2024
West,Printer,7378,24,March,2022
Northeast,Keyboard,6234,73,December,2023
North,Webcam,6335,64,August,2022
Northwest,Printer,31205,102,December,2023
Northeast,Mouse,2710,80,March,2024
Midwest,Monitor,17265,67,June,2022
Central,Laptop,9001,11,April,2022
Southwest,Headphones,15989,100,May,2023
Southeast,Mouse,2558,63,June,2023
North,Laptop,84262,105,April,2022
Northwest,Mouse,3221,93,March,2022
West,Monitor,10865,41,December,2022
Central,Phone,40414,79,January,2023
East,Webcam,7068,69,August,2024
West,Monitor,23840,92,June,2023
North,Phone,22225,44,June,2022
Southwest,Phone,15307,29,September,2022
South,Speaker,16386,79,October,2023
South,Keyboard,3040,33,May,2023
Southeast,Phone,24223,47,December,2024
Midwest,Laptop,21174,26,January,2024
Northeast,Headphones,13336,85,October,2022
East,Laptop,36367,45,November,2022
Midwest,Tablet,26099,84,August,2022
Southeast,Keyboard,2513,25,November,2022
Central,Headphones,12086,79,April,2024
South,Tablet,14364,45,December,2024
West,Phone,14942,29,June,2024
West,Printer,28895,96,January,2023
Northwest,Laptop,55783,69,June,2024
Northeast,Webcam,3142,31,April,2024
North,Speaker,12175,58,January,2024
South,Keyboard,1946,15,May,2023
North,Keyboard,4663,48,October,2024
North,Laptop,18953,23,November,2023
East,Webcam,9761,104,July,2022
South,Keyboard,8244,91,November,2023
Northwest,Laptop,82042,102,March,2023
North,Monitor,23679,93,July,2023
East,Tablet,24873,81,May,2023
Midwest,Speaker,15412,74,October,2024
Northeast,Monitor,4111,14,March,2023
Northwest,Phone,30442,60,May,2022
East,Webcam,4408,39,March,2024
Midwest,Phone,37286,74,June,2022
Northeast,Printer,31564,102,April,2022
Central,Monitor,27191,108,April,2022
Central,Tablet,21832,72,June,2022
Northeast,Speaker,16688,83,August,2024
East,Webcam,1987,11,August,2024
East,Keyboard,4954,54,December,2022
Southeast,Keyboard,7394,87,November,2024
Southeast,Laptop,72268,90,November,2024
North,Phone,23769,47,December,2023
Northwest,Webcam,4470,46,December,2024
West,Headphones,14445,92,July,2024
South,Printer,15906,50,April,2024
South,Laptop,26742,33,November,2022
North,Keyboard,5085,61,September,2022
Northwest,Laptop,81595,101,June,2022
Southeast,Mouse,1695,52,December,2024
Midwest,Laptop,61161,76,August,2024
Central,Keyboard,9235,108,May,2023
West,Tablet,24966,82,August,2022
Northeast,Webcam,7920,77,October,2023
North,Printer,31087,102,April,2023
Northwest,Speaker,10811,52,August,2023
East,Phone,46475,91,March,2022
Southeast,Laptop,83352,104,May,2024
West,Laptop,24965,30,July,2022
North,Speaker,20013,99,July,2024
West,Phone,38642,77,April,2023
Southeast,Monitor,17110,65,December,2022
South,Speaker,20857,100,March,2023
Central,Laptop,37052,46,January,2024
West,Webcam,10029,105,October,2024
North,Keyboard,8161,92,March,2024
East,Webcam,7130,74,January,2022
South,Webcam,5466,58,July,2024
Midwest,Keyboard,8293,96,November,2024
West,Speaker,13390,66,January,2024
Northwest,Webcam,2926,26,January,2022
North,Mouse,1704,24,December,2024
Northeast,Mouse,2078,40,January,2024
Southeast,Phone,44636,88,September,2023
Northwest,Speaker,13192,63,August,2023
Northwest,Printer,16751,54,July,2023
Southeast,Speaker,8296,37,November,2024
East,Printer,19868,65,March,2024
North,Keyboard,1984,14,December,2023
Northeast,Headphones,12230,78,October,2024
Southeast,Tablet,8367,25,August,2023
North,Printer,31311,102,February,2022
North,Mouse,2909,69,November,2023
North,Laptop,12418,15,April,2023
West,Tablet,28744,94,August,2022
Northeast,Webcam,6275,63,November,2023
Northwest,Tablet,18530,59,April,2024
South,Webcam,6037,66,July,2022
Northwest,Phone,8388,15,November,2024
Central,Keyboard,2678,22,January,2022
Midwest,Keyboard,4852,59,December,2023
Midwest,Mouse,1235,19,December,2024
North,Mouse,979,17,August,2024
Central,Printer,11681,36,February,2024
Central,Speaker,9624,47,November,2023
North,Tablet,19057,62,September,2024
Southeast,Tablet,25089,81,March,2024
Northwest,Webcam,7250,72,November,2024
Southwest,Speaker,4942,22,April,2024
West,Keyboard,2538,21,March,2024
West,Keyboard,5686,64,May,2024
Southwest,Tablet,22044,72,March,2024
North,Headphones,12549,77,October,2024
Southeast,Webcam,7165,76,May,2023
Southwest,Headphones,14704,95,March,2023
Midwest,Monitor,23075,91,December,2024
North,Mouse,3172,93,April,2022
Northwest,Webcam,5678,57,July,2022
Midwest,Speaker,20650,101,November,2023
North,Mouse,2022,55,August,2022
South,Keyboard,5502,66,December,2024
North,Headphones,5912,36,April,2023
Southwest,Speaker,21371,104,November,2023
West,Monitor,12544,49,June,2022
Southeast,Phone,47884,95,April,2024
Northeast,Webcam,7469,72,November,2024
Northeast,Keyboard,6509,73,October,2022
Southwest,Phone,23482,45,January,2023
West,Tablet,20612,68,November,2023
East,Webcam,4644,51,March,2023
North,Printer,6525,20,July,2023
Central,Printer,14834,47,June,2022
South,Laptop,66306,82,December,2022
East,Headphones,13820,89,July,2022
West,Printer,8633,28,October,2022
Southeast,Headphones,7251,48,January,2024
Southeast,Phone,46384,91,October,2024
North,Webcam,2141,18,August,2023
South,Webcam,7608,76,July,2022
East,Monitor,27377,109,August,2023
Southwest,Printer,23807,79,November,2024
East,Tablet,7171,22,March,2024
Midwest,Headphones,10688,67,August,2023
West,Phone,5942,10,July,2024
Northwest,Webcam,6383,68,September,2022
Central,Phone,9724,18,March,2023
East,Laptop,12664,15,January,2024
Northwest,Keyboard,5713,68,August,2024
Northwest,Headphones,15295,101,March,2022
Southwest,Phone,39262,78,May,2022
Northwest,Webcam,10002,109,March,2023
Northwest,Monitor,15275,58,August,2022
Central,Phone,22188,43,July,2024
Southeast,Monitor,5984,22,August,2024
West,Headphones,3437,21,July,2024
Northwest,Headphones,15540,97,July,2024
Northwest,Mouse,1896,47,November,2023
Midwest,Webcam,9032,93,April,2024
Midwest,Mouse,3075,101,December,2022
Northwest,Tablet,7475,22,March,2024
West,Printer,12927,43,August,2022
South,Printer,18540,60,September,2023
Southeast,Headphones,2573,12,February,2024
Northeast,Tablet,16574,54,January,2023
West,Printer,13637,43,July,2024
Northwest,Webcam,3182,31,January,2022
Southeast,Laptop,54568,67,June,2022
North,Printer,10858,36,May,2022
West,Webcam,4852,48,May,2024
Midwest,Tablet,3576,10,January,2022
Midwest,Tablet,31551,102,September,2024
Southeast,Speaker,6612,30,November,2024
West,Tablet,24467,79,January,2023
South,Headphones,2611,14,April,2024
Midwest,Mouse,3163,100,July,2023
North,Speaker,7460,33,July,2024
Southeast,Headphones,1809,11,December,2022
West,Printer,13218,43,September,2023
East,Keyboard,7657,86,September,2024
Southeast,Mouse,2874,64,January,2022
South,Printer,25691,84,November,2024
South,Printer,13983,44,March,2022
North,Keyboard,4811,56,November,2024
Southeast,Speaker,9519,43,January,2023
Midwest,Printer,20621,68,December,2024
Central,Laptop,16750,20,June,2022
Northeast,Phone,51497,102,September,2023
East,Tablet,6178,18,November,2024
Northeast,Tablet,29368,96,May,2022
West,Webcam,7735,75,May,2022
East,Keyboard,3488,36,April,2023
South,Speaker,14541,68,September,2023
East,Laptop,45688,56,August,2023
West,Laptop,72960,90,April,2022
South,Webcam,997,10,January,2024
East,Speaker,8548,42,June,2022
Southwest,Speaker,2152,10,December,2022
Southeast,Webcam,9392,97,November,2023
Southwest,Keyboard,8799,109,June,2022
Northwest,Headphones,4238,24,April,2024
Southwest,Webcam,2287,16,May,2024
Southwest,Webcam,8476,91,December,2023
Northeast,Speaker,18938,91,July,2023
Southeast,Mouse,3559,95,May,2022
Midwest,Mouse,2646,59,May,2023
South,Phone,27291,54,July,2023
Northwest,Headphones,11987,78,December,2023
West,Mouse,2313,75,March,2023
East,Tablet,6403,20,August,2022
East,Headphones,3513,23,October,2024
Northeast,Printer,18501,60,June,2022
Northeast,Printer,31198,103,September,2022
East,Mouse,1650,41,August,2022
Central,Webcam,8587,94,November,2022
Northeast,Speaker,10640,52,July,2022
Central,Monitor,15582,59,November,2022
North,Tablet,8415,27,October,2023
Northeast,Mouse,3008,73,September,2022
Northeast,Monitor,22609,89,May,2022
Central,Tablet,9434,29,September,2023
Midwest,Laptop,61338,76,July,2023
North,Speaker,5741,24,October,2024
Northeast,Mouse,1293,16,October,2023
South,Mouse,836,24,April,2024
North,Tablet,15181,50,October,2024
Northeast,Headphones,15452,103,May,2023
Southeast,Headphones,5702,36,December,2023
Southeast,Webcam,3031,29,January,2023
Southwest,Phone,28313,56,September,2024
Northwest,Monitor,8587,31,March,2023
South,Mouse,2154,60,July,2023
Central,Headphones,11338,69,January,2024
Northeast,Headphones,6630,43,July,2024
Midwest,Headphones,2636,11,August,2023
North,Webcam,6122,59,December,2024
Southeast,Laptop,70198,87,October,2022
East,Phone,11767,22,November,2023
Northeast,Mouse,2868,73,March,2022
Southwest,Printer,7870,26,April,2022
Northeast,Headphones,2724,13,April,2022
Midwest,Monitor,5819,21,March,2024
North,Phone,43307,85,November,2024
Central,Mouse,1583,45,February,2022
East,Laptop,35497,44,November,2024
Southeast,Keyboard,8048,90,January,2023
South,Phone,37384,74,March,2022
West,Webcam,3157,25,October,2022
Southwest,Phone,31069,61,November,2022
Midwest,Webcam,7153,69,May,2023
West,Laptop,72153,90,December,2024
Northwest,Phone,8509,17,December,2024
Midwest,Mouse,3444,107,October,2023
East,Phone,6793,13,January,2022
Northwest,Mouse,2629,71,December,2024
South,Phone,52082,104,July,2023
North,Webcam,8886,88,July,2022
North,Webcam,5841,60,April,2023
North,Printer,24126,80,October,2024
South,Keyboard,1568,12,August,2023
Southwest,Keyboard,2173,18,December,2024
Midwest,Speaker,19213,93,July,2022
East,Monitor,4591,15,May,2023
Midwest,Keyboard,8003,90,February,2024
East,Headphones,2928,14,April,2024
Southeast,Tablet,31823,106,April,2023
North,Speaker,21129,104,June,2022
South,Tablet,19974,65,August,2024
Northwest,Tablet,23455,76,April,2023
Southeast,Printer,19706,63,April,2023
North,Phone,20535,40,December,2023
South,Keyboard,8430,99,April,2023
Northwest,Webcam,3572,39,March,2024
East,Mouse,2823,77,November,2024
West,Speaker,14996,71,June,2023
East,Printer,23903,78,May,2022
Southeast,Monitor,25610,99,February,2022
North,Monitor,11677,44,December,2022
Northwest,Monitor,22052,85,November,2024
Midwest,Headphones,16875,109,December,2022
Northeast,Printer,15309,51,June,2022
Central,Headphones,4463,24,May,2024
West,Printer,11556,37,December,2022
Southwest,Speaker,19070,91,February,2024
Northwest,Keyboard,5129,63,March,2023
Northwest,Headphones,4518,29,March,2022
Central,Webcam,1267,11,January,2022
West,Keyboard,6121,67,November,2023
North,Phone,8411,16,December,2023
Southwest,Mouse,2428,59,April,2024
East,Speaker,13009,61,June,2022
Midwest,Printer,16611,55,December,2022
Central,Laptop,28290,35,July,2024
Southeast,Tablet,8643,28,December,2023
West,Keyboard,1708,15,April,2024
Northwest,Phone,17376,34,December,2023
Northeast,Laptop,41829,52,May,2024
Southeast,Laptop,76910,95,May,2024
West,Headphones,16268,103,January,2024
Central,Laptop,62662,78,May,2024
Northeast,Mouse,1215,21,September,2024
Midwest,Webcam,5601,53,February,2022
South,Tablet,20126,64,January,2022
Southeast,Laptop,35872,44,February,2024
East,Printer,13097,42,January,2024
West,Phone,13466,25,March,2024
Northwest,Printer,30045,100,July,2024
Southwest,Webcam,6978,77,December,2024
Southwest,Laptop,20243,25,January,2023
Central,Headphones,14753,98,March,2024
Midwest,Monitor,17631,67,March,2024
South,Webcam,8536,86,November,2024
Southeast,Tablet,4603,15,September,2023
South,Laptop,56513,70,February,2023
Midwest,Mouse,1032,15,February,2022
South,Mouse,2209,72,August,2022
North,Monitor,16886,67,October,2024
East,Tablet,19865,66,May,2022
North,Printer,5116,14,May,2022
Northeast,Webcam,9582,100,January,2022
West,Keyboard,2191,25,July,2023
North,Tablet,20648,67,February,2024
East,Webcam,2219,19,October,2022
West,Printer,8797,26,November,2024
Southeast,Laptop,49185,61,March,2022
West,Printer,14101,45,February,2023
Southwest,Tablet,17828,59,November,2023
Central,Speaker,10769,49,October,2023
Northwest,Mouse,2111,61,September,2022
South,Keyboard,1961,18,April,2024
Midwest,Keyboard,2688,25,March,2022
South,Keyboard,4979,51,May,2023
Southwest,Tablet,13616,43,September,2024
Southeast,Tablet,8832,28,February,2023
Midwest,Webcam,7081,75,January,2023
Central,Monitor,24839,99,August,2024
Southeast,Headphones,5043,30,February,2024
Central,Webcam,4328,46,February,2023
Southwest,Mouse,1515,34,July,2023
North,Laptop,43399,53,March,2024
North,Monitor,4304,15,November,2023
Northeast,Speaker,8139,40,January,2022
South,Headphones,9374,58,September,2024
South,Laptop,72378,90,October,2023
Northwest,Laptop,31047,38,February,2022
Midwest,Phone,19552,38,September,2024
South,Keyboard,4926,61,October,2024
South,Keyboard,6297,73,October,2023
Southeast,Laptop,23276,28,January,2023
Central,Keyboard,7453,93,December,2023
Central,Printer,16395,52,July,2024
West,Laptop,11226,13,July,2024
Southwest,Monitor,18478,72,February,2022
Midwest,Headphones,10667,71,May,2022
Southwest,Webcam,3826,36,January,2022
Southwest,Monitor,9686,38,April,2022
North,Printer,14115,47,February,2024
Northeast,Headphones,12046,78,July,2022
Southeast,Keyboard,6360,76,February,2022
Southwest,Tablet,11535,38,August,2022
East,Mouse,643,21,January,2023
Northwest,Laptop,64949,81,March,2022
Northwest,Keyboard,3576,40,August,2024
Midwest,Mouse,3149,102,June,2023
East,Webcam,6772,73,February,2022
East,Headphones,16466,104,July,2023
Southwest,Tablet,26465,85,September,2024
Central,Monitor,5514,19,June,2022
West,Phone,21527,42,July,2022
South,Phone,34261,67,August,2023
Northeast,Headphones,4598,30,January,2022
Southwest,Speaker,7219,34,June,2024
West,Mouse,1402,35,December,2022
Southeast,Webcam,8551,86,June,2022
North,Speaker,5853,25,March,2022
Northwest,Printer,14955,47,October,2022
Central,Printer,27655,89,October,2023
North,Keyboard,6418,74,June,2022
North,Printer,33317,108,August,2024
West,Laptop,48021,59,January,2024
Southwest,Mouse,3413,91,March,2022
East,Monitor,21341,82,February,2024
Southeast,Speaker,5464,26,February,2024
West,Headphones,8436,55,February,2022
North,Webcam,9904,101,February,2024
Southeast,Keyboard,6193,77,October,2022
Northwest,Headphones,6353,36,December,2022
Midwest,Laptop,23253,28,July,2022
West,Speaker,18792,90,October,2024
Northeast,Keyboard,2578,28,April,2024
South,Webcam,1259,12,October,2022
West,Speaker,4293,18,June,2023
Midwest,Keyboard,7821,93,May,2024
North,Webcam,5732,54,January,2023
West,Webcam,10359,107,August,2022
Central,Webcam,3468,28,April,2023
Midwest,Printer,26573,87,February,2024
Northwest,Phone,31469,62,December,2022
West,Printer,32338,107,June,2023
Northeast,Mouse,1569,33,May,2022
Northeast,Laptop,82287,102,July,2023
Central,Tablet,19083,61,June,2023
Central,Phone,10636,20,November,2022
Midwest,Speaker,21081,105,April,2024
Northwest,Keyboard,9065,107,May,2022
Midwest,Tablet,17826,57,April,2022
East,Monitor,11769,46,May,2024
West,Speaker,18053,89,July,2024
North,Laptop,15046,18,January,2024
West,Printer,19201,62,July,2024
Southwest,Speaker,7281,34,September,2024
Northwest,Monitor,15124,59,April,2024
Central,Tablet,21313,71,August,2023
Northwest,Laptop,79638,99,November,2024
Southwest,Phone,51592,103,October,2023
Northwest,Headphones,7558,49,February,2024
North,Phone,18370,36,July,2024
South,Printer,28890,95,July,2022
Northwest,Mouse,2980,79,February,2023
West,Headphones,13685,85,October,2022
South,Laptop,23316,29,February,2024
South,Phone,24267,47,February,2024
Southwest,Printer,11882,38,August,2022
North,Mouse,2074,59,November,2024
Southeast,Speaker,18097,88,March,2022
North,Monitor,3978,15,January,2022
North,Printer,32048,104,April,2023
Southeast,Headphones,14218,93,July,2024
Central,Printer,17752,59,November,2022
Northwest,Webcam,7888,82,December,2023
Midwest,Keyboard,8841,109,March,2024
Northeast,Laptop,87791,109,March,2024
North,Phone,8910,16,December,2023
North,Webcam,4762,48,December,2022
Midwest,Headphones,16798,107,August,2023
Northeast,Mouse,1753,29,February,2024
Midwest,Headphones,11187,70,April,2023
Northwest,Webcam,7769,80,August,2023
Northwest,Headphones,6665,39,January,2022
Northwest,Mouse,2965,67,June,2022
South,Monitor,20272,78,January,2024
South,Phone,43455,85,July,2024
North,Laptop,24809,30,January,2024
East,Laptop,40922,50,July,2024
Central,Monitor,9917,39,December,2023
Northeast,Monitor,26877,105,December,2023
Northwest,Keyboard,8400,94,May,2022
Northeast,Webcam,5713,60,January,2023
Northeast,Speaker,9322,44,March,2023
Southwest,Headphones,15214,96,December,2022
Southwest,Printer,23587,77,June,2022
Central,Speaker,10634,53,March,2023
Southwest,Keyboard,8439,98,March,2022
West,Mouse,471,15,July,2023
Northeast,Mouse,2523,55,November,2022
Midwest,Webcam,2330,25,October,2024
Central,Monitor,7897,28,October,2022
Northeast,Speaker,5634,28,October,2022
South,Mouse,1781,28,January,2024
Southeast,Phone,23477,45,February,2023
Southeast,Tablet,25269,82,March,2022
North,Keyboard,3352,40,August,2022
North,Laptop,59729,74,August,2022
Southeast,Printer,29100,96,January,2022
Northeast,Keyboard,2688,28,November,2023
North,Speaker,7373,36,November,2024
West,Laptop,56011,70,December,2024
Central,Keyboard,4707,52,March,2022
Southeast,Monitor,7105,28,August,2022
West,Phone,17569,34,April,2022
East,Mouse,3142,101,June,2023
Southeast,Keyboard,6532,73,December,2023
East,Webcam,6125,63,February,2023
Southwest,Keyboard,6201,75,February,2024
Southeast,Monitor,15485,61,December,2023
Northwest,Headphones,2385,12,January,2022
Southeast,Keyboard,7302,83,November,2024
East,Printer,11874,37,October,2022
Midwest,Webcam,4746,47,December,2022
Northeast,Monitor,15769,63,September,2024
Northeast,Monitor,19722,75,May,2022
East,Phone,9089,18,December,2022
Central,Headphones,7002,41,July,2023
Northwest,Phone,10865,21,April,2022
Southeast,Monitor,25676,99,August,2023
Northwest,Laptop,24256,30,July,2023
North,Tablet,15352,49,August,2022
Northwest,Printer,23406,78,February,2023
South,Phone,54392,108,August,2022
East,Webcam,3608,32,September,2023
West,Printer,18626,61,May,2023
West,Monitor,27150,105,June,2022
East,Tablet,30985,102,January,2022
East,Speaker,10754,50,June,2023
Northeast,Speaker,10508,50,April,2024
North,Printer,20006,66,January,2024
North,Phone,40820,81,May,2022
Northwest,Webcam,2508,22,January,2023
East,Speaker,4988,23,August,2023
Central,Speaker,12393,61,March,2023
Northeast,Monitor,4681,17,June,2023
Northwest,Webcam,2490,24,July,2023
Northwest,Laptop,55305,69,August,2024
Midwest,Monitor,24044,93,September,2023
South,Headphones,2431,15,September,2024
Southwest,Keyboard,2676,32,November,2023
South,Tablet,32855,109,September,2024
Central,Monitor,7067,27,April,2023
Midwest,Mouse,2168,52,April,2024
Southeast,Tablet,6358,19,July,2023
Southwest,Webcam,3311,33,February,2024
Southeast,Monitor,25388,99,June,2022
South,Phone,53226,105,November,2024
Southwest,Webcam,2442,25,December,2023
Southeast,Monitor,9775,36,March,2024
Central,Keyboard,6710,81,April,2023
South,Webcam,9936,104,June,2022
Southeast,Webcam,7774,78,May,2024
Midwest,Speaker,13221,65,December,2024
East,Tablet,17251,57,August,2024
Northeast,Headphones,15989,104,October,2022
West,Mouse,1587,41,July,2023
Northwest,Headphones,13589,84,February,2024
South,Webcam,5295,56,September,2022
Central,Mouse,3080,89,April,2023
Northeast,Keyboard,4244,41,July,2024
North,Laptop,74583,93,March,2022
Central,Mouse,3163,96,January,2024
North,Printer,18943,61,September,2022
Midwest,Speaker,7569,33,January,2023
Southwest,Keyboard,3935,37,June,2022
Southeast,Laptop,8274,10,February,2024
East,Keyboard,7380,89,April,2022
North,Monitor,11764,47,June,2024
Northwest,Printer,29713,99,April,2023
Southeast,Speaker,5630,25,May,2024
South,Tablet,16878,55,September,2022
Northeast,Keyboard,6607,76,October,2024
Southwest,Tablet,26802,89,January,2024
East,Mouse,1508,31,December,2024
Northwest,Laptop,50563,62,September,2023
Southwest,Laptop,20566,25,February,2024
Northwest,Tablet,30836,101,November,2024
South,Tablet,17668,58,September,2022
North,Phone,7605,14,December,2024
South,Phone,16517,33,March,2024
Northeast,Webcam,6372,63,September,2022
West,Speaker,12140,58,May,2023
Southwest,Speaker,10137,50,January,2024
West,Printer,33579,109,February,2023
South,Laptop,22462,27,April,2023
South,Phone,6846,13,August,2024
North,Speaker,19325,95,April,2022
North,Monitor,26819,107,August,2024
East,Headphones,7526,45,September,2023
Southeast,Phone,23604,46,January,2023
Central,Speaker,8055,39,October,2024
West,Headphones,8262,55,April,2023
Northwest,Laptop,68179,84,February,2023
North,Printer,4199,13,June,2024
East,Printer,19010,61,December,2022
Southeast,Phone,15274,29,June,2022
Southwest,Laptop,22845,28,January,2023
East,Webcam,6414,67,December,2023
Central,Tablet,26421,85,June,2024
Northwest,Headphones,15117,100,April,2022
Northwest,Mouse,1929,62,January,2022
Northeast,Printer,26802,87,November,2024
Northwest,Keyboard,5765,67,December,2024
Northwest,Phone,29305,57,June,2024
Midwest,Phone,20412,40,November,2024
East,Webcam,4896,53,January,2023
West,Webcam,1998,12,July,2024
Central,Printer,19711,65,June,2023
Northwest,Speaker,9689,46,March,2024
Northwest,Laptop,51669,64,March,2024
South,Printer,19042,63,January,2024
Southwest,Phone,45618,91,October,2024
Northwest,Mouse,1422,30,April,2024
Central,Mouse,3264,96,May,2023
Central,Webcam,6355,63,July,2023
South,Headphones,12205,76,January,2022
Midwest,Headphones,5651,37,March,2022
West,Speaker,11141,54,March,2023
Northwest,Webcam,3294,28,April,2024
Central,Printer,6424,21,May,2024
Northwest,Mouse,3381,88,September,2024
Midwest,Keyboard,2205,21,June,2024
Midwest,Tablet,23074,76,March,2024
East,Headphones,13246,88,November,2023
Northwest,Mouse,618,17,December,2023
Midwest,Phone,31974,63,April,2024
Southwest,Monitor,7128,27,July,2022
Northeast,Phone,43483,85,April,2024
North,Mouse,2755,67,February,2024
South,Keyboard,5045,51,July,2022
North,Laptop,8875,10,March,2022
Central,Phone,22218,44,December,2022
Southwest,Keyboard,6756,78,December,2024
North,Monitor,6063,23,December,2023
East,Printer,31564,103,April,2024
North,Tablet,14902,49,January,2024
North,Webcam,9322,98,January,2024
Northwest,Phone,14865,29,February,2024
South,Keyboard,1891,21,June,2022
Northwest,Laptop,87225,108,June,2024
Northeast,Phone,44473,87,November,2022
South,Keyboard,1328,13,December,2023
North,Monitor,15004,58,December,2022
West,Mouse,1747,41,November,2023
East,Monitor,13083,51,January,2022
West,Tablet,10215,33,February,2023
Central,Webcam,3131,30,February,2022
Central,Laptop,63265,78,January,2022
West,Phone,28832,57,November,2023
Midwest,Laptop,71038,88,December,2023
Northeast,Phone,39986,79,May,2024
Southwest,Mouse,2460,54,October,2023
Southwest,Speaker,10054,47,May,2024
Southeast,Phone,23314,46,October,2022
Southeast,Monitor,24709,97,March,2023
Northeast,Phone,48662,97,January,2024
North,Monitor,7861,30,April,2022
South,Webcam,6610,63,April,2024
Northeast,Tablet,27614,91,May,2024
West,Phone,49571,99,November,2024
Southeast,Tablet,25900,84,June,2023
North,Printer,21699,69,March,2023
Southwest,Webcam,5378,56,April,2022
West,Mouse,2867,83,August,2022
East,Mouse,3287,102,April,2022
Southwest,Webcam,5942,63,September,2023
East,Mouse,3583,88,September,2022
Central,Printer,5522,18,September,2022
Central,Webcam,6684,64,June,2024
South,Headphones,13960,92,May,2024
Southeast,Headphones,11559,73,February,2023
Southeast,Speaker,22235,107,February,2024
Central,Laptop,11336,14,November,2022
West,Webcam,3040,27,June,2024
Northwest,Laptop,21595,26,June,2023
Northwest,Tablet,22286,74,January,2022
Northeast,Keyboard,7758,87,July,2023
Midwest,Webcam,6580,69,February,2024
Midwest,Keyboard,5739,65,August,2023
Northeast,Monitor,20922,81,July,2023
West,Phone,33622,67,November,2023
North,Mouse,1387,43,September,2024
Northeast,Printer,16505,52,October,2023
South,Printer,20781,69,June,2024
Northeast,Webcam,9762,108,January,2024
Northeast,Tablet,21843,70,March,2024
Southwest,Laptop,55354,69,June,2023
Southwest,Tablet,25078,83,October,2023
Midwest,Keyboard,5362,60,February,2023
Northwest,Tablet,32253,105,September,2023
Midwest,Laptop,64126,80,November,2023
Southeast,Headphones,3942,21,May,2023
Northeast,Laptop,48007,60,November,2022
Northwest,Tablet,3823,12,September,2024
Southeast,Printer,7960,26,August,2023
East,Headphones,4560,28,July,2022
Northeast,Monitor,26491,103,August,2023
Northwest,Tablet,30598,100,March,2022
Central,Tablet,24949,81,September,2023
East,Mouse,3849,106,September,2023
South,Speaker,5982,27,February,2024
North,Monitor,11937,47,January,2022
Southwest,Webcam,6953,74,March,2024
Southeast,Phone,15697,31,July,2023
Southwest,Printer,12261,38,February,2022
East,Mouse,3001,96,November,2023
Central,Laptop,22326,27,March,2023
West,Speaker,20070,96,April,2023
Central,Printer,20751,67,April,2024
North,Monitor,19128,74,June,2024
Southeast,Keyboard,1220,15,September,2022
Southwest,Printer,32777,109,January,2023
South,Laptop,50709,63,January,2022
Midwest,Laptop,18623,23,November,2022
Northwest,Webcam,3761,39,November,2022
South,Printer,4098,12,June,2022
West,Laptop,65475,81,February,2024
Midwest,Headphones,10533,68,November,2023
West,Phone,6743,13,July,2023
Southwest,Mouse,1510,23,May,2022
Midwest,Speaker,17646,84,July,2022
West,Webcam,9126,98,November,2022
Southeast,Webcam,8044,85,November,2023
Southeast,Monitor,25006,97,June,2024
Northeast,Monitor,10702,40,August,2023
South,Laptop,62426,78,May,2023
Central,Keyboard,3017,30,December,2024
West,Phone,39203,78,February,2023
Central,Headphones,1950,10,September,2024
North,Printer,19377,62,August,2024
Central,Monitor,4273,16,November,2024
East,Keyboard,8195,101,March,2024
East,Printer,15866,50,November,2022
Southeast,Mouse,1723,39,February,2024
Southeast,Phone,7565,15,October,2023
South,Laptop,35293,44,July,2022
North,Monitor,14038,55,February,2023
North,Monitor,27783,108,February,2024
Southeast,Speaker,7762,34,February,2023
Southwest,Printer,13778,44,July,2022
Central,Headphones,12798,83,January,2022
West,Tablet,19228,63,November,2022
South,Tablet,23831,78,June,2023
Northeast,Mouse,1503,32,February,2024
Northeast,Speaker,11222,52,June,2024
Central,Phone,52810,105,October,2022
Northwest,Speaker,8964,41,December,2022
Southwest,Keyboard,1297,12,May,2023
East,Headphones,2982,17,August,2024
Northwest,Phone,18439,35,February,2024
Northeast,Speaker,21055,102,October,2022
North,Tablet,21668,71,July,2022
Central,Phone,38927,77,June,2024
North,Keyboard,3799,35,January,2023
West,Webcam,10250,109,December,2022
Southwest,Monitor,23040,91,April,2022
Southeast,Phone,39741,78,August,2023
Southwest,Printer,25661,85,September,2024
North,Keyboard,3102,30,June,2023
Central,Keyboard,5174,59,April,2024
Southeast,Tablet,7981,25,August,2023
Southeast,Monitor,4500,16,April,2022
West,Webcam,3831,41,February,2022
Northwest,Monitor,15461,61,December,2022
Northeast,Printer,14116,47,September,2023
North,Laptop,84901,106,May,2023
East,Mouse,2380,47,July,2024
Southwest,Headphones,15524,102,April,2024
East,Mouse,2507,79,June,2022
Northwest,Keyboard,1952,24,August,2024
South,Speaker,4056,17,November,2024
West,Webcam,2197,24,February,2022
East,Mouse,3761,101,July,2024
Northeast,Monitor,14621,58,February,2023
North,Keyboard,5357,66,February,2024
Northeast,Mouse,1887,42,January,2023
Northeast,Webcam,5385,56,May,2023
West,Phone,5755,10,August,2024
North,Keyboard,3444,37,March,2022
East,Webcam,9051,99,August,2023
Southeast,Speaker,9964,49,September,2023
Central,Printer,12010,40,December,2024
West,Monitor,13142,51,April,2023
Southwest,Webcam,1374,10,January,2023
Midwest,Phone,51814,102,November,2024
West,Webcam,1665,14,August,2022
South,Laptop,66358,82,October,2024
East,Keyboard,8029,100,December,2022
Southwest,Speaker,17042,84,January,2022
Midwest,Printer,22868,75,December,2023
Midwest,Webcam,7605,81,December,2023
West,Laptop,48518,60,September,2022
Northwest,Headphones,2217,14,July,2023
West,Printer,18131,60,April,2024
Central,Tablet,23477,78,February,2023
Northeast,Webcam,4609,43,January,2024
Southeast,Headphones,12601,80,December,2023
South,Headphones,9022,56,March,2022
Northwest,Laptop,82536,103,January,2023
Central,Webcam,10287,109,July,2024
Southeast,Phone,51205,102,November,2023
South,Headphones,16709,107,March,2022
Midwest,Keyboard,1634,14,July,2022
Southwest,Mouse,1172,10,November,2022
Midwest,Keyboard,1046,13,January,2023
Midwest,Phone,42685,85,August,2024
South,Headphones,6333,39,June,2024
Northwest,Phone,43993,86,September,2024
Northwest,Phone,48514,96,September,2023
North,Keyboard,8892,108,October,2022
East,Headphones,11820,78,June,2024
South,Tablet,6183,18,August,2023
West,Headphones,9542,61,March,2022
Northwest,Printer,25406,82,January,2023
Midwest,Speaker,17503,83,March,2023
Northwest,Mouse,703,22,October,2023
Northeast,Keyboard,2043,21,October,2022
Northwest,Keyboard,8760,100,August,2022
North,Tablet,4215,11,November,2022
Northeast,Keyboard,4205,45,December,2023
Northeast,Phone,29532,59,November,2023
Midwest,Laptop,66621,83,June,2024
Southeast,Phone,21745,42,August,2022
Central,Mouse,2420,68,September,2023
West,Headphones,5137,30,September,2022
South,Webcam,5619,54,March,2023
Northeast,Monitor,16430,63,January,2022
Northeast,Headphones,10695,69,June,2022
Northwest,Tablet,23527,77,December,2024
North,Printer,16618,54,April,2023
Central,Laptop,17564,21,September,2022
North,Mouse,1424,44,June,2023
East,Printer,5009,16,September,2022
Midwest,Laptop,48579,60,February,2022
South,Laptop,60111,74,February,2023
Northeast,Speaker,8879,42,January,2022
South,Monitor,25853,103,March,2022
Central,Headphones,2215,10,July,2023
West,Printer,12999,42,September,2024
West,Tablet,23848,77,February,2024
South,Headphones,16097,104,January,2024
Northeast,Keyboard,4162,52,July,2023
West,Speaker,9239,43,September,2024
Central,Mouse,3505,94,April,2022
East,Phone,23540,46,February,2023
Central,Printer,7634,25,December,2024
Southeast,Monitor,14866,56,December,2022
East,Printer,9977,32,June,2022
Northwest,Laptop,30787,38,August,2023
South,Laptop,41199,51,May,2022
South,Webcam,2989,27,May,2023
Northeast,Printer,11776,38,January,2023
North,Keyboard,8239,98,September,2024
Northeast,Speaker,18678,93,August,2024
Southeast,Speaker,11878,57,July,2022
Northeast,Tablet,23179,74,June,2024
Northeast,Laptop,51853,64,December,2024
Midwest,Headphones,13480,89,December,2022
Northwest,Phone,36660,73,June,2023
West,Laptop,83798,104,January,2023
Central,Monitor,3855,12,May,2024
North,Headphones,8769,53,April,2023
Northwest,Speaker,7372,33,June,2023
South,Webcam,8123,84,February,2022
North,Headphones,11125,68,August,2023
East,Headphones,15894,103,June,2022
South,Headphones,3091,20,July,2024
Central,Monitor,20549,80,August,2022
East,Printer,6769,21,May,2023
Midwest,Tablet,20045,66,October,2023
Northwest,Tablet,30389,98,June,2023
Central,Speaker,8244,38,December,2023
East,Mouse,3358,102,February,2024
Southwest,Tablet,19841,63,August,2023
West,Phone,51690,102,August,2023
South,Mouse,2294,49,May,2024
Northwest,Monitor,13757,54,June,2022
North,Keyboard,9551,109,October,2024
Northeast,Speaker,20922,101,April,2024
Northeast,Monitor,5432,18,January,2024
Northeast,Phone,40697,81,March,2022
North,Tablet,20104,66,December,2022
North,Speaker,6108,26,December,2022
West,Mouse,1209,14,August,2023
Northwest,Speaker,9240,43,June,2022
East,Monitor,8130,31,February,2023
Southeast,Laptop,72149,90,November,2022
East,Webcam,9913,108,May,2023
Northeast,Phone,43103,86,July,2024
East,Laptop,8037,10,November,2024
West,Headphones,16596,104,August,2023
East,Tablet,5610,16,May,2022
North,Phone,15755,30,May,2023
West,Monitor,21217,82,March,2024
Northeast,Headphones,4358,23,July,2023
North,Laptop,19522,24,May,2023
North,Monitor,3912,15,June,2024
Southwest,Webcam,3378,35,December,2023
North,Webcam,7831,78,February,2024
Southwest,Phone,51581,103,May,2022
Northwest,Keyboard,7040,86,September,2023
Northeast,Headphones,14580,91,June,2024
East,Mouse,1616,39,June,2023
Central,Keyboard,4744,57,October,2024
East,Speaker,14902,72,June,2022
Northwest,Headphones,9252,61,February,2022
East,Headphones,9633,60,December,2022
Central,Mouse,2573,69,February,2023
South,Webcam,1900,15,June,2022
Central,Mouse,2823,65,September,2024
North,Keyboard,8778,108,October,2023
Southeast,Webcam,10633,108,August,2022
West,Tablet,4804,16,June,2022
South,Keyboard,5788,69,December,2023
Northeast,Phone,29003,57,November,2024
Central,Keyboard,3001,36,July,2024
Northwest,Phone,7343,13,February,2023
Southwest,Keyboard,7159,86,June,2023
South,Printer,14995,47,December,2024
Southeast,Laptop,79967,99,March,2024
Northeast,Monitor,3354,11,August,2023
Southeast,Speaker,22606,109,July,2024
Northeast,Mouse,1464,36,April,2022
Northeast,Phone,12890,25,March,2023
Northeast,Mouse,1443,45,April,2023
Central,Printer,17124,55,June,2024
Midwest,Laptop,31824,39,April,2022
North,Phone,22130,43,April,2022
Midwest,Printer,26813,89,March,2024
Midwest,Tablet,28611,93,October,2023
East,Webcam,1960,13,March,2023
Northwest,Tablet,29330,97,August,2022
West,Laptop,13213,16,October,2022
Midwest,Speaker,22258,107,January,2022
Southwest,Keyboard,2463,27,January,2024
West,Mouse,3863,97,April,2024
Northwest,Speaker,13153,64,March,2022
Southeast,Speaker,5771,28,October,2022
East,Keyboard,3283,41,July,2024
Southeast,Phone,37754,74,June,2023
South,Phone,41553,83,September,2023
Northeast,Webcam,6885,69,March,2023
Southwest,Phone,42970,85,November,2024
West,Printer,21818,72,October,2023
Midwest,Monitor,8545,33,June,2024
West,Webcam,9977,107,August,2022
Central,Keyboard,5957,74,March,2023
Northwest,Printer,7946,24,September,2024
Midwest,Headphones,14496,90,May,2024
Southeast,Speaker,3384,14,July,2022
Northeast,Headphones,15301,99,July,2023
Northwest,Tablet,11069,36,September,2022
Northwest,Headphones,5749,38,December,2022
Midwest,Laptop,81702,102,February,2024
Southeast,Laptop,36879,45,April,2023
Southwest,Monitor,9672,35,July,2023
West,Printer,28818,95,July,2024
North,Mouse,1569,28,April,2022
North,Phone,13743,26,September,2024
Northwest,Printer,15149,48,October,2024
Southwest,Webcam,1839,14,June,2024
Midwest,Laptop,68000,84,March,2022
Midwest,Mouse,1341,16,October,2022
East,Monitor,25712,102,March,2024
Southeast,Webcam,10100,108,June,2023
Southwest,Speaker,11920,56,September,2024
Southwest,Laptop,60081,75,September,2023
Southwest,Keyboard,8101,92,December,2024
East,Laptop,10891,13,May,2022
Northwest,Mouse,1346,24,January,2024
Southwest,Printer,20872,67,May,2024
West,Phone,11356,22,June,2022
North,Webcam,8739,87,August,2023
Midwest,Printer,22520,74,August,2024
Northeast,Headphones,5056,31,December,2024
Central,Mouse,1845,58,April,2024
Southwest,Headphones,8893,59,March,2022
Northwest,Headphones,6680,39,September,2022
West,Mouse,876,26,January,2024
Southeast,Phone,12504,25,June,2023
Northwest,Phone,49702,98,April,2022
Central,Mouse,1358,31,February,2023
Central,Monitor,20990,82,March,2023
Southwest,Headphones,7892,48,December,2022
East,Mouse,1064,14,March,2024
Northeast,Monitor,24485,95,October,2023
Northwest,Laptop,40892,50,September,2024
East,Mouse,2003,55,June,2023
North,Tablet,14300,47,October,2023
West,Mouse,2286,75,September,2023
East,Keyboard,5703,65,August,2023
Central,Mouse,3760,101,October,2022
Midwest,Webcam,1755,11,April,2024
Southwest,Speaker,4865,22,June,2024
Northeast,Tablet,26463,86,July,2022
Southwest,Webcam,3886,40,April,2024
West,Headphones,9741,61,August,2022
North,Tablet,19850,64,July,2024
Northwest,Headphones,11923,74,January,2022
North,Keyboard,5588,65,February,2024
Northwest,Laptop,37615,46,August,2024
Central,Keyboard,4311,47,March,2023
East,Printer,12125,38,August,2023
Southwest,Monitor,19469,76,November,2024
Northeast,Printer,23575,77,December,2023
South,Laptop,77716,96,January,2023
Northeast,Mouse,1868,52,October,2023
Central,Printer,20945,67,October,2024
Southwest,Monitor,25642,101,January,2023
West,Monitor,26433,102,July,2022
North,Tablet,32514,107,March,2022
Southeast,Keyboard,4132,46,June,2022
Southeast,Keyboard,7828,94,April,2024
Central,Printer,30906,101,December,2024
South,Monitor,12819,51,December,2024
Northeast,Keyboard,1915,19,March,2023
Midwest,Keyboard,7983,98,March,2024
Midwest,Webcam,6192,60,February,2022
North,Speaker,5769,24,January,2023
Southwest,Tablet,17353,57,August,2022
West,Laptop,53334,66,July,2024
Southeast,Printer,24420,79,July,2024
North,Tablet,24254,79,November,2024
West,Laptop,44065,54,August,2024
West,Keyboard,2817,34,January,2023
Northwest,Phone,48937,97,May,2022
Midwest,Tablet,14540,47,February,2023
Southeast,Phone,21437,42,February,2024
Midwest,Tablet,16140,53,May,2024
Midwest,Phone,20538,41,April,2024
Northwest,Webcam,3507,33,September,2022
North,Phone,8284,15,February,2024
Southeast,Speaker,15213,74,August,2023
Northeast,Keyboard,7621,84,July,2023
East,Printer,26126,86,October,2024
East,Headphones,15810,101,August,2022
Northwest,Mouse,629,12,August,2022
East,Printer,8419,27,November,2024
East,Laptop,26366,32,February,2022
Northeast,Printer,18412,59,August,2023
Midwest,Tablet,20327,65,March,2022
Central,Tablet,26536,87,June,2023
Northeast,Mouse,3098,86,August,2022
Southeast,Laptop,18545,22,August,2024
West,Tablet,23020,75,January,2024
Southwest,Tablet,14745,48,December,2022
South,Speaker,20635,103,December,2023
Northeast,Printer,5506,17,March,2022
Midwest,Printer,4857,13,April,2023
Midwest,Phone,13343,26,November,2022
Midwest,Monitor,10059,38,October,2022
Northeast,Keyboard,3896,39,November,2023
West,Webcam,6063,64,June,2022
Northeast,Webcam,6952,73,May,2024
Southeast,Monitor,23555,91,April,2022
North,Phone,53569,107,October,2023
Northeast,Keyboard,3225,29,July,2023
Northwest,Keyboard,2369,21,April,2022
North,Laptop,32660,40,March,2022
East,Mouse,3642,109,June,2023
Central,Webcam,8092,82,September,2024
Southwest,Mouse,1090,36,January,2022
Central,Monitor,4525,16,January,2023
South,Printer,10168,33,January,2022
Southeast,Headphones,15896,101,May,2023
Southwest,Mouse,793,18,October,2023
Southeast,Tablet,22208,73,September,2024
South,Printer,11330,35,January,2022
Northwest,Tablet,30340,100,December,2024
West,Monitor,9424,35,May,2023
East,Webcam,10152,102,June,2023
Midwest,Webcam,5397,58,September,2024
Southeast,Speaker,9000,42,August,2023
South,Printer,16052,51,June,2023
West,Keyboard,1861,21,April,2022
Central,Monitor,17194,67,December,2023
South,Tablet,26876,89,March,2024
East,Phone,52716,104,September,2022
West,Webcam,2622,23,February,2024
East,Keyboard,2176,21,November,2024
Northeast,Webcam,2427,21,November,2022
East,Headphones,3189,18,August,2023
Midwest,Tablet,5986,19,January,2023
East,Printer,6562,19,March,2023
North,Keyboard,4018,38,June,2022
West,Monitor,15014,59,July,2023
Southwest,Laptop,70113,87,June,2024
South,Phone,41300,82,November,2024
Southeast,Printer,23952,77,July,2022
Northwest,Phone,40040,80,September,2022
West,Tablet,9919,30,August,2023
Northwest,Speaker,15699,78,September,2022
Southeast,Headphones,9600,60,September,2024
Midwest,Keyboard,8567,97,November,2022
North,Phone,48046,95,May,2023
Southeast,Mouse,2746,74,December,2023
West,Laptop,20172,25,June,2023
Central,Mouse,3010,83,August,2022
East,Mouse,2986,86,March,2024
Southeast,Monitor,13123,50,March,2024
Northeast,Phone,27771,54,January,2022
West,Headphones,6808,40,November,2024
South,Mouse,2582,64,March,2023
North,Headphones,8821,58,August,2023
Southeast,Tablet,12414,41,April,2024
Southwest,Headphones,3081,20,May,2024
Southeast,Phone,43476,86,April,2022
North,Phone,15833,30,October,2022
Northwest,Tablet,26179,85,April,2023
East,Laptop,87314,108,April,2023
East,Speaker,10601,51,September,2023
West,Webcam,7740,81,January,2023
Central,Monitor,12685,48,March,2023
Midwest,Printer,11143,35,January,2024
North,Monitor,26897,105,December,2023
North,Keyboard,3224,33,August,2022
North,Speaker,16826,81,March,2022
West,Printer,32478,107,June,2022
Central,Printer,18649,60,June,2022
Southwest,Monitor,10806,40,October,2023
Midwest,Monitor,22692,89,November,2024
North,Monitor,14637,57,February,2024
Southwest,Printer,3415,11,August,2023
North,Headphones,6023,35,November,2022
Midwest,Printer,18986,60,May,2024
Central,Laptop,18604,23,February,2023
Northeast,Webcam,5034,50,November,2023
Central,Printer,5003,15,February,2022
East,Keyboard,8947,104,January,2023
North,Phone,10850,21,April,2023
Central,Tablet,31659,105,November,2022
Midwest,Webcam,6478,62,May,2023
Northeast,Tablet,21466,70,June,2024
East,Printer,13536,45,April,2023
Southeast,Monitor,7671,28,December,2024
West,Speaker,20820,101,January,2022
Midwest,Headphones,14893,99,May,2024
Northwest,Tablet,24528,79,February,2022
West,Tablet,23175,77,June,2023
Midwest,Webcam,5917,57,July,2024
Northwest,Keyboard,8023,93,October,2024
South,Webcam,5433,54,July,2023
Central,Monitor,11246,41,October,2023
Central,Tablet,17222,55,July,2022
Southeast,Tablet,30026,97,December,2023
Southeast,Phone,34979,68,September,2024
Southwest,Laptop,46515,58,October,2024
East,Monitor,20640,79,September,2024
East,Headphones,7357,48,April,2023
Southeast,Mouse,2493,54,January,2022
North,Laptop,86374,107,July,2022
North,Webcam,7162,71,March,2024
North,Printer,4461,12,September,2022
North,Headphones,15712,102,January,2022
Northeast,Webcam,7225,76,August,2022
East,Monitor,14021,55,December,2024
Northeast,Webcam,4218,42,October,2023
Northeast,Mouse,2542,67,May,2023
Southwest,Keyboard,1481,10,September,2024
Southwest,Mouse,3659,108,December,2024
Southwest,Keyboard,8242,92,March,2022
West,Tablet,31481,104,January,2024
Midwest,Mouse,1450,18,September,2024
Northwest,Phone,6632,12,February,2022
Midwest,Headphones,9754,65,December,2023
Central,Headphones,3356,19,August,2022
East,Mouse,1823,40,September,2024
Midwest,Monitor,8230,29,August,2024
South,Tablet,13061,42,July,2022
South,Monitor,21108,82,August,2023
West,Headphones,9548,59,August,2022
Central,Monitor,19582,75,January,2023
Central,Keyboard,4411,51,March,2023
North,Headphones,14126,91,December,2023
Northwest,Printer,24710,82,January,2024
North,Headphones,6641,38,May,2024
East,Speaker,4590,21,July,2023
Midwest,Mouse,2024,48,June,2024
Southwest,Keyboard,4097,47,June,2022
South,Monitor,27408,107,February,2024
East,Mouse,2311,75,May,2022
West,Headphones,3768,19,July,2024
Midwest,Monitor,19856,77,December,2023
Northwest,Keyboard,1682,13,October,2023
Central,Monitor,24237,95,October,2024
Southwest,Monitor,2579,10,September,2024
Midwest,Keyboard,1414,17,April,2022
North,Webcam,10712,109,October,2022
Southwest,Webcam,3710,40,January,2022
North,Printer,19031,62,April,2022
Southeast,Webcam,3242,33,May,2023
West,Speaker,7778,36,March,2024
South,Speaker,9531,45,September,2024
South,Webcam,8690,96,November,2023
Northwest,Webcam,2067,17,August,2022
Midwest,Monitor,18916,74,May,2023
North,Mouse,2613,84,November,2022
Northwest,Headphones,10677,71,October,2022
Northwest,Printer,28003,93,June,2024
West,Phone,52956,105,March,2023
Southwest,Mouse,1329,38,February,2023
Southeast,Webcam,5282,50,October,2023
West,Headphones,3843,24,February,2023
North,Webcam,1669,14,October,2024
Northeast,Headphones,8314,50,May,2023
Northeast,Monitor,21847,86,July,2022
Central,Phone,39666,78,June,2024
North,Keyboard,2477,19,June,2024
East,Speaker,15594,75,March,2022
South,Headphones,14975,98,January,2024
Central,Webcam,7781,85,October,2024
South,Printer,11116,35,January,2023
Midwest,Webcam,8580,94,October,2024
Southwest,Printer,10368,33,February,2023
West,Headphones,15840,104,April,2023
Southeast,Phone,37046,73,February,2023
Midwest,Printer,31426,104,December,2022
Northwest,Tablet,17738,57,August,2023
Southeast,Printer,14496,47,September,2022
Central,Tablet,9183,29,October,2023
West,Phone,44771,89,January,2024
South,Printer,31865,106,July,2022
Southwest,Webcam,4615,49,December,2022
West,Headphones,3468,21,September,2022
Southwest,Printer,6812,22,May,2023
Central,Laptop,22215,27,September,2023
Northwest,Laptop,70970,88,July,2022
Central,Webcam,4138,40,June,2024
Northeast,Keyboard,5391,60,September,2023
Northwest,Printer,26243,86,May,2024
South,Printer,20062,66,October,2024
Central,Webcam,3832,38,March,2022
North,Printer,27634,89,July,2023
Northeast,Monitor,17915,68,February,2023
East,Monitor,9908,37,March,2023
East,Webcam,2036,21,April,2024
Northwest,Tablet,10304,33,April,2023
West,Mouse,1626,48,October,2024
Southwest,Laptop,26293,32,February,2022
East,Printer,31583,102,December,2024
East,Headphones,13740,85,January,2022
Central,Mouse,2782,81,August,2023
Midwest,Phone,26485,52,May,2023
Northeast,Phone,50102,99,March,2024
Northwest,Laptop,28827,35,June,2024
Northeast,Tablet,16174,52,November,2024
Northeast,Tablet,4187,13,July,2022
Northwest,Monitor,19802,79,February,2022
Southwest,Mouse,2848,64,December,2022
Northeast,Headphones,8037,50,January,2024
South,Webcam,5947,66,September,2022
South,Monitor,15260,61,December,2023
Northeast,Keyboard,8792,106,March,2024
Southeast,Keyboard,9087,107,July,2023
Midwest,Tablet,14190,46,January,2022
South,Speaker,20818,100,September,2023
Northwest,Laptop,75108,93,February,2022
Southeast,Webcam,2344,17,May,2022
South,Mouse,1554,34,December,2023
East,Monitor,10515,42,April,2022
Southwest,Tablet,13523,42,March,2023
Northeast,Tablet,8890,29,May,2023
Northwest,Headphones,3146,16,November,2023
West,Tablet,14154,45,September,2023
Northeast,Headphones,12612,82,October,2024
Southeast,Mouse,936,21,June,2022
North,Webcam,5644,56,October,2022
East,Laptop,13565,16,November,2024
West,Laptop,71942,89,August,2022
Northeast,Headphones,8161,50,May,2022
West,Keyboard,3381,42,September,2024
Central,Laptop,55310,69,June,2024
Southeast,Printer,27238,89,July,2023
South,Tablet,24167,80,September,2024
Southwest,Webcam,5267,49,January,2024
Southwest,Printer,31345,102,December,2024
Northwest,Mouse,2482,54,December,2022
Midwest,Laptop,59001,73,October,2023
South,Phone,39896,78,November,2023
Southwest,Keyboard,7676,86,April,2022
Central,Speaker,2465,11,September,2022
Central,Speaker,21803,108,February,2024
West,Phone,11551,23,April,2022
West,Headphones,16367,107,August,2024
North,Printer,12616,41,January,2022
Midwest,Laptop,21073,26,April,2022
South,Mouse,3572,92,February,2022
Southeast,Keyboard,8918,105,September,2023
Southeast,Webcam,3581,37,June,2024
Northwest,Phone,7838,14,April,2023
Central,Keyboard,8011,100,July,2022
North,Laptop,37466,46,June,2024
East,Webcam,7126,70,April,2024
South,Headphones,15541,101,March,2023
Southwest,Speaker,20998,100,February,2024
Central,Webcam,6931,68,August,2024
Southwest,Laptop,20434,25,June,2023
Midwest,Mouse,2135,71,November,2024
East,Headphones,13368,85,April,2022
Midwest,Headphones,10172,63,October,2022
Northwest,Speaker,3772,17,February,2022
South,Speaker,21952,109,February,2024
West,Keyboard,3665,34,January,2022
Northeast,Monitor,16720,64,May,2023
East,Tablet,9348,30,October,2023
Central,Keyboard,3319,40,December,2022
West,Laptop,59202,73,May,2024
Midwest,Monitor,12554,49,May,2023
Northwest,Laptop,85085,106,October,2022
Midwest,Keyboard,4589,54,May,2024
West,Printer,7568,23,November,2023
Northwest,Printer,24985,80,December,2024
West,Tablet,20948,67,May,2022
East,Webcam,10188,104,November,2022
Central,Monitor,5512,20,April,2022
Central,Speaker,10746,53,March,2023
Southeast,Phone,11203,22,June,2024
Northeast,Mouse,3770,106,May,2024
North,Mouse,2830,73,February,2022
Southwest,Tablet,24346,79,July,2022
East,Tablet,22373,74,April,2024
South,Speaker,6955,31,May,2022
Southwest,Webcam,1960,16,February,2023
West,Speaker,13005,63,January,2023
West,Laptop,52766,65,October,2023
North,Headphones,12201,75,April,2024
Central,Monitor,23403,91,October,2023
Southeast,Mouse,3743,103,December,2022
Central,Headphones,8982,55,September,2023
Midwest,Keyboard,5935,62,November,2024
Southwest,Printer,7825,24,December,2022
Northwest,Keyboard,9044,101,July,2022
Southwest,Phone,46738,92,July,2024
Central,Webcam,5216,53,October,2022
Northeast,Webcam,7347,80,September,2023
North,Laptop,41377,51,April,2024
East,Printer,26088,85,April,2023
West,Monitor,21262,85,July,2024
Southeast,Speaker,13089,61,November,2023
Midwest,Speaker,2440,12,September,2023
Southeast,Phone,19208,38,March,2024
Northwest,Mouse,1676,27,February,2024
West,Phone,19208,37,March,2024
North,Monitor,19775,77,August,2023
Northeast,Tablet,25275,84,August,2024
Northwest,Phone,23916,46,April,2023
North,Headphones,6684,39,August,2023
West,Monitor,3265,13,March,2023
Midwest,Tablet,27952,92,February,2023
Midwest,Tablet,31319,103,October,2024
Southeast,Mouse,3090,103,May,2024
West,Phone,23556,46,November,2022
North,Webcam,1887,15,September,2022
Northeast,Speaker,11722,55,May,2024
Southeast,Mouse,3304,87,February,2022
West,Tablet,9402,29,December,2024
Central,Mouse,2893,95,August,2023
Southwest,Tablet,11918,38,August,2022
Northeast,Keyboard,6743,83,February,2022
Northeast,Monitor,24292,96,July,2023
North,Tablet,30170,98,March,2023
Central,Laptop,20979,25,May,2023
Northeast,Phone,54816,109,September,2023
Midwest,Headphones,10168,65,March,2023
Central,Webcam,8227,83,December,2023
North,Phone,30719,60,February,2023
West,Tablet,27596,90,August,2024
South,Printer,25719,83,January,2022
Northwest,Headphones,7072,43,June,2022
Northwest,Webcam,8268,91,March,2024
Midwest,Keyboard,2705,28,October,2023
Northwest,Tablet,10112,31,May,2022
East,Printer,22574,73,July,2023
Northeast,Webcam,7603,82,May,2023
North,Mouse,969,13,September,2022
Southeast,Webcam,4808,45,June,2024
Northeast,Printer,24242,80,March,2024
Southeast,Monitor,26073,101,December,2024
South,Printer,29369,95,May,2022
Southeast,Phone,43534,86,November,2024
South,Tablet,11351,35,June,2023
Southeast,Printer,6087,20,September,2022
Midwest,Monitor,21987,87,January,2022
Midwest,Tablet,16788,54,October,2024
Northwest,Webcam,3308,33,February,2022
Central,Keyboard,3419,33,December,2022
North,Tablet,30715,101,July,2023
Northwest,Printer,30017,98,February,2022
Central,Phone,31522,62,August,2023
Northeast,Tablet,13621,44,October,2022
East,Phone,48742,96,March,2023
North,Laptop,31514,39,December,2023
West,Phone,19399,37,July,2024
Central,Headphones,12038,78,August,2024
East,Mouse,2228,72,July,2024
Northeast,Tablet,11305,35,May,2023
Northeast,Keyboard,6952,81,October,2023
Southeast,Phone,30577,61,September,2022
West,Monitor,19679,78,March,2023
Midwest,Mouse,3365,106,November,2023
Southeast,Webcam,1795,17,July,2023
Central,Laptop,64430,80,December,2022
Northeast,Laptop,25340,31,February,2024
North,Phone,54476,108,May,2024
North,Printer,32421,106,November,2022
Northeast,Laptop,50577,63,September,2023
Southeast,Laptop,22754,28,October,2023
East,Webcam,10047,109,June,2023
Northeast,Tablet,9652,31,November,2022
Northeast,Tablet,29222,97,March,2022
Southwest,Mouse,3873,96,March,2022
Midwest,Keyboard,1756,11,October,2023
East,Keyboard,3875,39,December,2024
Southwest,Monitor,3482,11,March,2024
Central,Monitor,13947,54,October,2022
South,Monitor,22312,89,November,2024
Midwest,Phone,9741,18,June,2022
North,Phone,53068,105,June,2022
Northeast,Speaker,3294,15,February,2023
Midwest,Tablet,21492,71,April,2022
Central,Speaker,21864,105,June,2024
Northwest,Laptop,60364,75,October,2023
West,Keyboard,2175,22,March,2022
Northwest,Keyboard,3244,29,October,2022
Central,Monitor,21324,84,January,2023
Southeast,Webcam,8546,87,March,2024
Southwest,Printer,13417,42,April,2024
North,Monitor,17349,67,January,2024
Southwest,Printer,19860,66,February,2022
Central,Webcam,8356,85,June,2024
Northeast,Laptop,14320,17,December,2024
Central,Tablet,20235,67,February,2023
East,Speaker,13380,66,August,2022
Central,Laptop,41803,52,August,2024
Southeast,Laptop,54756,68,June,2024
East,Headphones,5894,39,June,2022
North,Webcam,2815,23,August,2023
North,Speaker,16522,79,June,2023
South,Webcam,3528,35,August,2024
Northeast,Webcam,9978,108,January,2023
Southwest,Headphones,12221,78,January,2023
Northwest,Laptop,40578,50,July,2022
Northeast,Mouse,1812,58,August,2024
East,Headphones,8759,53,July,2022
East,Webcam,2941,24,July,2022
East,Speaker,18106,89,April,2022
Northwest,Laptop,20144,24,March,2022
East,Speaker,10120,49,October,2024
Southeast,Mouse,726,14,January,2023
Southwest,Speaker,11186,51,September,2024
Southwest,Mouse,3394,90,December,2023
Northeast,Headphones,16141,101,March,2024
Southwest,Tablet,16943,55,December,2023
East,Phone,18255,36,April,2022
Midwest,Headphones,9060,59,July,2024
Northwest,Tablet,13950,44,July,2023
North,Keyboard,6084,70,April,2023
North,Phone,30802,61,September,2024
Northwest,Keyboard,3406,41,April,2024
Southwest,Speaker,18786,92,May,2022
Southwest,Webcam,1015,10,October,2022
Southwest,Speaker,15076,73,December,2023
Southwest,Headphones,15063,98,January,2023
Central,Webcam,3112,34,January,2023
Southwest,Webcam,2196,22,April,2022
Northeast,Mouse,2683,83,June,2024
Southwest,Phone,43558,87,December,2022
Southwest,Tablet,18564,60,June,2024
East,Speaker,19303,95,March,2022
Southeast,Printer,15687,52,June,2023
Southeast,Tablet,4493,14,February,2022
East,Laptop,18577,22,July,2022
Central,Monitor,26706,105,February,2023
Northeast,Laptop,12996,15,February,2024
West,Headphones,11563,76,December,2024
West,Headphones,12143,78,March,2022
South,Monitor,24593,96,November,2023
Central,Speaker,5116,25,April,2022
South,Speaker,9818,46,October,2023
Northeast,Laptop,8837,11,December,2024
South,Headphones,12870,83,December,2022
Northwest,Keyboard,6412,69,January,2022
West,Monitor,24928,99,May,2022
Southwest,Laptop,26029,32,May,2023
West,Monitor,14462,54,July,2024
Southeast,Mouse,3561,107,July,2023
Central,Keyboard,7389,85,April,2024
Southwest,Headphones,5871,38,September,2024
South,Tablet,30405,100,June,2023
South,Laptop,80593,100,March,2022
Midwest,Headphones,14475,96,May,2024
Midwest,Headphones,14341,93,October,2022
Midwest,Keyboard,7447,89,September,2022
Midwest,Tablet,19212,61,November,2024
Central,Printer,10001,31,July,2023
South,Monitor,24807,99,May,2024
East,Phone,27763,54,January,2022
West,Tablet,6220,18,November,2023
West,Headphones,15026,96,December,2024
Midwest,Headphones,4699,29,November,2023
Southeast,Printer,9173,29,November,2024
Southwest,Monitor,9770,36,March,2024
West,Laptop,69601,87,October,2024
Southeast,Monitor,13179,51,March,2023
West,Phone,7368,13,December,2022
North,Printer,13161,43,February,2023
Southeast,Laptop,53723,66,September,2023
Central,Tablet,25189,83,April,2022
West,Laptop,26840,33,December,2023
North,Keyboard,2636,29,May,2024
North,Laptop,28001,34,July,2023
Northwest,Tablet,10026,31,September,2024
Southeast,Printer,13916,45,September,2024
South,Monitor,23878,93,August,2024
West,Laptop,36215,45,January,2022
Northwest,Speaker,5362,22,August,2023
Southwest,Keyboard,2794,34,October,2024
Central,Webcam,3435,33,July,2023
Southwest,Webcam,6225,62,October,2023
South,Headphones,1884,10,April,2024
West,Speaker,17199,85,April,2024
Midwest,Laptop,34523,42,March,2022
West,Phone,46012,91,January,2023
East,Printer,31631,105,July,2023
Northeast,Keyboard,2218,16,September,2022
North,Monitor,12323,46,September,2023
Northwest,Speaker,12766,61,October,2022
Central,Speaker,18070,88,November,2024
North,Monitor,12728,48,August,2024
West,Keyboard,4260,47,April,2022
East,Laptop,44126,55,June,2024
East,Speaker,20419,102,January,2023
West,Phone,12397,24,August,2022
North,Webcam,8627,93,June,2022
Northwest,Tablet,32936,108,October,2024
Northwest,Headphones,15915,104,March,2022
Southeast,Tablet,22598,73,November,2023
South,Laptop,81341,101,October,2024
Northeast,Speaker,12368,58,January,2022
Northwest,Headphones,13952,89,August,2023
Southeast,Mouse,2763,71,December,2022
Southeast,Mouse,543,13,May,2022
Central,Monitor,5357,20,March,2022
East,Laptop,58052,72,May,2022
Central,Monitor,20213,78,November,2023
Central,Monitor,19501,77,March,2022
South,Printer,24159,80,September,2023
Southeast,Tablet,31877,103,June,2022
East,Keyboard,7949,99,July,2024
South,Speaker,2862,13,July,2024
Midwest,Laptop,62402,78,June,2024
West,Keyboard,3470,35,March,2023
North,Webcam,1164,10,January,2023
Northeast,Speaker,12870,64,September,2022
West,Webcam,9405,101,December,2024
Midwest,Headphones,7670,51,June,2022
South,Webcam,10700,108,July,2023
Northeast,Phone,35626,70,August,2022
Southwest,Headphones,14092,89,September,2024
Southwest,Headphones,9354,59,July,2023
Midwest,Keyboard,1219,12,May,2022
North,Tablet,31830,104,October,2023
Southwest,Laptop,31349,38,August,2022
Northwest,Phone,9816,18,June,2024
East,Laptop,12336,15,November,2022
East,Printer,5292,15,May,2023
Northwest,Monitor,10940,42,June,2023
Midwest,Keyboard,3295,34,October,2023
East,Mouse,1954,33,July,2023
East,Tablet,11111,37,January,2023
Southeast,Webcam,9933,109,October,2024
Central,Laptop,51572,64,November,2024
West,Headphones,13694,90,October,2022
Midwest,Mouse,2777,68,July,2024
Northwest,Phone,5523,11,April,2022
Southeast,Headphones,9675,60,August,2023
North,Monitor,26555,106,August,2023
West,Keyboard,2023,13,September,2024
North,Webcam,4869,47,February,2022
Southwest,Monitor,25817,101,May,2023
West,Mouse,3022,69,July,2024
Southwest,Keyboard,5215,56,April,2023
East,Mouse,2282,76,April,2022
Central,Speaker,21428,106,April,2023
Central,Webcam,9379,102,January,2022
Southeast,Speaker,21986,105,December,2024
South,Tablet,31143,103,January,2022
West,Mouse,3235,95,October,2023
Midwest,Keyboard,9154,105,May,2023
North,Monitor,7843,30,July,2022
North,Speaker,5090,22,January,2023
East,Tablet,6966,21,August,2024
Central,Mouse,656,20,December,2023
East,Phone,32354,63,April,2023
East,Webcam,7159,74,May,2023
Central,Mouse,3832,104,January,2023
Northwest,Phone,43822,87,May,2023
North,Printer,17201,57,January,2023
South,Monitor,12488,48,July,2024
North,Headphones,5258,33,February,2023
Midwest,Keyboard,2854,31,February,2022
South,Speaker,5841,27,May,2024
Northeast,Mouse,1588,37,November,2023
North,Webcam,3678,34,August,2024
Southwest,Keyboard,9184,104,August,2022
Midwest,Tablet,26215,85,December,2023
Northeast,Phone,9386,18,December,2024
North,Headphones,3600,24,May,2023
Central,Monitor,7617,29,October,2024
Southeast,Phone,38009,75,March,2023
Northeast,Mouse,1278,12,April,2023
Southwest,Keyboard,9507,107,December,2024
Northwest,Tablet,28379,93,February,2023
Northeast,Monitor,25904,103,December,2024
Midwest,Phone,44410,87,December,2023
West,Monitor,6742,24,March,2022
Central,Monitor,26813,104,May,2022
Midwest,Laptop,53250,66,August,2023
Northeast,Mouse,1616,40,January,2023
Northwest,Keyboard,1361,11,February,2023
North,Speaker,5816,27,April,2023
Northwest,Phone,21052,41,April,2023
West,Speaker,13428,66,January,2024
Northeast,Phone,13660,27,January,2023
West,Phone,32080,64,February,2022
West,Laptop,33875,42,August,2024
West,Speaker,20266,101,January,2023
Southwest,Laptop,54683,68,December,2024
Southwest,Tablet,27721,90,December,2024
Southeast,Laptop,8942,11,December,2024
North,Monitor,8510,32,May,2023
North,Laptop,69033,86,September,2024
Northwest,Phone,53351,106,April,2024
Midwest,Speaker,4009,20,April,2022
West,Tablet,10316,32,February,2023
Midwest,Mouse,1904,43,August,2024
North,Monitor,23444,92,November,2024
Southeast,Headphones,4740,26,November,2022
East,Keyboard,5755,62,May,2024
North,Webcam,5392,57,February,2022
East,Mouse,2249,55,April,2022
Central,Keyboard,8036,98,August,2024
Northwest,Headphones,12018,75,December,2024
Midwest,Keyboard,7928,88,November,2023
Central,Speaker,20259,101,February,2024
North,Tablet,32623,107,July,2022
Northwest,Laptop,30402,38,June,2022
Northeast,Printer,4676,15,July,2022
Southwest,Mouse,1263,40,November,2024
East,Laptop,68732,85,January,2024
Central,Keyboard,1202,15,June,2022
East,Keyboard,2056,20,September,2022
West,Printer,25814,86,August,2024
West,Headphones,10835,69,June,2024
Midwest,Phone,30698,60,November,2023
Central,Tablet,31720,104,August,2024
West,Webcam,10505,107,September,2023
Southeast,Monitor,27587,107,April,2024
West,Phone,17986,34,April,2022
East,Mouse,3248,77,October,2024
Central,Monitor,12897,49,November,2024
Southeast,Monitor,20284,78,February,2023
Southwest,Laptop,84673,105,August,2022
Southeast,Mouse,2780,81,October,2023
Southeast,Webcam,2801,28,January,2024
South,Tablet,19116,62,January,2024
Southeast,Headphones,4977,32,August,2022
South,Keyboard,8744,98,June,2024
Southwest,Headphones,9087,58,December,2023
Southeast,Speaker,2738,11,May,2023
Central,Speaker,10641,52,June,2024
Central,Monitor,4359,14,January,2024
South,Keyboard,7877,95,May,2024
West,Monitor,26735,103,September,2022
Northeast,Phone,32611,65,September,2023
North,Speaker,14490,69,March,2022
Northwest,Laptop,16084,20,November,2022
North,Mouse,2365,50,December,2022
South,Keyboard,6054,68,October,2024
North,Monitor,13020,50,March,2023
Southwest,Monitor,17160,68,September,2022
East,Tablet,27792,91,December,2023
East,Tablet,30354,101,September,2024
East,Laptop,14329,17,March,2022
Southwest,Printer,18465,61,February,2022
North,Laptop,66567,83,October,2022
Southwest,Tablet,14707,47,March,2024
Northeast,Tablet,33376,108,December,2024
Central,Printer,21329,69,November,2022
West,Tablet,31051,103,April,2024
Midwest,Speaker,12616,60,November,2024
Northeast,Monitor,22462,88,November,2022
Southwest,Speaker,13402,66,June,2023
West,Phone,41450,82,January,2022
North,Phone,5644,10,May,2022
Central,Keyboard,4346,45,October,2023
South,Webcam,10017,103,November,2024
Central,Monitor,27019,108,January,2024
East,Monitor,5033,19,October,2023
West,Webcam,8450,91,February,2024
South,Printer,5190,16,December,2023
Southwest,Monitor,14053,56,August,2023
North,Laptop,55266,69,August,2023
West,Webcam,8494,91,September,2023
Northeast,Speaker,9823,45,December,2022
Midwest,Monitor,4225,14,October,2022
West,Mouse,1083,36,August,2024
East,Printer,17762,56,July,2023
East,Tablet,13165,43,February,2024
East,Keyboard,5544,59,November,2024
Midwest,Printer,6702,20,January,2024
Northwest,Mouse,2153,56,November,2024
South,Monitor,24853,97,October,2024
East,Headphones,10807,70,November,2022
Northwest,Laptop,70680,88,November,2024
Northeast,Printer,23877,77,April,2023
South,Tablet,16364,54,April,2022
West,Headphones,6628,40,June,2023
Central,Laptop,40391,50,December,2024
Northeast,Mouse,1596,49,November,2024
Central,Mouse,4081,107,May,2024
East,Phone,13959,26,December,2024
West,Laptop,48320,60,March,2024
Central,Webcam,7679,85,March,2023
South,Speaker,13918,65,December,2024
North,Webcam,9238,101,October,2024
Southeast,Laptop,34311,42,December,2023
Midwest,Monitor,23050,89,March,2024
South,Webcam,9844,108,July,2024
North,Keyboard,5765,63,November,2022
Southeast,Headphones,13899,89,May,2023
Central,Keyboard,2856,32,August,2022
Northwest,Webcam,10215,109,September,2023
North,Printer,31921,106,August,2022
West,Speaker,6379,29,July,2024
Northeast,Phone,5879,11,October,2022
South,Headphones,5244,34,June,2023
Northwest,Laptop,45435,56,November,2023
Southeast,Tablet,30593,99,October,2023
Southeast,Headphones,10546,65,July,2024
Midwest,Laptop,13846,17,October,2022
Midwest,Tablet,25942,86,June,2022
Northeast,Tablet,5194,16,September,2023
Northeast,Laptop,70306,87,March,2022
Southeast,Headphones,13040,82,February,2023
Midwest,Speaker,9510,43,March,2023
Midwest,Phone,46283,92,December,2022
Southwest,Printer,27514,91,February,2022
Southwest,Printer,29457,97,December,2022
South,Headphones,1731,10,July,2023
Northeast,Mouse,1962,64,July,2022
Southwest,Keyboard,4654,56,June,2024
South,Speaker,18482,88,December,2022
Northwest,Headphones,11379,73,February,2023
Southwest,Keyboard,3377,40,July,2022
Southeast,Headphones,14996,99,June,2024
East,Laptop,80465,100,January,2022
Northeast,Headphones,7229,47,December,2022
East,Monitor,15610,62,December,2023
North,Phone,14559,28,November,2022
Northeast,Webcam,4069,37,January,2022
West,Mouse,2762,73,December,2022
West,Headphones,2215,13,April,2023
Southwest,Webcam,9900,101,March,2023
East,Monitor,7575,30,February,2022
South,Monitor,8937,32,December,2022
East,Laptop,27183,33,January,2024
North,Mouse,3672,99,August,2022
South,Speaker,12690,62,October,2023
Southeast,Printer,13831,45,November,2023
Southeast,Laptop,25412,31,February,2024
West,Printer,26136,87,February,2024
East,Laptop,11112,13,October,2024
Midwest,Phone,38948,77,June,2022
East,Tablet,30412,99,July,2023
North,Laptop,83181,103,May,2024
Midwest,Speaker,6237,31,July,2023
West,Mouse,1330,25,January,2022
Central,Tablet,5093,15,February,2024
West,Mouse,892,20,May,2022
North,Speaker,8095,39,April,2024
Northwest,Monitor,4144,14,July,2022
Southeast,Speaker,20774,99,October,2024
Midwest,Laptop,87577,109,April,2024
Northeast,Webcam,9539,98,November,2023
North,Printer,26205,87,January,2023
Southeast,Laptop,24160,30,August,2024
Northwest,Tablet,25847,84,April,2024
Central,Phone,38964,77,March,2023
North,Printer,10600,33,July,2023
Southeast,Laptop,19367,23,July,2023
Midwest,Headphones,13065,85,June,2022
Midwest,Speaker,13464,67,April,2024
Northwest,Speaker,20517,99,March,2024
South,Monitor,3906,13,May,2023
Northwest,Laptop,42368,52,March,2023
Northeast,Tablet,21644,71,December,2023
Southwest,Printer,10483,34,January,2022
South,Laptop,74310,92,February,2024
Midwest,Printer,32776,109,December,2024
North,Laptop,54751,68,February,2022
Northeast,Mouse,1317,29,February,2024
Northeast,Webcam,3697,32,May,2023
Northeast,Speaker,14606,69,November,2024
Northwest,Laptop,87418,109,April,2023
East,Phone,33459,65,June,2023
Southeast,Printer,16801,55,December,2022
Southeast,Headphones,14211,94,October,2024
Southeast,Keyboard,7973,96,April,2022
West,Speaker,7169,34,March,2023
Northeast,Speaker,18896,91,September,2024
Central,Webcam,8004,81,April,2024
Northeast,Keyboard,6959,82,August,2023
Northwest,Mouse,1630,47,October,2022
Midwest,Mouse,3671,98,March,2024
Southwest,Webcam,2945,31,October,2023
West,Keyboard,8028,100,July,2024
Southwest,Keyboard,2226,26,January,2022
Southeast,Phone,46801,93,September,2024
Central,Headphones,12943,82,March,2024
North,Headphones,2732,17,March,2024
East,Monitor,25827,101,May,2024
West,Keyboard,3214,28,December,2024
North,Keyboard,8155,94,May,2024
East,Keyboard,8441,102,December,2024
East,Speaker,13772,64,February,2022
Southeast,Headphones,4279,28,June,2022
Southeast,Phone,6391,12,November,2024
South,Tablet,8472,26,June,2024
East,Headphones,7509,49,June,2024
Southwest,Speaker,21435,106,December,2022
Northwest,Mouse,3469,88,June,2023
Northwest,Speaker,22193,107,August,2023
Midwest,Tablet,27795,92,October,2022
West,Keyboard,4597,45,February,2023
Southwest,Headphones,11888,76,March,2022
West,Phone,20079,39,March,2023
Central,Webcam,7421,73,October,2022
North,Speaker,11044,52,October,2022
West,Laptop,9436,11,July,2022
Northwest,Laptop,24147,29,February,2022
Northeast,Laptop,28186,34,September,2024
Southeast,Webcam,1799,10,March,2024
West,Printer,16266,52,November,2022
Northeast,Monitor,9058,35,January,2022
Northwest,Monitor,3109,12,May,2022
South,Phone,53836,106,February,2022
Northeast,Webcam,6340,60,January,2023
West,Laptop,84073,105,March,2023
Northwest,Printer,25654,83,January,2023
North,Webcam,7799,78,July,2024
Southwest,Speaker,13285,65,January,2022
Midwest,Monitor,23725,94,March,2023
Central,Mouse,1887,55,January,2024
East,Headphones,5371,33,February,2024
North,Webcam,9336,101,August,2022
Southeast,Printer,21641,72,March,2023
West,Laptop,44603,55,December,2022
Southwest,Phone,15643,30,November,2023
Northeast,Printer,6345,19,July,2023
Northwest,Keyboard,8241,100,November,2023
West,Laptop,46582,58,March,2024
West,Tablet,13476,43,April,2024
North,Headphones,2318,14,June,2022
North,Webcam,7791,82,August,2023
West,Tablet,16923,56,November,2023
Northwest,Tablet,25759,85,May,2023
Southwest,Printer,13863,46,September,2024
Northwest,Webcam,4861,44,November,2022
East,Speaker,4241,19,July,2024
North,Tablet,7502,25,February,2024
West,Phone,38138,76,November,2022
Southeast,Mouse,2567,53,February,2024
West,Keyboard,2148,18,July,2022
Central,Monitor,8110,31,July,2024
South,Printer,23193,76,July,2024
Central,Tablet,18333,61,March,2024
West,Headphones,8319,50,August,2023
East,Keyboard,7365,85,November,2024
Midwest,Phone,54816,109,November,2022
South,Tablet,26897,88,April,2022
West,Printer,21742,71,August,2024
Northeast,Mouse,1499,19,September,2023
Southwest,Monitor,20786,80,July,2024
Northeast,Headphones,16735,109,April,2023
Northwest,Speaker,3192,13,October,2022
Southwest,Webcam,6300,69,February,2024
Central,Phone,34341,68,September,2022
South,Phone,47854,95,September,2022
West,Monitor,11196,41,November,2024
East,Mouse,3282,107,January,2023
Central,Mouse,2632,64,December,2024
Northeast,Phone,37336,73,March,2023
Southwest,Laptop,40949,50,December,2023
South,Speaker,17521,83,June,2024
South,Mouse,2458,78,June,2024
Southeast,Tablet,20135,64,February,2023
South,Webcam,6492,62,March,2023
West,Mouse,879,27,July,2022
Southeast,Monitor,3508,14,November,2024
West,Laptop,60440,75,July,2022
Northeast,Keyboard,6844,80,July,2024
South,Phone,38716,77,November,2024
Southeast,Webcam,8293,86,June,2024
Northeast,Monitor,5065,18,October,2022
South,Webcam,10085,109,June,2022
East,Printer,16262,53,December,2024
Midwest,Phone,46958,93,October,2023
Southwest,Laptop,82308,102,March,2024
Southwest,Speaker,13142,61,December,2024
Northeast,Tablet,6656,19,April,2024
South,Mouse,2827,86,February,2023
South,Phone,6730,12,August,2023
West,Speaker,9781,45,March,2024
Southeast,Keyboard,6879,78,November,2023
West,Mouse,3549,95,September,2022
Southeast,Phone,49857,99,April,2022
Southwest,Monitor,19318,74,May,2024
Northwest,Speaker,16085,77,November,2024
Northwest,Headphones,14300,95,April,2022
North,Tablet,12179,38,May,2023
Southeast,Printer,3378,11,January,2022
Northeast,Monitor,4051,13,May,2023
Central,Laptop,41499,51,August,2024
North,Phone,35481,70,November,2022
Central,Phone,16988,33,October,2023
South,Tablet,11180,35,August,2023
Southeast,Keyboard,7281,83,September,2024
Northwest,Printer,30462,99,May,2023
Northeast,Mouse,2858,77,November,2022
Midwest,Headphones,4104,26,July,2022
Northwest,Webcam,8892,93,October,2023
North,Headphones,14524,96,March,2023
West,Laptop,83370,103,November,2024
Central,Mouse,2461,67,August,2023
West,Printer,14065,45,December,2024
Southwest,Speaker,21936,105,October,2023
Central,Printer,7973,25,November,2024
Midwest,Speaker,2835,14,May,2023
East,Tablet,25232,84,June,2023
East,Webcam,4086,43,November,2022
Northeast,Headphones,4006,21,February,2023
Midwest,Tablet,16219,51,May,2023
South,Speaker,14516,70,May,2022
North,Printer,13996,46,June,2024
Northwest,Mouse,1184,24,May,2022
North,Tablet,18410,61,June,2022
East,Webcam,2059,22,February,2022
East,Printer,18404,59,November,2022
Midwest,Keyboard,5474,61,February,2022
South,Tablet,24378,79,September,2023
North,Keyboard,8265,102,December,2022
West,Monitor,27798,109,November,2023
Central,Monitor,12735,47,July,2022
Northwest,Monitor,18395,72,September,2022
Southeast,Tablet,10005,32,May,2022
East,Laptop,38076,47,May,2022
West,Printer,15687,51,January,2024
Southwest,Tablet,12967,40,August,2024
Midwest,Webcam,9647,102,March,2023
West,Monitor,10147,37,July,2024
Northeast,Mouse,1146,33,April,2022
South,Mouse,860,27,March,2024
Southwest,Monitor,23307,92,August,2024
West,Phone,54295,108,March,2022
South,Tablet,10866,34,February,2024
Southeast,Tablet,16664,55,November,2023
Northeast,Headphones,4396,25,November,2022
West,Phone,54007,108,March,2024
Midwest,Speaker,7455,35,October,2024
Northeast,Printer,11823,39,February,2024
Northeast,Phone,22615,44,June,2022
West,Webcam,3489,38,December,2022
West,Mouse,3344,105,November,2023
Northeast,Phone,18966,36,September,2023
Southwest,Printer,8742,27,June,2024
Southeast,Printer,5529,17,July,2022
Southeast,Speaker,4962,22,February,2023
Southeast,Phone,52037,103,September,2022
West,Headphones,9155,57,September,2024
Northwest,Webcam,3870,32,January,2023
Northwest,Headphones,2744,14,October,2024
Southeast,Monitor,13493,52,June,2022
West,Speaker,5037,21,September,2023
Midwest,Headphones,11858,79,October,2023
Midwest,Mouse,1348,33,November,2022
West,Headphones,5116,29,April,2023
Midwest,Headphones,6301,40,June,2023
Southeast,Tablet,33215,109,May,2024
Midwest,Webcam,2539,22,September,2024
Southwest,Tablet,24158,79,August,2022
Northeast,Tablet,22355,73,March,2024
North,Printer,26455,86,November,2024
Central,Tablet,8211,26,June,2024
South,Mouse,992,19,December,2023
Central,Mouse,3336,94,January,2024
Midwest,Webcam,6253,62,January,2022
Midwest,Webcam,4956,49,March,2024
Southwest,Keyboard,3419,38,December,2022
Northeast,Monitor,26749,104,May,2024
Northwest,Phone,6220,12,August,2022
North,Mouse,2734,85,March,2024
Northeast,Monitor,18526,72,October,2023
Southwest,Speaker,12477,58,September,2022
South,Printer,24010,79,August,2022
Northwest,Phone,40467,80,February,2023
Northeast,Mouse,2485,62,September,2024
Midwest,Speaker,14857,71,August,2023
Southeast,Laptop,12490,15,April,2024
North,Mouse,3315,93,May,2023
Central,Speaker,9357,45,December,2022
West,Keyboard,4444,54,August,2023
North,Laptop,53716,67,December,2023
East,Speaker,5132,23,August,2023
Southwest,Monitor,10978,42,August,2022
Northeast,Speaker,14488,70,September,2023
Northwest,Laptop,37760,46,September,2023
East,Laptop,63709,79,February,2024
North,Speaker,12031,56,July,2024
Northeast,Tablet,15929,52,March,2024
Northwest,Laptop,60149,74,December,2022
South,Phone,44249,88,February,2023
Central,Laptop,14706,18,November,2024
South,Headphones,3321,21,December,2022
Southeast,Speaker,20545,101,July,2024
Northeast,Phone,32157,64,November,2023
South,Headphones,11716,77,January,2022
Northeast,Keyboard,2466,30,February,2022
Southwest,Monitor,16711,64,November,2024
Central,Tablet,21901,71,July,2023
East,Speaker,15151,75,August,2022
Southeast,Webcam,4306,46,June,2023
East,Speaker,18784,90,November,2023
Southwest,Printer,16525,53,March,2023
North,Phone,37120,73,July,2024
West,Monitor,23959,93,April,2024
Central,Laptop,16660,20,September,2022
South,Speaker,10772,49,February,2022
Central,Tablet,31005,103,April,2024
Midwest,Webcam,6355,66,February,2024
Northeast,Mouse,1634,40,November,2024
North,Printer,18124,58,September,2024
Southwest,Speaker,12293,60,September,2024
Midwest,Mouse,2709,89,August,2024
South,Laptop,8288,10,October,2023
Southeast,Monitor,9974,36,August,2024
Midwest,Phone,51829,102,February,2022
Midwest,Phone,26247,52,December,2024
Northeast,Mouse,2141,40,December,2022
Northeast,Keyboard,6975,85,September,2023
South,Mouse,1263,39,June,2022
Central,Keyboard,4149,43,November,2023
West,Phone,24290,48,November,2023
Midwest,Printer,24003,78,November,2024
Southeast,Mouse,3307,89,April,2022
West,Tablet,6904,20,March,2023
Northeast,Webcam,9322,96,May,2024
South,Printer,25159,81,January,2022
North,Tablet,27312,89,November,2024
Southeast,Monitor,8725,34,September,2022
Midwest,Tablet,12215,40,March,2024
Southeast,Monitor,6800,25,September,2023
Northeast,Monitor,14537,57,August,2022
Central,Headphones,2357,10,May,2024
Northwest,Keyboard,9018,107,February,2023
Northwest,Tablet,20324,66,June,2023
West,Speaker,11599,55,July,2022
Midwest,Monitor,17325,66,June,2023
Southwest,Phone,11757,23,April,2024
Southeast,Headphones,15669,99,June,2024
East,Speaker,10448,50,September,2022
South,Tablet,14028,45,January,2024
Northwest,Phone,27652,55,January,2023
Midwest,Speaker,4717,19,October,2022
East,Speaker,9627,45,September,2024
Midwest,Tablet,8868,29,August,2022
Northeast,Webcam,4402,41,May,2023
Southwest,Headphones,6115,36,December,2022
North,Tablet,4808,13,October,2022
Northwest,Printer,30282,98,December,2023
Southwest,Tablet,8356,25,April,2023
East,Keyboard,4569,49,August,2024
Northeast,Speaker,18326,91,July,2023
Midwest,Phone,45262,89,August,2023
Midwest,Printer,6612,20,July,2024
West,Headphones,10796,70,December,2023
Northwest,Printer,31395,104,November,2022
Southeast,Keyboard,7910,98,October,2022
Southeast,Webcam,6637,66,February,2023
Midwest,Headphones,5529,36,September,2022
Northwest,Headphones,12068,78,January,2022
East,Headphones,15582,99,February,2022
South,Mouse,1729,34,November,2024
Midwest,Mouse,1218,12,March,2022
South,Mouse,767,20,February,2022
Central,Printer,31379,104,January,2024
Northeast,Printer,25337,82,September,2024
Northeast,Tablet,12127,39,August,2024
East,Monitor,25751,102,June,2022
Northeast,Keyboard,3013,37,March,2022
South,Speaker,2608,10,February,2024
Central,Webcam,1939,12,March,2023
Central,Keyboard,8095,91,February,2024
South,Printer,28923,94,January,2024
North,Speaker,15064,74,June,2023
Central,Tablet,18792,62,May,2022
Southwest,Printer,17327,56,February,2024
Northwest,Printer,15797,50,March,2022
Central,Monitor,22548,88,January,2024
West,Tablet,3308,11,June,2024
North,Phone,18963,37,January,2022
West,Webcam,8968,97,February,2022
East,Phone,21198,41,October,2023
Northeast,Webcam,5404,58,July,2023
Central,Mouse,1588,45,August,2024
Northwest,Monitor,15390,61,April,2023
Central,Monitor,21841,87,August,2022
North,Tablet,6292,19,December,2023
North,Printer,4287,13,August,2023
West,Headphones,4685,27,March,2022
Central,Tablet,28786,93,April,2022
Northwest,Tablet,18112,58,January,2024
Midwest,Keyboard,9656,109,October,2024
East,Keyboard,5987,64,February,2022
Northeast,Speaker,18826,94,May,2024
Northeast,Tablet,15970,53,July,2024
Southwest,Speaker,9095,41,November,2022
West,Monitor,10802,40,October,2023
Southeast,Laptop,29642,37,May,2023
Southeast,Mouse,2028,58,February,2024
Southeast,Laptop,66506,82,June,2023
West,Phone,38608,77,December,2023
North,Webcam,7462,74,March,2023
Midwest,Keyboard,5292,66,February,2022
Northeast,Mouse,3916,103,August,2023
Southeast,Monitor,10836,42,December,2024
East,Laptop,56894,71,January,2024
Southwest,Headphones,5494,31,April,2022
North,Monitor,17192,67,July,2022
Midwest,Webcam,2325,24,June,2022
Central,Headphones,4761,26,September,2022
West,Headphones,3100,20,August,2023
Northeast,Laptop,43844,54,November,2022
Central,Laptop,9616,11,December,2022
West,Monitor,17221,65,January,2022
South,Printer,11472,37,June,2024
Southeast,Monitor,25965,103,January,2024
Central,Laptop,76152,94,October,2022
North,Mouse,1497,46,September,2024
Northwest,Phone,16275,32,August,2024
Northwest,Phone,39657,79,April,2022
East,Phone,14289,27,January,2024
Central,Keyboard,5763,67,April,2023
Midwest,Mouse,1802,30,July,2024
Northeast,Headphones,4201,22,January,2024
Northeast,Headphones,3769,22,October,2022
East,Phone,31791,63,August,2024
Northeast,Tablet,26184,87,December,2024
Southwest,Tablet,29251,95,April,2024
West,Speaker,17927,85,September,2023
Northwest,Mouse,3183,77,January,2023
Southeast,Webcam,7084,74,July,2022
North,Laptop,87598,109,June,2023
Southeast,Mouse,2986,93,May,2022
Midwest,Speaker,13956,66,December,2022
Southwest,Printer,4206,12,June,2023
Northeast,Phone,37129,74,September,2024
Midwest,Tablet,12181,39,April,2024
South,Webcam,1702,11,February,2023
Midwest,Keyboard,8806,109,March,2024
East,Monitor,27322,108,May,2023
Northeast,Monitor,17876,68,May,2023
Southeast,Webcam,5729,60,July,2022
South,Speaker,6151,28,February,2023
East,Laptop,12925,15,July,2022
South,Headphones,9035,59,April,2022
North,Monitor,26901,106,February,2022
East,Headphones,15788,105,September,2022
Southeast,Headphones,11609,73,February,2024
Southeast,Tablet,24781,82,November,2022
East,Headphones,11405,70,July,2023
South,Mouse,2264,63,April,2024
Southeast,Webcam,6629,70,February,2024
South,Keyboard,6981,84,December,2024
Northwest,Printer,4791,14,June,2024
North,Keyboard,8859,99,May,2024
West,Monitor,8465,32,March,2022
Northwest,Speaker,10947,54,May,2024
East,Laptop,27338,34,June,2023
Southwest,Phone,34561,69,December,2022
South,Mouse,3364,95,February,2023
Midwest,Webcam,1656,10,October,2023
Northeast,Phone,21370,41,September,2024
South,Speaker,2422,11,February,2022
West,Monitor,17017,66,July,2024
South,Speaker,10032,47,September,2022
East,Tablet,13379,44,September,2023
Northwest,Speaker,14155,68,April,2023
Northeast,Headphones,3656,21,August,2024
Southwest,Headphones,16256,105,March,2024
Midwest,Mouse,1274,32,April,2024
East,Laptop,84337,105,September,2022
Southeast,Mouse,2509,82,September,2024
Midwest,Webcam,7086,78,September,2022
North,Speaker,15634,76,April,2023
East,Laptop,44142,55,July,2023
East,Mouse,1393,24,May,2024
Northeast,Printer,9821,30,August,2024
Southeast,Keyboard,3354,41,January,2023
East,Webcam,3634,36,July,2024
Northwest,Mouse,2161,72,April,2024
Northeast,Monitor,26240,101,August,2022
Southwest,Webcam,9514,100,May,2022
Southwest,Webcam,4204,37,January,2023
Northwest,Webcam,6595,72,November,2023
West,Printer,7681,23,October,2023
West,Headphones,10396,67,August,2024
Southwest,Webcam,3790,39,April,2024
West,Webcam,9688,107,July,2024
West,Headphones,8526,54,February,2023
Midwest,Phone,44356,87,November,2024
North,Monitor,18172,70,January,2022
Northeast,Mouse,1376,15,October,2023
North,Speaker,9648,48,September,2022
Southwest,Keyboard,3587,40,December,2022
Southeast,Printer,21841,71,October,2023
Southwest,Webcam,7866,87,June,2023
Midwest,Laptop,21674,27,June,2024
North,Printer,10077,33,July,2024
North,Speaker,14060,69,May,2024
North,Phone,21888,43,March,2023
Southeast,Keyboard,2493,21,March,2023
Midwest,Webcam,3532,36,November,2024
Southeast,Phone,28238,55,August,2024
North,Webcam,8226,88,May,2022
Southwest,Laptop,13758,16,August,2024
South,Tablet,23110,74,December,2022
Southeast,Laptop,15897,19,February,2024
Southeast,Tablet,28395,92,February,2023
Northeast,Headphones,2482,13,January,2024
North,Webcam,1762,15,February,2022
Central,Webcam,1309,11,October,2024
Southwest,Phone,43212,85,March,2023
Midwest,Speaker,15572,75,April,2024
Northwest,Speaker,18325,89,December,2023
Northeast,Printer,19545,63,January,2023
East,Webcam,3638,35,May,2023
Midwest,Tablet,14707,49,December,2022
South,Mouse,1019,18,May,2023
East,Phone,7330,13,October,2024
Southeast,Tablet,14957,48,October,2022
South,Webcam,8072,80,May,2023
South,Keyboard,6287,70,May,2024
Southeast,Printer,31144,103,January,2023
Southeast,Mouse,3525,98,January,2022
Southwest,Printer,21347,69,May,2022
Midwest,Monitor,10832,43,May,2022
West,Monitor,24967,97,December,2023
Central,Laptop,81654,102,October,2022
Southeast,Printer,3777,12,July,2022
Southwest,Webcam,10334,107,January,2022
Northwest,Phone,28891,57,August,2022
Southwest,Laptop,44019,54,January,2024
Midwest,Monitor,24406,97,July,2023
Midwest,Mouse,4009,106,September,2024
South,Printer,8372,27,October,2024
Southeast,Phone,49090,97,April,2022
Northwest,Mouse,3404,107,June,2023
North,Tablet,4807,15,January,2023
Midwest,Mouse,1205,27,May,2024
Central,Keyboard,7460,87,July,2023
Southeast,Headphones,5524,33,March,2024
Northwest,Keyboard,4658,52,September,2023
Southwest,Monitor,6238,23,July,2022
Northwest,Laptop,71693,89,April,2024
Southeast,Headphones,5283,33,June,2024
Northeast,Mouse,3424,106,November,2022
North,Monitor,20999,81,February,2024
Northwest,Tablet,10624,35,July,2024
West,Phone,49643,98,June,2022
Southwest,Speaker,22038,109,August,2023
Southeast,Laptop,15958,19,June,2024
Northeast,Mouse,2865,76,July,2024
Northeast,Printer,28202,91,August,2023
Central,Speaker,6703,29,July,2023
Northeast,Laptop,63212,78,February,2022
East,Headphones,2469,10,July,2023
East,Keyboard,8876,100,November,2024
Northwest,Speaker,6626,33,March,2024
North,Speaker,21584,106,December,2022
Southeast,Speaker,15645,75,December,2022
Southeast,Phone,53426,105,January,2022
Southeast,Phone,25574,51,June,2024
South,Keyboard,1280,15,September,2023
Northeast,Printer,32455,108,December,2024
Northeast,Headphones,8495,55,April,2023
Northeast,Phone,17095,34,October,2022
Midwest,Mouse,1335,29,June,2023
South,Monitor,18810,73,December,2023
Southwest,Phone,28196,56,December,2022
South,Keyboard,6202,76,August,2023
Northwest,Printer,27215,89,May,2024
Southwest,Headphones,15074,94,January,2023
Northeast,Laptop,39103,48,August,2023
East,Headphones,6566,40,June,2023
Midwest,Laptop,52719,65,July,2023
North,Tablet,8445,28,August,2023
Midwest,Tablet,20058,64,December,2024
North,Mouse,3291,77,March,2022
Midwest,Speaker,7027,34,August,2022
West,Speaker,21169,101,August,2022
West,Webcam,5613,56,November,2022
Southwest,Phone,43697,87,June,2022
Midwest,Keyboard,8176,94,November,2022
Southeast,Laptop,73180,91,June,2022
South,Printer,16558,53,May,2023
Midwest,Speaker,9228,43,July,2024
South,Printer,15378,49,May,2022
South,Headphones,16049,104,October,2023
Northwest,Monitor,15404,61,February,2024
South,Laptop,80420,100,September,2022
West,Webcam,4192,41,January,2022
South,Keyboard,1316,15,July,2024
Northeast,Mouse,908,20,May,2022
Southeast,Printer,9046,29,July,2022
Southwest,Keyboard,7872,96,July,2022
Northwest,Mouse,1488,17,April,2022
South,Tablet,32766,107,November,2022
Central,Speaker,12371,60,January,2024
West,Printer,9017,29,April,2022
Southeast,Printer,27482,91,November,2023
Central,Webcam,5326,49,June,2024
Southeast,Laptop,24757,30,July,2022
East,Mouse,1415,17,January,2024
West,Webcam,4828,46,April,2022
North,Webcam,2523,24,December,2023
North,Printer,25133,83,June,2023
Northeast,Tablet,3026,10,April,2024
East,Speaker,20921,103,February,2024
East,Printer,13925,46,May,2024
East,Headphones,14744,97,May,2023
Southwest,Monitor,26503,103,February,2022
Midwest,Monitor,22077,87,July,2024
South,Phone,20220,40,November,2024
Southwest,Mouse,3395,107,July,2024
Midwest,Headphones,7133,46,June,2022
Midwest,Tablet,6722,20,December,2024
Midwest,Keyboard,3944,43,November,2023
Southwest,Speaker,12666,61,May,2023
Midwest,Headphones,11347,74,June,2023
Northeast,Printer,8554,26,August,2024
Northwest,Headphones,4942,28,November,2024
East,Speaker,8240,40,March,2024
South,Mouse,1521,50,December,2024
Midwest,Speaker,21887,109,October,2023
Midwest,Tablet,18427,59,September,2023
West,Monitor,18148,71,July,2024
East,Laptop,17899,22,July,2023
Northeast,Keyboard,8104,100,August,2023
Southwest,Speaker,16231,77,March,2024
Southwest,Webcam,2830,23,June,2023
Southeast,Webcam,1950,13,September,2023
West,Mouse,967,27,January,2024
Southwest,Mouse,1578,39,February,2022
Midwest,Headphones,5194,34,December,2023
Southwest,Speaker,20393,98,August,2023
South,Mouse,1178,13,May,2023
West,Mouse,3258,86,November,2023
Northwest,Monitor,20888,81,June,2022
West,Speaker,18252,88,January,2024
Southeast,Webcam,4418,45,April,2023
North,Laptop,67731,84,January,2023
Northeast,Printer,19811,65,December,2023
Midwest,Webcam,3038,30,October,2022
Northwest,Webcam,7908,78,February,2024
Central,Tablet,30827,102,October,2023
Midwest,Speaker,14408,72,June,2024
Southwest,Speaker,8539,38,April,2024
North,Headphones,7695,50,March,2024
Northwest,Tablet,17988,58,June,2023
Northeast,Phone,48412,95,January,2024
Northwest,Mouse,2278,75,March,2022
North,Printer,22682,73,April,2023
East,Keyboard,4188,51,September,2022
Southwest,Keyboard,5476,67,April,2023
East,Phone,45417,90,January,2022
Southeast,Headphones,9014,55,May,2024
East,Printer,21485,69,June,2022
South,Keyboard,2818,24,December,2022
West,Laptop,19898,24,December,2022
Southeast,Monitor,18214,69,June,2023
South,Printer,20489,65,October,2022
Northeast,Keyboard,1218,14,May,2024
West,Speaker,18442,92,August,2022
Northwest,Printer,20123,67,November,2022
Midwest,Mouse,3290,100,April,2022
Southwest,Speaker,14070,68,November,2023
East,Tablet,12367,41,April,2024
East,Phone,14618,29,February,2022
Northeast,Laptop,50784,63,February,2023
Southwest,Webcam,2832,30,November,2024
Northwest,Monitor,2524,10,February,2024
Midwest,Speaker,6926,31,January,2022
West,Tablet,22719,74,October,2024
North,Printer,14709,47,September,2024
West,Mouse,2064,40,January,2024
South,Printer,11833,39,July,2022
Southwest,Keyboard,5653,68,October,2023
Midwest,Mouse,1898,56,September,2024
East,Mouse,3174,81,February,2023
South,Mouse,2996,86,February,2022
North,Tablet,23010,74,September,2022
Midwest,Speaker,2935,12,November,2024
South,Printer,14315,47,November,2022
Midwest,Headphones,14174,90,February,2023
Southeast,Speaker,5597,24,November,2022
West,Headphones,5424,33,August,2024
East,Speaker,7723,38,May,2023
Southeast,Laptop,17555,21,May,2023
North,Webcam,5418,56,September,2022
Northeast,Printer,22634,75,October,2022
West,Laptop,64281,80,May,2023
Northwest,Speaker,4557,19,December,2024
South,Keyboard,4274,50,April,2022
Central,Tablet,4207,13,January,2022
Southeast,Headphones,8432,52,November,2024
West,Monitor,14037,53,February,2022
East,Monitor,8358,33,October,2022
Northwest,Phone,38024,75,January,2023
Midwest,Tablet,3936,11,April,2022
Southwest,Mouse,3212,76,March,2022
South,Webcam,3989,39,July,2022
East,Speaker,9319,46,August,2022
Northeast,Laptop,51011,63,May,2024
North,Laptop,17605,22,February,2022
South,Keyboard,8031,100,May,2024
Central,Printer,7519,25,September,2024
North,Webcam,9957,104,March,2024
North,Tablet,15751,50,May,2024
Central,Webcam,2427,23,January,2022
North,Phone,31131,61,August,2022
Northeast,Keyboard,8114,98,July,2023
North,Phone,50534,100,July,2023
Northwest,Keyboard,6916,81,May,2023
North,Mouse,1381,24,October,2022
Southwest,Mouse,1984,59,April,2023
Southwest,Keyboard,8873,109,November,2023
Central,Phone,50744,101,November,2023
Midwest,Headphones,8955,58,July,2024
Northeast,Monitor,14599,56,July,2024
Central,Speaker,14399,67,March,2024
Southwest,Webcam,8880,93,April,2022
West,Mouse,3413,93,December,2023
North,Speaker,8714,41,July,2022
Northwest,Speaker,20590,102,March,2023
Midwest,Keyboard,4424,51,September,2024
West,Mouse,1324,37,October,2022
Southwest,Mouse,1547,28,November,2023
North,Mouse,2027,44,September,2022
Northwest,Headphones,5429,36,December,2024
North,Speaker,16134,80,February,2023
Northwest,Mouse,1138,35,September,2024
Southwest,Tablet,6316,21,December,2023
Central,Tablet,31380,102,January,2023
South,Tablet,29094,94,December,2024
South,Headphones,3562,19,November,2024
Northeast,Laptop,67449,84,November,2023
West,Monitor,9740,37,July,2022
Northeast,Phone,29385,57,August,2024
Central,Printer,28031,92,September,2023
Northeast,Mouse,2690,80,May,2024
Southwest,Laptop,29638,37,January,2024
North,Printer,23557,78,December,2022
East,Webcam,1231,11,January,2022
Midwest,Webcam,8893,92,September,2023
Northwest,Laptop,24214,30,June,2024
Northwest,Laptop,50352,62,July,2023
West,Phone,23870,47,May,2023
Southeast,Printer,6633,22,July,2023
Southeast,Webcam,1836,12,January,2024
Northeast,Headphones,6182,35,September,2024
Midwest,Monitor,17287,68,November,2023
Central,Headphones,4407,28,December,2022
Southwest,Keyboard,4776,52,August,2022
Northeast,Mouse,3343,97,October,2022
Southeast,Mouse,2091,44,April,2023
South,Keyboard,2848,34,October,2023
Southeast,Headphones,7647,50,July,2024
Northeast,Speaker,4893,21,May,2023
Northeast,Printer,17257,55,November,2023
Southwest,Mouse,2198,50,October,2024
Midwest,Headphones,2743,14,July,2022
North,Monitor,12359,48,June,2023
Midwest,Phone,18196,36,October,2024
Northeast,Phone,51203,102,December,2024
Central,Mouse,3576,95,January,2023
Central,Laptop,31237,38,January,2024
South,Monitor,12312,46,November,2023
East,Keyboard,5227,58,July,2024
West,Tablet,30093,100,December,2023
Southwest,Laptop,13658,16,June,2024
Midwest,Laptop,86831,108,May,2022
South,Keyboard,1884,23,June,2022
Northwest,Mouse,2094,60,December,2022
Southwest,Tablet,25338,82,February,2024
Northeast,Printer,21890,71,April,2022
East,Phone,48579,97,November,2024
West,Webcam,10119,107,May,2022
East,Tablet,18307,59,February,2022
Northeast,Tablet,31087,101,August,2023
North,Webcam,7062,74,October,2023
Northeast,Monitor,10056,40,November,2022
Southeast,Monitor,12532,47,June,2022
Southeast,Keyboard,6274,74,January,2024
North,Headphones,4524,24,February,2024
Northeast,Laptop,39349,49,January,2022
West,Webcam,2703,23,September,2024
Southeast,Laptop,38783,48,March,2023
Southeast,Speaker,8239,40,October,2023
Southeast,Mouse,2763,88,February,2023
Northeast,Mouse,3700,93,August,2023
South,Tablet,15781,52,May,2023
North,Monitor,18958,74,April,2024
Southwest,Mouse,589,12,November,2023
North,Mouse,2929,79,April,2022
Southeast,Monitor,16807,64,July,2022
Northeast,Headphones,10738,68,February,2023
Midwest,Speaker,4407,20,September,2024
Midwest,Monitor,8177,32,December,2022
East,Speaker,13399,66,February,2022
Southeast,Monitor,19744,77,May,2023
West,Headphones,8044,53,August,2024
South,Headphones,4039,23,March,2023
Northeast,Webcam,7806,76,June,2023
Midwest,Monitor,19313,76,November,2023
Southeast,Phone,14211,28,October,2023
Southwest,Tablet,4064,13,May,2022
Midwest,Tablet,10967,34,July,2022
Midwest,Mouse,3105,98,June,2024
West,Headphones,10359,64,June,2022
North,Phone,51120,102,October,2023
South,Phone,9452,18,December,2024
Central,Webcam,8862,93,February,2024
Central,Speaker,19242,92,November,2022
Southeast,Phone,51352,102,April,2023
East,Keyboard,4887,60,October,2024
Southwest,Mouse,3017,97,June,2024
Southeast,Printer,27335,88,April,2023
Midwest,Phone,7088,13,March,2023
Northwest,Speaker,11894,56,February,2024
Northeast,Keyboard,9226,106,June,2024
Southeast,Tablet,9779,32,April,2023
Southeast,Monitor,22980,91,March,2022
Northwest,Printer,14474,46,March,2022
West,Monitor,6073,24,March,2023
West,Headphones,10092,63,February,2024
Southeast,Tablet,7083,22,December,2023
Central,Phone,46110,92,December,2022
Northeast,Laptop,38148,47,January,2024
Northeast,Keyboard,3229,30,October,2023
South,Laptop,70650,88,November,2022
Southeast,Webcam,7288,80,May,2022
Central,Laptop,14839,18,November,2023
Southwest,Speaker,15137,75,November,2022
Northwest,Mouse,3349,96,December,2022
Southeast,Webcam,10358,106,May,2023
West,Keyboard,6520,72,April,2023
Southwest,Speaker,20119,100,March,2023
Southwest,Phone,38904,76,April,2022
West,Keyboard,2715,32,November,2022
Central,Mouse,1952,34,November,2024
Northwest,Speaker,5355,22,January,2024
Central,Monitor,16119,63,August,2023
North,Mouse,2521,52,November,2024
West,Tablet,20896,67,April,2024
Central,Speaker,13350,64,June,2024
Central,Printer,15055,50,September,2023
South,Printer,33498,109,May,2022
Central,Speaker,5067,24,April,2023
East,Printer,15343,51,November,2024
East,Monitor,11080,44,January,2024
West,Printer,3934,13,February,2024
Northeast,Keyboard,8090,91,December,2024
Central,Keyboard,2072,19,April,2022
Central,Headphones,10791,66,January,2024
Northeast,Tablet,23614,78,January,2022
West,Printer,18674,61,March,2022
East,Monitor,15616,62,March,2024
South,Printer,33611,109,June,2022
Central,Monitor,3553,14,July,2024
Northeast,Monitor,17686,67,July,2024
North,Keyboard,7716,85,October,2024
Southeast,Phone,32544,65,February,2024
Midwest,Laptop,80252,100,March,2024
South,Speaker,11487,53,June,2023
Northwest,Printer,20764,68,March,2023
Southwest,Keyboard,3394,33,October,2023
East,Webcam,2008,13,September,2022
East,Printer,23449,77,May,2023
North,Webcam,2213,16,June,2023
East,Mouse,1790,54,July,2022
Southwest,Phone,35190,69,March,2024
Central,Tablet,21105,69,March,2023
North,Printer,13641,44,November,2024
Central,Mouse,1529,23,November,2022
North,Printer,21406,71,July,2022
Southeast,Laptop,62772,78,February,2024
Midwest,Printer,28802,93,December,2022
Central,Keyboard,8525,97,March,2022
Southwest,Laptop,45681,57,October,2024
East,Monitor,25722,100,February,2023
Southeast,Speaker,3447,16,June,2023
Central,Laptop,72258,90,September,2023
West,Tablet,11134,34,May,2024
North,Speaker,20777,100,November,2022
Northwest,Keyboard,8032,89,December,2022
North,Keyboard,3636,33,December,2023
East,Keyboard,2196,17,November,2023
Southwest,Headphones,8766,58,September,2022
Southwest,Headphones,16186,102,September,2022
Midwest,Keyboard,7325,87,April,2022
Southeast,Speaker,6852,32,November,2023
Central,Monitor,25354,100,September,2023
East,Laptop,27814,34,August,2023
Southwest,Laptop,81683,101,June,2022
Southwest,Webcam,10285,105,July,2024
Southwest,Tablet,18022,60,October,2022
East,Monitor,25694,99,January,2023
East,Mouse,1378,26,March,2023
Southeast,Printer,9632,30,August,2024
Southwest,Laptop,41489,51,December,2023
North,Monitor,12919,51,May,2024
North,Phone,23593,47,June,2023
Southeast,Headphones,12738,79,June,2024
Southeast,Phone,15222,30,March,2023
East,Tablet,28965,96,November,2024
Central,Keyboard,4713,52,October,2024
North,Monitor,6212,24,May,2024
East,Tablet,28648,93,December,2022
South,Monitor,6862,25,July,2023
North,Tablet,14531,47,October,2024
Central,Speaker,5331,25,July,2024
North,Speaker,20352,99,August,2024
South,Printer,25807,85,January,2022
North,Monitor,26434,102,December,2023
Northeast,Speaker,3750,17,February,2024
Central,Printer,27690,90,December,2022
Midwest,Mouse,2589,62,December,2024
Northwest,Webcam,2232,21,May,2023
Southeast,Laptop,65399,81,December,2022
Midwest,Tablet,32273,106,April,2024
Central,Monitor,7076,27,August,2022
Southeast,Headphones,9011,56,June,2024
Midwest,Phone,9381,17,May,2023
Northeast,Headphones,3169,15,November,2024
South,Monitor,19833,78,June,2023
Central,Printer,7871,24,April,2022
Midwest,Monitor,12423,49,November,2022
West,Monitor,27008,105,May,2022
Northeast,Speaker,17027,82,April,2023
Northwest,Phone,28729,57,April,2023
West,Printer,21053,70,August,2023
South,Laptop,54591,68,June,2024
South,Tablet,12926,42,January,2022
East,Headphones,4738,25,April,2023
North,Keyboard,5817,62,February,2023
North,Speaker,3770,18,December,2023
Southeast,Headphones,6738,42,March,2024
South,Printer,29708,99,February,2022
Midwest,Keyboard,2754,33,November,2023
East,Speaker,10285,51,February,2022
West,Mouse,1958,41,December,2024
Southeast,Phone,13268,25,August,2023
East,Webcam,8038,81,September,2023
Northeast,Speaker,20084,100,August,2024
Northeast,Webcam,4865,54,December,2024
East,Headphones,10874,70,December,2022
West,Phone,24229,48,October,2024
West,Phone,15948,31,November,2023
Midwest,Printer,5956,19,January,2022
West,Tablet,10629,35,October,2022
Southwest,Webcam,9663,98,July,2024
South,Headphones,9018,59,June,2022
Midwest,Printer,16220,52,December,2024
Northwest,Monitor,16411,65,June,2023
Northwest,Mouse,2218,55,October,2023
Northwest,Printer,3255,10,February,2022
Midwest,Monitor,26400,105,April,2022
West,Laptop,80949,101,July,2023
Northeast,Monitor,2826,10,April,2023
Northeast,Tablet,27704,91,August,2022
East,Monitor,2968,10,December,2022
Southwest,Headphones,6378,36,January,2024
North,Headphones,7654,49,September,2023
Central,Headphones,14041,88,September,2023
Central,Keyboard,9033,108,March,2023
South,Webcam,7324,80,August,2024
Midwest,Monitor,19080,76,August,2022
East,Mouse,1919,51,September,2024
Northwest,Keyboard,7886,95,January,2023
South,Headphones,8363,52,September,2024
Southeast,Tablet,30688,102,March,2022
North,Laptop,39532,49,December,2022
East,Printer,25457,82,May,2023
Southwest,Tablet,7862,24,May,2022
West,Printer,18415,60,August,2023
South,Phone,33199,65,July,2022
East,Headphones,4822,32,September,2023
Southwest,Mouse,2259,68,December,2022
Southeast,Speaker,3578,14,April,2024
Southwest,Webcam,2927,24,February,2022
East,Mouse,306,10,December,2022
West,Speaker,19003,95,July,2023
East,Tablet,22392,74,November,2024
Southwest,Keyboard,5208,53,September,2023
Southwest,Laptop,23254,29,June,2023
Southeast,Laptop,28132,34,May,2022
Midwest,Keyboard,1788,21,December,2023
East,Headphones,7428,48,June,2024
South,Keyboard,5453,59,June,2023
South,Laptop,24990,31,November,2023
South,Monitor,17649,68,December,2022
Southwest,Mouse,2975,97,July,2023
North,Speaker,10202,48,November,2024
Southwest,Headphones,14712,98,October,2023
Southeast,Monitor,9421,37,October,2024
Central,Laptop,21356,26,August,2024
West,Tablet,4435,12,November,2023
South,Headphones,4265,22,April,2022
Southeast,Headphones,12426,78,April,2022
North,Headphones,2427,13,May,2024
Northwest,Laptop,85624,107,November,2022
Northeast,Tablet,6121,19,July,2022
Northeast,Webcam,2371,17,March,2023
Northeast,Phone,47747,95,September,2023
Central,Mouse,1874,62,October,2023
West,Monitor,11273,42,January,2023
East,Headphones,6303,40,September,2024
Northeast,Monitor,2951,11,August,2023
Northeast,Monitor,23563,94,May,2024
North,Speaker,17564,87,October,2022
North,Keyboard,4646,56,January,2023
North,Mouse,1105,28,August,2024
Southwest,Printer,18208,59,October,2023
West,Tablet,22107,72,February,2024
North,Printer,16106,53,November,2024
North,Mouse,2564,82,August,2023
North,Phone,15952,30,March,2023
Southwest,Monitor,11862,46,March,2023
Southeast,Speaker,8648,41,April,2023
South,Phone,7966,15,April,2022
Southwest,Laptop,15361,18,January,2024
Central,Keyboard,3910,40,March,2023
Southeast,Keyboard,5377,65,March,2022
South,Mouse,1880,60,February,2024
Northeast,Phone,47208,94,November,2022
West,Webcam,4091,41,April,2023
West,Headphones,5025,31,September,2023
West,Monitor,10887,41,March,2022
Southeast,Headphones,7317,46,April,2023
Southwest,Mouse,2179,49,September,2024
Southwest,Phone,27581,54,August,2023
Midwest,Monitor,4556,18,November,2023
Midwest,Laptop,64768,80,August,2022
Southeast,Headphones,5585,31,August,2022
Central,Phone,31522,62,November,2024
Southwest,Speaker,15460,74,April,2024
Midwest,Tablet,32562,106,January,2023
Southeast,Printer,17582,56,May,2022
Southwest,Tablet,27088,87,July,2024
Northwest,Tablet,7837,26,December,2023
Southeast,Laptop,34666,43,January,2023
Northeast,Keyboard,8642,105,March,2024
South,Tablet,26184,87,September,2023
East,Speaker,5638,27,May,2024
Southwest,Tablet,5890,18,December,2024
West,Mouse,1392,20,September,2022
West,Laptop,22571,27,June,2022
North,Phone,35489,69,January,2023
Midwest,Mouse,1506,32,January,2023
North,Monitor,7490,26,June,2024
West,Keyboard,4819,59,December,2022
Southwest,Tablet,24489,79,November,2022
Northwest,Keyboard,1716,15,February,2023
Southwest,Printer,30898,102,April,2023
Midwest,Monitor,14815,59,May,2024
East,Phone,54658,108,January,2023
Northwest,Printer,32265,107,February,2024
Midwest,Speaker,4673,19,April,2024
South,Headphones,16464,105,August,2023
Southeast,Tablet,6517,19,January,2024
Midwest,Speaker,21510,103,April,2023
West,Phone,13158,26,January,2024
Central,Speaker,14670,70,October,2024
Midwest,Headphones,9569,61,June,2024
Central,Laptop,36522,45,April,2022
West,Mouse,3459,97,September,2023
Southwest,Monitor,7503,30,May,2024
Northwest,Webcam,1416,11,April,2023
Southwest,Phone,45688,91,December,2023
North,Mouse,3529,96,March,2024
Northeast,Webcam,3510,33,November,2023
Midwest,Webcam,6207,67,April,2022
Northeast,Keyboard,2403,26,June,2024
North,Monitor,20196,77,September,2023
North,Headphones,12348,81,October,2024
Northeast,Speaker,13466,63,February,2023
Northeast,Headphones,14022,90,March,2024
Midwest,Headphones,15661,98,January,2023
Northeast,Mouse,2209,42,March,2023
Northeast,Monitor,16737,64,June,2022
North,Webcam,8360,90,December,2024
South,Monitor,3429,10,August,2023
Central,Monitor,24285,94,September,2024
East,Laptop,57237,71,March,2022
Midwest,Monitor,8576,33,January,2022
Northeast,Speaker,14997,70,March,2022
Northeast,Tablet,29294,95,January,2023
North,Printer,15225,48,November,2024
Central,Keyboard,2647,31,January,2022
North,Phone,39669,79,April,2024
Central,Tablet,7208,23,January,2022
Central,Headphones,5094,28,November,2022
Central,Phone,28729,57,September,2022
East,Tablet,6266,20,February,2022
Southwest,Speaker,9662,45,December,2023
South,Keyboard,5360,63,February,2023
Midwest,Laptop,37638,46,July,2024
East,Printer,4719,14,October,2022
Southwest,Webcam,2027,16,January,2023
East,Phone,36885,72,April,2023
Northwest,Monitor,6027,21,January,2022
East,Mouse,3822,105,January,2024
Southwest,Mouse,3348,82,October,2022
North,Tablet,20808,67,December,2023
Northwest,Tablet,24171,80,June,2024
East,Webcam,9985,108,August,2022
East,Monitor,8625,34,May,2022
West,Webcam,4990,55,May,2024
South,Printer,22206,72,December,2022
North,Printer,30969,103,May,2023
Southwest,Headphones,12388,76,July,2022
Southeast,Phone,20111,40,January,2023
Southeast,Monitor,16926,64,June,2022
West,Mouse,2166,54,May,2024
Southeast,Tablet,32064,105,September,2023
Northeast,Tablet,13203,44,November,2022
Northwest,Keyboard,8091,95,March,2023
Midwest,Mouse,2416,62,January,2024
Midwest,Monitor,11573,44,March,2022
Central,Webcam,3428,35,February,2022
Northeast,Headphones,9297,60,June,2024
Central,Keyboard,6962,83,April,2022
West,Printer,22945,74,June,2023
Southeast,Headphones,3395,19,December,2024
Central,Laptop,25436,31,February,2022
South,Headphones,15168,97,July,2023
Southeast,Webcam,4181,40,July,2024
South,Printer,8664,28,April,2023
Central,Monitor,14971,57,November,2024
Southwest,Laptop,8795,10,February,2022
Northwest,Keyboard,8195,95,June,2022
Northwest,Phone,7025,13,November,2023
Northeast,Headphones,7739,48,March,2024
Southeast,Phone,7386,14,February,2022
East,Laptop,76396,95,October,2022
Northeast,Headphones,15934,104,November,2023
West,Mouse,2571,84,November,2022
East,Webcam,3798,42,December,2023
Midwest,Speaker,10641,51,May,2023
Northwest,Mouse,2164,66,December,2024
Northwest,Keyboard,3921,41,January,2024
Southeast,Monitor,4251,14,September,2023
Southwest,Monitor,13277,50,June,2022
Midwest,Laptop,54483,67,April,2022
East,Phone,46423,91,May,2022
Central,Phone,52939,105,April,2024
Midwest,Printer,7308,24,October,2022
Northwest,Monitor,26506,103,June,2023
North,Keyboard,6006,71,June,2023
West,Laptop,40887,50,July,2022
East,Keyboard,3359,37,May,2023
North,Keyboard,2225,23,August,2024
East,Keyboard,6079,72,December,2024
Northwest,Keyboard,4286,44,January,2022
West,Monitor,11238,41,May,2023
Midwest,Mouse,2639,55,August,2022
Northwest,Tablet,23702,76,February,2024
Central,Headphones,7769,47,September,2022
Northwest,Laptop,59259,73,November,2023
Northwest,Webcam,8778,88,December,2024
Southwest,Monitor,6599,24,June,2022
Southwest,Keyboard,1675,14,December,2024
East,Speaker,15130,71,December,2023
Northwest,Monitor,8379,33,May,2023
Northeast,Speaker,21836,109,March,2024
East,Monitor,14208,55,July,2022
West,Keyboard,6990,77,November,2023
Southeast,Tablet,21638,70,April,2024
South,Tablet,27081,90,March,2022
West,Mouse,3267,104,April,2023
Northwest,Tablet,10511,33,June,2022
Northeast,Speaker,3224,13,December,2023
East,Keyboard,5883,70,March,2022
North,Laptop,85015,106,August,2022
Southwest,Webcam,7981,84,December,2023
West,Webcam,9536,95,August,2022
Central,Laptop,51335,63,October,2024
Northeast,Tablet,19732,65,November,2024
West,Keyboard,2073,14,December,2024
Central,Speaker,9114,42,October,2024
Southwest,Tablet,24300,81,May,2024
South,Monitor,19669,76,January,2024
Central,Speaker,4696,20,July,2024
Southwest,Headphones,12563,79,November,2023
Central,Monitor,14885,59,October,2024
North,Printer,17261,56,March,2023
Southwest,Webcam,5324,53,June,2024
Central,Tablet,12340,39,August,2022
South,Speaker,6635,31,November,2022
East,Laptop,60083,74,April,2024
Northwest,Speaker,11293,56,April,2022
Southeast,Laptop,41705,51,April,2024
East,Mouse,2844,69,March,2022
Northeast,Printer,29031,94,July,2024
Southeast,Speaker,14068,68,March,2022
North,Speaker,6523,29,August,2024
Central,Keyboard,8491,98,August,2023
Northwest,Headphones,9991,61,April,2023
South,Laptop,11552,14,June,2023
Midwest,Keyboard,8945,107,April,2023
Central,Monitor,26517,106,April,2023
South,Tablet,16554,55,November,2024
Northeast,Phone,16797,33,September,2022
Southwest,Printer,3672,10,December,2024
Southwest,Keyboard,5211,53,April,2022
East,Phone,37290,74,October,2022
North,Keyboard,2997,31,October,2024
Southwest,Mouse,2739,82,June,2024
Southeast,Webcam,7294,79,January,2024
Southwest,Phone,16045,31,October,2024
Central,Keyboard,6176,65,June,2022
South,Laptop,53874,67,January,2023
East,Speaker,20084,97,September,2023
South,Webcam,6974,76,October,2024
East,Phone,18608,37,June,2022
Central,Headphones,5510,31,July,2022
Southwest,Keyboard,8222,100,September,2023
Midwest,Keyboard,6783,80,September,2024
Northwest,Webcam,7578,81,April,2022
Southwest,Phone,47345,93,April,2023
West,Keyboard,4393,49,January,2022
East,Webcam,6203,63,May,2023
Midwest,Headphones,15375,102,August,2024
Southwest,Laptop,68612,85,September,2024
North,Headphones,3822,23,April,2024
Southwest,Printer,6126,19,January,2023
West,Monitor,18038,69,June,2022
Southeast,Speaker,10150,47,February,2023
East,Webcam,1625,11,August,2022
Northwest,Headphones,9832,64,January,2022
Southwest,Webcam,2883,30,May,2024
Midwest,Printer,17569,58,October,2023
South,Tablet,23312,75,November,2023
Midwest,Mouse,2997,79,November,2024
Central,Speaker,12237,60,September,2024
Southwest,Tablet,14316,45,July,2023
Southwest,Headphones,12684,83,August,2022
South,Phone,21502,43,March,2024
North,Keyboard,1520,11,June,2024
Southwest,Laptop,71509,89,July,2024
Northeast,Speaker,12962,62,August,2024
Northeast,Printer,27846,92,November,2024
Southwest,Speaker,17070,83,April,2023
Central,Webcam,2594,24,February,2022
Northeast,Mouse,1275,30,January,2022
Midwest,Printer,22272,74,April,2024
Midwest,Laptop,63308,78,January,2023
Northeast,Headphones,9094,55,August,2023
Midwest,Speaker,7203,35,January,2024
Northwest,Monitor,13107,51,April,2024
Southwest,Monitor,8154,30,April,2024
Northwest,Speaker,20436,100,May,2024
Northwest,Tablet,4539,12,September,2023
Southeast,Keyboard,3289,37,June,2023
South,Speaker,21728,105,May,2023
South,Webcam,4129,36,August,2023
Central,Phone,26452,51,August,2024
Northwest,Monitor,14435,55,August,2022
Southeast,Laptop,38984,48,September,2024
East,Phone,12801,24,October,2022
Southwest,Printer,19892,63,September,2024
Southwest,Headphones,16260,103,March,2022
North,Phone,29618,58,February,2024
East,Headphones,2489,12,December,2024
Central,Monitor,10159,37,November,2023
Midwest,Monitor,26640,105,December,2023
Southeast,Headphones,12490,83,January,2023
Midwest,Phone,25145,50,April,2024
Northeast,Monitor,13114,49,January,2022
Southeast,Laptop,57006,71,February,2023
Southeast,Phone,43410,85,December,2024
Southwest,Webcam,8770,96,June,2022
South,Webcam,9818,108,August,2023
West,Tablet,13946,45,April,2023
Southwest,Keyboard,8345,103,September,2022
Southwest,Webcam,4833,51,November,2022
Central,Printer,6718,22,March,2022
Northwest,Mouse,3813,100,May,2023
Northwest,Webcam,4350,46,March,2024
East,Tablet,25012,82,March,2024
Southwest,Tablet,4147,13,October,2024
South,Mouse,2916,64,May,2024
North,Speaker,9066,41,December,2022
Southwest,Mouse,2457,59,September,2023
Northeast,Tablet,20706,67,May,2024
West,Speaker,11668,54,December,2022
South,Tablet,22858,75,December,2024
Southeast,Webcam,9414,101,August,2024
West,Speaker,18715,91,April,2023
Central,Monitor,9434,36,October,2023
North,Headphones,6702,42,May,2023
North,Laptop,85205,106,April,2022
South,Tablet,32444,106,March,2024
Southwest,Tablet,21257,68,August,2024
South,Headphones,3222,20,April,2023
Midwest,Phone,45386,90,August,2022
South,Phone,18889,37,February,2024
Midwest,Speaker,20430,102,July,2023
North,Headphones,14757,94,March,2024
Southwest,Webcam,2995,31,July,2022
North,Phone,10007,19,September,2022
Midwest,Laptop,85237,106,November,2024
South,Monitor,17109,66,March,2022
Northeast,Printer,30069,100,January,2022
Midwest,Phone,28003,55,October,2022
Southeast,Keyboard,3105,28,December,2022
Midwest,Tablet,22908,74,October,2022
Northwest,Headphones,2901,16,April,2022
Northwest,Tablet,26330,87,February,2023
Central,Speaker,18556,90,September,2023
North,Webcam,2252,14,January,2023
Southeast,Printer,18350,58,April,2024
West,Mouse,2068,43,April,2024
Central,Speaker,4072,16,July,2022
Midwest,Keyboard,8570,97,May,2022
West,Laptop,72122,90,January,2024
Southwest,Printer,3788,12,August,2023
West,Mouse,3033,96,December,2023
Northwest,Tablet,3514,10,September,2023
South,Monitor,7172,26,February,2023
Central,Printer,23286,75,October,2022
North,Monitor,19845,77,September,2024
Southeast,Keyboard,7547,93,August,2024
Central,Phone,5639,11,April,2023
South,Tablet,21090,70,February,2024
Southeast,Monitor,24839,96,April,2023
Central,Tablet,30537,99,July,2022
Midwest,Tablet,24367,78,October,2024
Northwest,Mouse,1982,50,June,2022
Northwest,Tablet,12214,38,November,2022
Central,Tablet,7511,22,December,2024
Northeast,Phone,44201,87,November,2022
Midwest,Monitor,6324,22,December,2022
Northwest,Webcam,3804,40,August,2024
Southwest,Speaker,20443,101,November,2023
West,Headphones,3559,23,September,2024
West,Mouse,597,13,January,2024
East,Printer,23170,75,June,2023
Northwest,Monitor,4499,14,December,2024
West,Webcam,6437,61,March,2022
Northeast,Printer,15580,50,March,2024
Central,Phone,24822,48,January,2022
Midwest,Speaker,7733,34,October,2023
South,Webcam,5372,51,September,2022
East,Keyboard,3512,42,January,2022
Northwest,Laptop,68805,86,December,2022
Northwest,Tablet,7497,23,April,2022
Central,Monitor,9864,37,January,2024
Southeast,Mouse,3208,89,August,2022
West,Monitor,8767,35,June,2023
Northeast,Tablet,26205,86,September,2023
North,Phone,43016,85,November,2024
East,Phone,21279,42,April,2022
West,Keyboard,4583,49,March,2022
East,Printer,18613,62,December,2022
Southwest,Tablet,18082,57,July,2024
East,Laptop,23105,28,October,2022
Southeast,Phone,32147,63,December,2023
South,Speaker,21061,103,May,2024
Northwest,Webcam,8481,85,July,2022
Northwest,Monitor,25285,100,June,2024
Northwest,Keyboard,1647,11,August,2022
Midwest,Phone,15578,30,August,2022
East,Headphones,14581,96,April,2024
West,Laptop,17448,21,August,2024
Midwest,Monitor,4247,15,March,2022
Midwest,Webcam,3211,26,March,2023
Northwest,Mouse,2921,66,June,2024
West,Phone,24842,49,September,2022
West,Printer,8717,27,October,2022
North,Phone,37274,74,May,2024
Central,Laptop,33825,42,November,2022
East,Mouse,2685,76,July,2022
North,Headphones,4813,31,July,2022
South,Headphones,3918,21,November,2024
Central,Headphones,10824,68,September,2022
Southeast,Keyboard,3463,43,December,2024
Midwest,Tablet,20063,64,January,2022
East,Monitor,12601,48,September,2024
West,Mouse,2963,98,August,2022
Southwest,Monitor,15348,59,July,2024
West,Monitor,12001,45,December,2024
West,Keyboard,8630,99,July,2022
West,Mouse,1508,30,June,2022
North,Printer,33080,107,August,2022
Southeast,Monitor,10141,37,December,2024
Central,Keyboard,5946,71,June,2024
South,Headphones,4769,27,April,2022
Southwest,Laptop,77478,96,May,2023
West,Mouse,1669,55,September,2023
Northeast,Mouse,3219,83,October,2022
East,Webcam,1788,16,January,2024
Southwest,Printer,13524,44,December,2022
Southeast,Keyboard,9077,104,September,2022
Northwest,Tablet,16041,53,June,2023
West,Speaker,21842,108,April,2024
West,Phone,21486,42,May,2023
Midwest,Monitor,7280,28,December,2023
South,Keyboard,7611,87,July,2022
Central,Speaker,14037,70,June,2022
Northwest,Monitor,22322,88,February,2024
Southeast,Phone,43926,86,March,2023
Central,Mouse,1753,55,May,2023
North,Phone,28409,55,January,2024
West,Printer,9767,32,March,2022
Central,Monitor,4916,19,September,2022
Southwest,Printer,14829,48,August,2023
Southeast,Mouse,1197,30,September,2022
East,Printer,3274,10,September,2023
South,Webcam,6719,64,January,2024
Midwest,Keyboard,4922,57,May,2024
Northwest,Mouse,934,27,December,2024
Southwest,Keyboard,7082,83,July,2023
Northwest,Tablet,24530,80,December,2023
Central,Headphones,2009,10,December,2024
Southeast,Speaker,5869,28,April,2022
Central,Phone,21643,42,April,2023
Northwest,Laptop,23685,29,December,2023
West,Keyboard,7054,82,November,2023
North,Headphones,7264,43,July,2022
Northwest,Printer,13450,42,September,2023
Central,Mouse,2912,85,September,2022
Southeast,Mouse,2970,73,February,2023
North,Keyboard,3687,36,February,2024
West,Laptop,33488,41,February,2023
Southwest,Headphones,7041,45,May,2024
Central,Phone,40527,81,March,2024
Southwest,Laptop,70735,88,November,2023
East,Tablet,9105,30,September,2024
North,Phone,12795,25,October,2024
North,Printer,18509,60,June,2023
Midwest,Speaker,4734,21,February,2023
Northwest,Monitor,12660,50,September,2023
Central,Mouse,2026,53,December,2023
North,Speaker,2754,10,April,2022
Southeast,Speaker,7579,35,January,2024
Central,Webcam,4891,47,April,2022
South,Headphones,5041,29,June,2024
East,Laptop,33379,41,March,2023
Midwest,Speaker,6410,28,September,2024
Southwest,Monitor,7186,26,October,2022
Southwest,Printer,14114,45,September,2022
Midwest,Keyboard,6409,70,June,2024
Southwest,Monitor,21261,82,March,2022
Southeast,Monitor,4820,17,November,2024
Central,Tablet,4155,11,February,2024
Southeast,Printer,10638,33,July,2024
Southeast,Headphones,9690,60,October,2022
Northwest,Speaker,14559,68,May,2024
Northwest,Keyboard,7244,89,December,2023
East,Headphones,13695,88,January,2023
West,Keyboard,2131,23,September,2024
Midwest,Keyboard,3685,37,May,2023
North,Phone,32463,64,August,2022
Southeast,Laptop,28667,35,November,2022
North,Monitor,17150,65,April,2022
East,Speaker,19338,95,September,2024
Southwest,Webcam,10287,107,August,2022
Northwest,Phone,26585,52,March,2022
Midwest,Mouse,2333,63,March,2022
Midwest,Speaker,12200,57,July,2024
Midwest,Mouse,2070,61,January,2022
North,Webcam,8583,91,January,2024
Northwest,Monitor,18679,74,May,2024
Southwest,Tablet,29360,97,May,2022
West,Phone,28047,55,July,2023
Central,Phone,17909,34,May,2024
Midwest,Headphones,6878,45,July,2022
East,Laptop,71817,89,May,2024
North,Keyboard,2325,27,July,2024
Northeast,Keyboard,5525,62,May,2023
South,Monitor,16269,62,February,2022
Northeast,Printer,17841,59,June,2024
South,Monitor,26705,104,March,2023
West,Speaker,4750,21,February,2024
East,Phone,6940,12,May,2024
Northeast,Speaker,10511,50,February,2022
South,Laptop,14497,17,August,2024
East,Headphones,3361,18,April,2022
East,Phone,25067,50,July,2023
Southeast,Mouse,3604,90,August,2022
Northeast,Headphones,12830,84,November,2022
South,Mouse,1340,28,August,2023
West,Headphones,4360,29,December,2024
Southeast,Monitor,16158,62,September,2022
South,Printer,28563,93,April,2022
East,Keyboard,5403,61,January,2024
Central,Tablet,6516,20,October,2024
East,Tablet,24502,81,September,2024
West,Mouse,937,15,June,2022
Southwest,Monitor,27160,108,February,2023
Southeast,Mouse,3939,104,February,2023
East,Webcam,3230,31,May,2022
South,Tablet,18030,59,January,2023
Central,Webcam,9883,99,July,2023
East,Laptop,70278,87,December,2024
Northeast,Monitor,5568,19,October,2024
Southwest,Laptop,45067,56,May,2022
Midwest,Mouse,1187,18,January,2024
Northwest,Headphones,14899,93,December,2023
Southwest,Speaker,19031,95,January,2024
North,Laptop,82802,103,December,2024
Northeast,Keyboard,1030,10,November,2022
Midwest,Webcam,8348,90,January,2023
South,Printer,11461,37,February,2023
North,Phone,19046,37,January,2022
Central,Headphones,3827,25,November,2024
North,Keyboard,7209,82,January,2023
North,Webcam,4204,42,March,2024
South,Monitor,17786,68,April,2022
Central,Mouse,791,14,May,2024
Southeast,Webcam,7448,81,September,2022
North,Speaker,19773,96,November,2024
West,Webcam,5780,63,September,2024
Central,Headphones,2816,15,June,2023
Southeast,Printer,11148,37,May,2024
West,Printer,16564,52,December,2024
North,Laptop,39229,48,December,2023
West,Laptop,34211,42,January,2024
Southeast,Headphones,11691,76,December,2024
Northwest,Phone,28259,56,March,2023
Midwest,Webcam,7384,80,April,2022
Central,Tablet,28976,96,March,2023
Southeast,Mouse,2151,41,January,2022
West,Mouse,3159,78,June,2024
Northeast,Keyboard,2184,23,September,2023
South,Tablet,28650,93,September,2023
Central,Keyboard,3769,44,March,2022
Southwest,Keyboard,8461,103,January,2024
East,Webcam,8907,96,September,2023
Southeast,Keyboard,6113,65,October,2022
Southwest,Tablet,6724,22,May,2022
Southwest,Laptop,17059,21,May,2023
West,Mouse,2814,81,July,2022
East,Monitor,12986,48,January,2024
Central,Keyboard,5149,63,April,2024
Midwest,Monitor,14780,58,November,2024
Southeast,Phone,43659,86,January,2024
Central,Printer,29920,97,June,2022
West,Monitor,5644,20,February,2022
South,Tablet,25569,84,October,2023
Southwest,Printer,17498,57,May,2022
Northwest,Phone,40520,80,March,2023
East,Mouse,2546,68,November,2024
Northwest,Printer,13605,44,June,2022
Central,Monitor,7966,29,August,2023
North,Monitor,4310,15,May,2022
Southwest,Phone,12315,23,January,2022
West,Printer,29600,98,June,2023
East,Headphones,12107,78,November,2024
West,Headphones,14564,91,October,2023
Northwest,Laptop,72972,90,November,2022
Southwest,Mouse,3888,105,September,2024
East,Printer,10633,34,April,2022
Midwest,Webcam,2182,21,February,2022
East,Monitor,14597,58,May,2023
Northwest,Headphones,16769,109,November,2022
Northeast,Laptop,12638,15,June,2023
Northwest,Keyboard,5811,71,January,2024
Central,Printer,29260,97,February,2022
Southwest,Keyboard,3841,48,August,2024
North,Monitor,23166,89,October,2024
East,Mouse,3127,73,May,2022
Southeast,Tablet,5363,17,May,2024
Central,Keyboard,6736,81,July,2024
Southwest,Speaker,22357,108,June,2022
Midwest,Tablet,18715,61,June,2022
South,Phone,27478,54,October,2022
Midwest,Mouse,2028,57,May,2023
North,Webcam,2166,15,December,2022
Midwest,Webcam,4405,45,April,2023
West,Tablet,17225,57,May,2023
Midwest,Webcam,2247,21,February,2023
South,Laptop,58242,72,February,2023
East,Speaker,5719,27,October,2023
East,Printer,10329,33,November,2024
Central,Mouse,507,15,August,2024
Northeast,Tablet,18598,61,February,2023
North,Laptop,75193,93,November,2024
North,Laptop,65672,81,April,2022
Midwest,Headphones,5088,33,February,2023
East,Headphones,6142,38,September,2024
South,Phone,20713,41,January,2023
South,Printer,23693,78,October,2022
Southeast,Tablet,10812,36,May,2023
East,Keyboard,7593,83,February,2024
Midwest,Speaker,3126,15,October,2023
East,Tablet,14802,48,March,2022
Southeast,Headphones,4771,28,July,2023
Southeast,Keyboard,2586,22,April,2023
West,Speaker,17946,85,June,2024
East,Monitor,27426,109,July,2024
East,Speaker,19723,97,April,2023
Central,Phone,28389,56,February,2023
South,Laptop,53909,67,March,2023
Southwest,Laptop,22498,28,February,2024
Northeast,Laptop,39629,49,May,2024
Northeast,Tablet,26101,87,March,2024
Midwest,Monitor,21822,84,June,2024
Central,Keyboard,5914,65,October,2024
East,Mouse,824,27,November,2023
East,Printer,19227,63,June,2022
Southeast,Keyboard,5231,63,July,2024
Southwest,Webcam,8589,95,August,2023
Central,Mouse,2689,63,January,2022
North,Tablet,32773,108,May,2023
West,Keyboard,3096,34,November,2022
Southeast,Laptop,70412,87,February,2023
Southeast,Webcam,2378,18,November,2022
Central,Speaker,19006,94,January,2023
Northeast,Printer,28807,93,February,2024
North,Webcam,7769,76,September,2022
Midwest,Keyboard,2940,30,March,2022
East,Mouse,1086,20,October,2024
East,Monitor,7674,30,November,2022
Northwest,Tablet,26600,87,June,2022
West,Tablet,11234,37,February,2023
South,Printer,5410,18,September,2024
East,Tablet,30893,101,November,2024
South,Phone,28677,57,May,2024
Southwest,Webcam,9999,106,December,2022
Southwest,Laptop,32392,40,August,2023
Midwest,Keyboard,4213,50,July,2023
North,Webcam,2952,30,February,2022
South,Monitor,22092,87,August,2022
Southeast,Phone,48803,97,January,2022
Northwest,Headphones,10953,68,May,2023
Midwest,Mouse,1714,48,July,2024
Northeast,Phone,38850,76,December,2022
East,Laptop,41869,52,January,2023
Southeast,Monitor,9749,38,February,2023
North,Laptop,62905,78,April,2024
Northeast,Mouse,2219,53,November,2022
South,Printer,26594,86,November,2024
Northwest,Speaker,13532,64,April,2023
West,Tablet,5355,16,September,2023
North,Keyboard,8598,95,December,2022
Northeast,Keyboard,7939,95,January,2023
Northeast,Phone,8436,16,August,2022
Southeast,Mouse,2429,48,August,2024
Northeast,Printer,7523,24,May,2022
Midwest,Phone,16131,31,November,2022
North,Laptop,80707,100,April,2023
West,Printer,27438,90,January,2024
Central,Headphones,7788,46,November,2022
Northeast,Printer,23427,78,November,2022
Southwest,Phone,53401,105,October,2023
East,Mouse,935,12,December,2022
Southwest,Laptop,58601,73,June,2023
Midwest,Headphones,10742,69,October,2023
Midwest,Keyboard,8184,102,July,2024
East,Tablet,7891,24,November,2022
South,Monitor,26395,105,December,2022
Central,Tablet,17909,58,November,2022
Northwest,Keyboard,3089,36,February,2022
Central,Webcam,8770,91,June,2024
North,Tablet,6774,21,January,2022
Southeast,Mouse,2260,68,June,2023
Southwest,Laptop,25762,32,July,2023
Northeast,Keyboard,3424,33,September,2024
West,Headphones,10417,63,June,2024
North,Phone,36042,71,March,2022
Northwest,Phone,6106,11,November,2024
North,Monitor,20741,80,January,2023
East,Phone,23351,45,January,2024
Northeast,Laptop,25688,31,June,2023
Southeast,Speaker,13433,67,June,2023
Northeast,Monitor,23576,91,August,2022
North,Tablet,24576,80,September,2022
East,Laptop,63358,79,February,2024
Southeast,Webcam,4741,51,March,2023
East,Tablet,21968,71,August,2024
North,Mouse,2841,90,May,2022
Northeast,Printer,10150,31,July,2024
East,Phone,28606,57,March,2022
West,Monitor,24677,97,October,2022
North,Speaker,21175,105,November,2022
Central,Phone,8067,15,May,2023
East,Monitor,5469,19,August,2022
Northwest,Phone,7020,13,May,2022
Southwest,Speaker,5928,25,May,2022
Southwest,Laptop,40881,50,January,2022
Central,Laptop,62407,78,July,2024
North,Phone,37257,74,February,2022
Midwest,Speaker,3595,16,April,2024
Southeast,Mouse,2522,61,November,2023
West,Webcam,2740,27,February,2022
Northwest,Webcam,4489,39,October,2022
Southwest,Monitor,16310,64,September,2022
Central,Speaker,5579,24,March,2022
West,Keyboard,7377,82,August,2023
Southwest,Printer,23748,77,January,2022
Midwest,Phone,18419,35,April,2024
South,Headphones,5793,36,April,2022
Southwest,Tablet,23237,77,March,2022
Southwest,Mouse,2301,75,July,2024
Midwest,Headphones,9624,60,March,2023
Southwest,Headphones,2809,13,November,2024
Southeast,Webcam,3025,30,March,2023
Central,Keyboard,2861,27,September,2022
East,Keyboard,6906,83,July,2023
South,Laptop,31569,39,August,2024
West,Monitor,6141,23,January,2024
Southeast,Mouse,2147,54,May,2022
Southwest,Keyboard,2951,27,March,2023
Northeast,Headphones,5001,29,November,2023
Central,Speaker,12152,56,August,2022
Southeast,Webcam,1843,18,December,2024
West,Speaker,19055,94,May,2023
Midwest,Printer,25835,85,August,2024
Southwest,Tablet,12389,38,January,2022
South,Headphones,14580,97,June,2024
South,Headphones,12370,79,June,2023
Southeast,Mouse,3010,88,May,2024
Central,Phone,31089,61,July,2024
Northwest,Headphones,7315,48,February,2023
Northeast,Headphones,12843,80,July,2023
Northeast,Tablet,21665,72,February,2023
Northwest,Headphones,12831,83,December,2024
West,Webcam,6757,64,November,2022
West,Tablet,12695,41,June,2023
Central,Monitor,22492,86,March,2024
East,Monitor,8767,35,November,2022
East,Speaker,5260,24,March,2022
West,Tablet,32390,105,February,2022
Central,Tablet,33326,108,March,2024
Central,Mouse,808,17,April,2024
North,Mouse,611,19,October,2024
Central,Headphones,11724,76,October,2023
East,Speaker,19444,93,October,2022
Northwest,Phone,42319,83,January,2024
Midwest,Laptop,34466,43,October,2024
North,Phone,15283,29,October,2024
North,Printer,5540,17,August,2022
Central,Phone,26092,52,April,2024
Midwest,Keyboard,8738,97,January,2022
Central,Speaker,15101,74,June,2022
Southwest,Monitor,16818,64,July,2022
North,Mouse,3429,98,December,2023
South,Tablet,12612,40,May,2022
West,Monitor,6976,25,February,2024
Northeast,Keyboard,9222,108,November,2024
East,Printer,26308,87,July,2023
North,Phone,43790,86,April,2022
West,Phone,45005,89,November,2023
West,Laptop,79394,99,January,2022
South,Keyboard,5934,68,August,2023
West,Headphones,4558,27,August,2024
West,Webcam,2588,25,November,2023
Midwest,Webcam,7995,88,November,2022
Northeast,Headphones,2464,14,July,2022
East,Monitor,18953,72,August,2022
West,Printer,10530,32,February,2024
South,Headphones,12666,83,August,2022
Northwest,Keyboard,2706,33,February,2023
Northeast,Mouse,2841,76,June,2024
Northeast,Speaker,3784,16,April,2023
Southwest,Laptop,63897,79,December,2024
Northeast,Webcam,3816,32,June,2023
Northeast,Mouse,1818,43,June,2022
North,Printer,20770,68,April,2024
Southwest,Monitor,25486,100,January,2022
West,Mouse,2003,58,July,2024
Midwest,Keyboard,4824,57,January,2024
Southwest,Keyboard,4801,50,August,2024
East,Speaker,6065,26,June,2023
West,Monitor,26761,106,November,2023
Midwest,Keyboard,4515,49,July,2024
Northwest,Phone,46718,93,August,2024
Northeast,Webcam,6489,71,October,2024
South,Speaker,21696,104,December,2022
Midwest,Keyboard,8998,100,November,2023
Northeast,Laptop,43706,54,June,2024
East,Headphones,5753,33,December,2022
South,Monitor,12291,46,April,2023
North,Mouse,3521,104,December,2024
Southwest,Keyboard,7356,90,January,2022
Northeast,Tablet,18756,62,March,2023
South,Tablet,13126,41,May,2024
West,Webcam,3399,31,January,2023
Central,Phone,13528,26,July,2023
Northwest,Phone,5524,10,November,2023
West,Webcam,4836,47,January,2023
Central,Keyboard,5603,65,August,2023
Northwest,Mouse,1949,44,February,2022
Southeast,Mouse,2611,77,March,2024
Southwest,Printer,11245,35,October,2022
Northwest,Laptop,22413,28,May,2024
Northwest,Tablet,5964,18,November,2023
Northwest,Keyboard,6810,81,September,2023
North,Headphones,4863,30,October,2022
North,Speaker,20104,97,September,2024
Midwest,Webcam,7746,83,July,2022
Midwest,Tablet,16166,51,September,2022
Southeast,Printer,5358,17,January,2023
Northwest,Monitor,23348,90,July,2022
Northwest,Printer,28718,93,July,2022
East,Phone,17859,35,September,2024
Southwest,Monitor,22032,87,May,2022
Southwest,Laptop,36344,45,May,2023
South,Webcam,8317,86,August,2022
Northeast,Webcam,5769,55,July,2024
Southeast,Webcam,7671,82,January,2024
South,Mouse,2866,91,June,2023
Northwest,Mouse,3560,99,June,2023
Midwest,Webcam,4242,43,April,2023
Northwest,Keyboard,7712,90,July,2024
North,Tablet,8457,26,December,2022
Southwest,Webcam,2883,21,August,2024
Southeast,Printer,19376,64,March,2024
South,Headphones,16681,106,July,2022
Northwest,Webcam,3542,36,November,2024
North,Speaker,17800,85,April,2023
Northeast,Phone,46441,92,December,2024
North,Speaker,21994,107,November,2022
Central,Printer,12833,40,April,2023
Southwest,Monitor,4993,18,November,2024
Midwest,Phone,50781,101,February,2024
Southwest,Monitor,27651,107,January,2022
Northwest,Webcam,4298,42,July,2022
Midwest,Mouse,1180,20,July,2023
Central,Headphones,5519,35,March,2024
Northeast,Webcam,6333,63,February,2024
North,Phone,24457,47,January,2024
Midwest,Monitor,17326,67,January,2024
Southeast,Tablet,28886,96,February,2024
Southeast,Keyboard,1817,13,January,2024
Northeast,Laptop,48053,60,April,2022
North,Speaker,5471,26,July,2022
Central,Webcam,8803,92,July,2023
Midwest,Printer,5791,19,April,2024
Southwest,Headphones,2597,11,April,2023
Central,Keyboard,5897,71,July,2023
Central,Keyboard,9033,105,December,2023
Northwest,Keyboard,3145,36,April,2022
Southeast,Speaker,21132,103,November,2024
Northwest,Laptop,54458,67,May,2024
West,Tablet,4346,13,October,2022
East,Phone,13793,27,September,2024
Southwest,Tablet,28097,93,May,2023
North,Speaker,17471,87,December,2023
North,Monitor,11654,43,July,2024
Midwest,Phone,54777,108,October,2022
West,Keyboard,5194,58,July,2023
Midwest,Headphones,9902,64,November,2023
Northeast,Mouse,1649,23,June,2023
Midwest,Tablet,30620,101,April,2024
Midwest,Speaker,3218,14,April,2023
North,Phone,14097,27,August,2022
Midwest,Printer,25150,83,June,2022
North,Laptop,31080,38,November,2023
Midwest,Mouse,1977,35,September,2023
West,Tablet,24975,81,September,2024
Midwest,Speaker,21554,103,July,2022
South,Headphones,2595,12,January,2024
Southeast,Keyboard,7978,92,August,2023
Northwest,Speaker,14434,72,March,2023
Northeast,Keyboard,5146,61,November,2024
Northeast,Laptop,82516,102,August,2023
West,Headphones,12659,79,August,2024
East,Keyboard,7798,93,October,2024
Northwest,Tablet,22075,73,June,2022
West,Printer,3533,11,April,2023
Southeast,Phone,25163,49,January,2023
North,Keyboard,8561,104,July,2024
East,Tablet,15273,49,June,2022
Southwest,Keyboard,3420,42,December,2024
Central,Laptop,12725,15,November,2023
Southeast,Mouse,3674,103,April,2022
West,Tablet,30971,100,July,2024
South,Headphones,14376,95,May,2022
Northeast,Headphones,15594,99,September,2024
East,Keyboard,3212,36,August,2024
Southeast,Mouse,3984,108,September,2023
Northeast,Tablet,4971,14,April,2022
East,Speaker,10040,48,March,2022
Northwest,Webcam,5480,57,December,2023
Central,Laptop,83871,104,November,2022
Midwest,Keyboard,6445,78,July,2024
Southeast,Headphones,7104,42,March,2023
North,Printer,20488,65,July,2024
Midwest,Printer,29780,96,February,2023
North,Printer,10543,34,February,2022
North,Phone,30766,60,April,2024
Central,Tablet,27839,90,September,2022
East,Phone,19442,38,September,2024
Central,Printer,21695,69,January,2022
Northeast,Printer,26125,86,January,2023
Northwest,Webcam,9512,96,July,2022
Southwest,Tablet,32186,107,September,2023
East,Webcam,2566,28,June,2022
Northeast,Laptop,8067,10,May,2023
East,Monitor,23990,94,May,2024
West,Phone,30168,60,February,2024
Southeast,Webcam,5125,50,July,2024
North,Phone,40409,80,August,2022
North,Headphones,15078,98,September,2024
Central,Laptop,78543,97,December,2022
Northwest,Speaker,19815,98,June,2023
Northwest,Speaker,14567,69,April,2022
Southwest,Keyboard,9202,108,February,2024
Northwest,Printer,14117,45,December,2023
Central,Headphones,14993,99,February,2022
West,Phone,42634,85,March,2023
West,Laptop,82569,102,May,2023
Northwest,Speaker,19918,96,January,2022
Southwest,Keyboard,7975,94,December,2022
North,Headphones,7442,49,March,2023
Northwest,Webcam,8232,90,December,2024
South,Headphones,17292,109,May,2022
North,Tablet,28728,94,August,2023
North,Monitor,26082,103,December,2023
Midwest,Speaker,15515,77,October,2024
Southwest,Laptop,87017,108,April,2023
South,Speaker,21660,105,March,2024
East,Phone,53386,106,December,2024
Midwest,Laptop,55006,68,July,2024
South,Phone,11596,22,November,2022
Midwest,Keyboard,5141,57,July,2022
Northeast,Webcam,5822,64,August,2023
West,Webcam,9183,95,March,2023
Midwest,Headphones,9997,62,July,2023
Northeast,Speaker,20722,101,February,2023
South,Printer,10702,33,September,2022
East,Phone,18279,35,December,2023
Southeast,Speaker,21214,104,September,2023
Northeast,Speaker,20090,96,March,2022
Northwest,Monitor,23454,90,January,2024
Northeast,Monitor,11697,43,July,2023
West,Printer,17778,58,March,2024
West,Keyboard,6891,74,August,2023
Midwest,Monitor,8112,29,October,2024
West,Speaker,10038,50,November,2024
North,Keyboard,5633,70,March,2024
East,Tablet,14017,45,January,2023
East,Speaker,20554,98,September,2024
Midwest,Printer,7829,24,August,2022
West,Monitor,16194,64,November,2023
Northwest,Webcam,3466,33,July,2024
Southeast,Laptop,66407,83,November,2024
Southeast,Tablet,3327,11,February,2022
Midwest,Tablet,21595,69,October,2024
Midwest,Keyboard,6407,68,May,2022
Southwest,Headphones,7082,42,July,2022
Northeast,Webcam,9945,101,March,2023
Southwest,Printer,17720,56,November,2023
Northeast,Printer,28882,95,February,2023
North,Printer,5951,19,August,2022
Southwest,Phone,34575,68,October,2022
Southeast,Headphones,4997,30,October,2024
Midwest,Printer,30313,101,July,2023
East,Tablet,14978,49,January,2022
Northeast,Laptop,76054,94,August,2024
Midwest,Laptop,19916,24,November,2022
East,Monitor,5834,20,December,2022
Northwest,Tablet,3459,10,August,2024
Northwest,Monitor,18395,70,March,2024
Northwest,Tablet,24011,77,April,2023
West,Speaker,20745,100,November,2023
Northeast,Webcam,1928,18,February,2023
Southeast,Phone,34171,67,November,2022
Northeast,Webcam,6856,69,February,2023
North,Headphones,12171,80,March,2024
South,Speaker,14320,67,August,2024
North,Tablet,24640,80,April,2023
South,Tablet,12576,41,April,2022
West,Webcam,5211,51,April,2023
Midwest,Keyboard,8752,106,March,2023
East,Headphones,11799,77,August,2024
East,Laptop,16035,20,August,2022
Northwest,Headphones,6815,43,June,2023
Northwest,Keyboard,7097,81,September,2024
North,Keyboard,2127,25,September,2023
Southeast,Keyboard,8131,91,February,2023
Southwest,Tablet,19795,65,March,2023
Central,Webcam,4704,48,January,2024
Northwest,Keyboard,7147,84,March,2023
Southeast,Printer,32090,106,April,2023
East,Monitor,9849,37,November,2024
East,Mouse,1958,47,September,2024
Southwest,Monitor,10296,40,May,2024
East,Printer,28254,92,July,2022
North,Tablet,26829,87,July,2022
West,Webcam,8466,92,July,2022
Northeast,Monitor,17132,66,April,2022
Southwest,Laptop,25664,32,September,2023
West,Tablet,31252,104,April,2023
Southwest,Phone,30671,61,April,2024
West,Mouse,1652,25,July,2023
Northwest,Speaker,21279,106,October,2023
Northwest,Mouse,1011,20,January,2023
North,Tablet,25268,81,September,2023
Southeast,Mouse,2915,64,April,2024
Northwest,Laptop,54493,67,August,2022
Northwest,Phone,27444,54,June,2022
West,Speaker,13886,65,June,2022
West,Headphones,3714,23,March,2022
South,Headphones,8868,55,September,2024
East,Laptop,12610,15,May,2022
Northwest,Webcam,4101,43,August,2023
North,Keyboard,7057,87,July,2023
North,Headphones,10995,73,December,2024
East,Laptop,79768,99,January,2023
West,Phone,50564,101,July,2023
North,Tablet,30937,103,May,2024
Midwest,Phone,15446,30,June,2022
West,Webcam,8734,89,September,2024
Midwest,Tablet,18964,62,June,2022
Central,Webcam,7986,79,September,2022
Midwest,Tablet,33546,109,April,2022
West,Monitor,14663,56,July,2024
Northwest,Headphones,5856,34,December,2024
East,Tablet,26658,87,March,2024
South,Headphones,4465,25,April,2023
Southwest,Keyboard,2225,20,May,2022
South,Phone,31301,62,January,2022
West,Headphones,10361,65,September,2024
Northeast,Headphones,7550,47,June,2023
Southwest,Keyboard,8087,91,February,2023
North,Monitor,11814,46,May,2022
East,Webcam,2834,22,October,2024
Northeast,Mouse,2273,45,November,2023
Northeast,Monitor,14781,57,July,2023
Midwest,Phone,46642,93,April,2022
West,Laptop,78238,97,February,2022
North,Webcam,3885,39,December,2023
Southeast,Printer,23450,78,February,2024
Midwest,Mouse,1400,45,January,2024
Northwest,Speaker,15649,74,February,2022
South,Laptop,84917,105,June,2023
Midwest,Tablet,25105,82,June,2023
North,Phone,44688,88,August,2022
Central,Speaker,21745,105,December,2022
West,Phone,51526,103,November,2022
Northeast,Monitor,25384,101,May,2022
Southwest,Speaker,3219,13,January,2024
Midwest,Keyboard,9167,103,September,2022
Central,Printer,21715,72,March,2024
Northeast,Phone,35320,70,October,2024
Northeast,Speaker,11659,57,August,2022
Southwest,Headphones,16026,104,February,2024
Northwest,Laptop,54130,67,February,2024
Southwest,Tablet,9329,29,July,2024
Southeast,Tablet,27655,90,December,2024
Midwest,Monitor,16258,64,May,2023
West,Printer,31661,103,September,2023
West,Webcam,1600,14,May,2023
Central,Webcam,3914,43,August,2024
West,Mouse,2451,74,January,2023
East,Laptop,63809,79,December,2024
Central,Monitor,13197,52,September,2024
East,Mouse,1007,25,May,2022
North,Monitor,11754,44,September,2023
South,Headphones,12294,79,April,2024
East,Laptop,11246,13,October,2022
Southwest,Tablet,19819,64,January,2024
Southeast,Laptop,52966,66,December,2022
Northwest,Mouse,3767,108,June,2024
South,Webcam,2421,19,July,2022
Central,Laptop,73440,91,January,2022
Central,Phone,14387,27,May,2023
Central,Tablet,22884,75,February,2024
Southwest,Webcam,8717,92,July,2022
Southeast,Laptop,83416,104,March,2022
South,Printer,5227,17,September,2022
Southeast,Headphones,13184,82,April,2024
Southeast,Monitor,12288,47,August,2023
North,Headphones,15595,99,August,2023
Southeast,Mouse,3582,104,September,2024
Northwest,Speaker,17076,85,July,2024
Central,Webcam,4060,39,February,2022
Northeast,Monitor,9395,36,October,2024
East,Keyboard,7098,83,March,2024
North,Webcam,9780,100,February,2024
Midwest,Mouse,1474,18,April,2023
Northwest,Speaker,8409,42,April,2023
West,Mouse,1258,32,July,2023
West,Keyboard,5083,55,February,2023
Southwest,Laptop,58947,73,December,2024
Southeast,Tablet,27233,88,June,2024
South,Monitor,10861,43,September,2023
Northwest,Keyboard,4475,52,December,2024
South,Mouse,2664,65,May,2023
Southwest,Speaker,10482,49,August,2022
Central,Webcam,5835,62,March,2023
West,Monitor,26452,105,June,2023
West,Webcam,6761,68,January,2023
West,Keyboard,2317,22,October,2023
Central,Speaker,10220,48,December,2024
Northeast,Laptop,72975,90,August,2022
East,Monitor,21410,83,December,2023
South,Printer,18354,60,October,2024
Southeast,Keyboard,5308,64,March,2024
Southeast,Laptop,66699,83,January,2024
South,Headphones,13960,90,October,2024
Northwest,Mouse,1794,46,December,2022
Northwest,Mouse,3214,76,May,2024
Southeast,Mouse,2537,67,September,2022
South,Monitor,9820,37,January,2024
Southeast,Webcam,4739,49,June,2023
North,Speaker,5578,26,June,2023
Northeast,Speaker,14309,68,November,2023
West,Laptop,50080,62,April,2023
Central,Tablet,32676,107,September,2024
Central,Phone,52625,105,September,2023
Central,Monitor,3419,12,November,2024
Northeast,Headphones,3140,19,December,2023
Northeast,Speaker,12358,57,December,2024
Central,Phone,43073,86,September,2024
Northwest,Headphones,2465,16,April,2023
South,Laptop,56839,70,July,2024
Central,Laptop,35343,43,April,2023
West,Headphones,16549,107,June,2023
East,Laptop,76338,95,December,2023
Southeast,Headphones,5530,34,December,2022
Northwest,Printer,10861,34,March,2022
Northeast,Mouse,3356,79,November,2024
Northwest,Keyboard,2952,34,March,2023
Southeast,Laptop,87411,109,September,2024
South,Webcam,1530,11,February,2024
North,Monitor,21091,84,August,2024
Northwest,Printer,32527,108,October,2023
East,Printer,20178,65,October,2023
Central,Laptop,83657,104,October,2023
East,Speaker,12393,60,March,2022
Southeast,Monitor,22719,90,January,2023
South,Speaker,5965,29,March,2024
Midwest,Webcam,9553,101,September,2022
Southwest,Phone,18117,35,April,2023
Midwest,Laptop,10226,12,September,2024
Northwest,Laptop,20282,25,October,2023
South,Laptop,47763,59,February,2022
Midwest,Mouse,1241,16,July,2022
South,Headphones,12074,75,March,2024
North,Mouse,2158,52,March,2023
Southwest,Tablet,14837,48,October,2023
South,Mouse,1566,52,January,2023
Midwest,Phone,7801,15,October,2024
Northwest,Phone,17542,34,March,2023
Midwest,Mouse,2521,72,November,2022
Northwest,Phone,11179,22,December,2024
Northeast,Phone,9330,17,April,2024
Northwest,Keyboard,5920,74,August,2022
East,Webcam,1815,10,July,2023
Midwest,Keyboard,6670,78,January,2022
West,Phone,11795,23,May,2022
Northwest,Monitor,18588,72,May,2023
Southeast,Monitor,4343,16,July,2024
Southwest,Mouse,1039,26,April,2024
Central,Keyboard,7440,93,October,2024
Northwest,Mouse,4112,106,November,2024
West,Monitor,13234,50,July,2022
South,Webcam,2515,27,January,2022
Central,Monitor,11846,47,September,2023
South,Laptop,63593,79,November,2024
East,Webcam,3369,27,December,2024
Southeast,Mouse,2090,55,March,2022
Southeast,Laptop,72636,90,November,2023
North,Mouse,1578,52,February,2024
Southeast,Printer,4589,14,January,2022
Southeast,Laptop,81082,101,June,2022
Southeast,Printer,10431,32,August,2022
Southeast,Tablet,23937,79,July,2023
Southeast,Tablet,24202,80,October,2023
Southwest,Headphones,15976,105,May,2022
East,Monitor,10408,41,October,2024
East,Mouse,3422,86,April,2023
North,Keyboard,8167,93,June,2022
Northeast,Printer,20042,64,April,2022
North,Mouse,2568,68,March,2023
East,Phone,33155,66,November,2023
Central,Speaker,9900,49,December,2024
Southwest,Keyboard,2356,18,September,2023
Midwest,Printer,15048,48,May,2024
Central,Laptop,50921,63,December,2022
North,Speaker,21381,103,July,2024
Southwest,Tablet,7202,21,January,2023
South,Laptop,30497,37,October,2023
Southwest,Monitor,16340,65,October,2023
East,Speaker,17099,83,March,2022
Northeast,Phone,20117,40,August,2024
Northeast,Tablet,9682,31,May,2024
North,Keyboard,8664,107,May,2023
Southeast,Mouse,2702,66,March,2024
Central,Monitor,19200,75,December,2024
Southwest,Laptop,76737,95,December,2022
North,Speaker,12376,61,February,2023
Northwest,Monitor,19030,76,June,2022
Central,Monitor,19502,75,March,2022
Midwest,Laptop,46510,58,December,2024
Southeast,Headphones,4162,25,October,2022
North,Mouse,2624,69,June,2022
North,Headphones,3067,17,February,2024
Central,Headphones,8626,51,April,2023
Northwest,Webcam,8945,93,July,2023
Northwest,Monitor,11841,47,November,2024
North,Keyboard,6946,83,July,2022
Central,Keyboard,5445,62,September,2022
Southeast,Monitor,8564,33,June,2022
Midwest,Speaker,9328,46,November,2024
Southwest,Mouse,1668,54,April,2024
East,Phone,12546,25,November,2023
Southwest,Webcam,1836,13,March,2024
Southeast,Monitor,19234,75,April,2024
Southwest,Webcam,9341,102,June,2022
Central,Keyboard,4857,59,September,2022
Southwest,Webcam,4051,45,April,2024
Northeast,Monitor,18102,72,May,2022
Southeast,Webcam,7276,78,January,2023
West,Webcam,3396,34,February,2024
Northeast,Keyboard,9297,107,June,2023
Central,Phone,14795,29,June,2024
Northeast,Monitor,23411,93,November,2022
North,Keyboard,7176,79,April,2022
Northeast,Headphones,12759,79,April,2023
Southwest,Webcam,1137,11,March,2024
Midwest,Headphones,4719,28,September,2022
East,Mouse,3779,104,June,2023
Northwest,Tablet,27026,90,September,2024
Southeast,Mouse,3394,101,September,2023
West,Keyboard,3965,43,March,2023
South,Monitor,22502,89,January,2024
West,Tablet,13839,46,April,2024
Southeast,Keyboard,2872,33,February,2022
Southeast,Keyboard,5393,63,March,2022
Southwest,Phone,22637,44,July,2023
Northeast,Mouse,2361,74,March,2022
West,Laptop,17318,21,December,2023
Northeast,Phone,49418,97,May,2022
East,Webcam,7800,81,January,2022
Midwest,Printer,9969,33,December,2022
Central,Webcam,7476,79,April,2024
North,Headphones,14693,96,January,2024
Central,Laptop,60547,75,July,2022
Southeast,Laptop,81784,102,February,2022
Northeast,Speaker,16400,79,July,2023
East,Speaker,5572,27,August,2022
Central,Speaker,18148,86,September,2024
East,Webcam,1607,16,October,2023
Southwest,Monitor,8804,34,February,2024
Southeast,Mouse,1006,13,September,2023
East,Keyboard,6582,80,November,2022
Northeast,Phone,25682,50,September,2024
South,Keyboard,3683,37,March,2022
North,Tablet,9940,33,September,2023
East,Laptop,30751,38,October,2023
East,Mouse,2385,58,October,2024
West,Speaker,19559,94,April,2023
West,Speaker,9527,44,November,2024
Southeast,Phone,22233,44,January,2022
West,Speaker,9504,46,November,2023
North,Mouse,513,12,February,2023
Northwest,Keyboard,5687,71,June,2024
Northeast,Laptop,49620,61,August,2023
Northwest,Tablet,24675,82,May,2023
North,Headphones,16379,103,July,2023
Southwest,Keyboard,4215,42,July,2023
West,Mouse,3016,82,October,2024
Southwest,Headphones,10962,69,May,2022
Southwest,Phone,36438,71,September,2023
Southeast,Monitor,18856,72,June,2022
South,Mouse,2741,66,August,2022
North,Tablet,24732,82,June,2024
Northeast,Phone,15738,30,May,2023
East,Keyboard,9092,103,April,2022
Midwest,Webcam,7790,85,September,2023
Southwest,Headphones,3391,16,November,2024
North,Tablet,23393,75,September,2022
Southeast,Speaker,19150,94,May,2024
Southeast,Monitor,22552,88,February,2023
Southeast,Printer,29786,96,August,2024
North,Mouse,1318,30,July,2024
East,Webcam,2178,21,May,2024
Midwest,Monitor,23914,94,January,2022
West,Printer,29203,95,June,2022
South,Speaker,8060,36,January,2024
Southwest,Phone,29520,58,May,2022
Central,Webcam,9126,95,August,2023
Northwest,Printer,22372,73,November,2023
Northeast,Webcam,9878,100,March,2022
South,Keyboard,2687,30,November,2022
South,Speaker,20873,104,November,2024
Southeast,Webcam,2802,25,October,2023
Midwest,Webcam,3692,35,November,2023
Southeast,Speaker,4103,18,April,2022
Midwest,Speaker,5897,25,November,2024
South,Phone,19516,38,August,2024
Midwest,Laptop,52173,64,February,2024
North,Webcam,1716,12,January,2024
North,Speaker,7321,33,October,2024
Northwest,Speaker,3786,17,February,2023
North,Laptop,16688,20,September,2022
East,Keyboard,3232,33,June,2024
East,Laptop,30926,38,November,2024
South,Phone,24403,47,August,2023
Northwest,Printer,8055,26,March,2022
North,Webcam,3513,32,December,2023
Central,Speaker,14878,74,October,2023
Central,Keyboard,9239,106,February,2023
Midwest,Speaker,9639,46,October,2022
Northwest,Speaker,15060,71,February,2023
Northwest,Keyboard,5986,66,March,2024
Southwest,Monitor,25259,101,December,2023
Midwest,Speaker,5688,25,February,2024
Central,Mouse,3294,78,February,2023
North,Speaker,19939,99,April,2022
North,Phone,43529,87,April,2023
South,Webcam,6251,61,July,2022
Southwest,Laptop,41384,51,November,2022
South,Mouse,3332,92,February,2022
Northeast,Headphones,13601,85,August,2024
East,Mouse,3652,108,July,2023
West,Phone,12956,24,July,2022
South,Phone,39149,78,May,2022
North,Printer,18179,58,April,2024
North,Headphones,4628,25,January,2022
West,Printer,13833,45,April,2024
Midwest,Speaker,8946,41,March,2023
East,Laptop,26686,33,March,2022
Midwest,Speaker,15680,74,November,2022
Southeast,Mouse,2478,57,January,2023
Northeast,Tablet,32572,106,September,2023
Central,Tablet,32222,105,May,2024
South,Webcam,5976,61,August,2022
Southeast,Laptop,34570,42,November,2022
Central,Phone,27264,54,June,2023
Northwest,Headphones,7916,50,July,2022
South,Headphones,16642,109,December,2022
East,Printer,10577,35,September,2022
Southeast,Speaker,6826,30,August,2024
North,Speaker,7469,35,June,2024
Central,Keyboard,7306,83,July,2024
West,Printer,17488,56,July,2023
South,Mouse,2458,60,March,2022
Central,Tablet,28914,96,April,2022
Southwest,Mouse,3374,93,July,2022
North,Monitor,24883,98,December,2024
South,Monitor,19778,77,August,2022
Southwest,Webcam,7080,74,October,2023
North,Mouse,2544,66,April,2023
Midwest,Mouse,3390,83,May,2024
North,Headphones,13741,90,October,2023
Midwest,Laptop,87165,108,August,2022
Midwest,Printer,30213,99,August,2024
North,Phone,6666,12,July,2022
East,Tablet,5860,18,June,2022
East,Speaker,7690,36,June,2022
Central,Webcam,4674,49,April,2023
Northwest,Webcam,8456,89,September,2022
North,Laptop,10518,13,October,2022
Midwest,Laptop,81913,102,July,2024
West,Webcam,6719,64,March,2023
Southwest,Tablet,14921,47,June,2022
Midwest,Printer,8530,26,November,2024
South,Printer,20189,66,January,2023
North,Monitor,11935,45,September,2022
Northeast,Printer,26372,85,February,2022
East,Keyboard,7976,98,May,2022
Southwest,Mouse,1486,33,August,2023
South,Headphones,12067,79,December,2023
Central,Tablet,9492,30,September,2023
West,Mouse,2507,71,April,2022
Northwest,Headphones,15787,105,October,2022
Central,Printer,8917,27,January,2023
Southwest,Monitor,28209,109,September,2022
East,Printer,32887,108,April,2024
Central,Phone,6828,12,September,2022
East,Keyboard,1052,11,May,2023
Northwest,Tablet,25243,82,January,2022
South,Monitor,17043,66,February,2024
East,Keyboard,7313,79,August,2022
East,Mouse,1942,64,October,2024
Northwest,Webcam,1354,15,April,2024
Northwest,Monitor,9022,35,February,2024
West,Webcam,2469,24,May,2022
Central,Mouse,3895,100,November,2024
South,Speaker,9498,45,March,2023
East,Tablet,28651,93,January,2023
Southeast,Laptop,8843,11,November,2023
East,Keyboard,6393,76,October,2023
Northwest,Monitor,3851,14,June,2022
North,Headphones,7463,46,March,2023
Southeast,Phone,28814,57,May,2022
East,Laptop,68484,85,December,2023
East,Laptop,25722,32,February,2022
Northeast,Monitor,18612,72,June,2024
Northeast,Speaker,10602,49,September,2022
West,Webcam,6712,64,January,2022
Southeast,Webcam,9391,100,June,2022
Central,Mouse,1896,32,August,2022
Northeast,Tablet,8467,27,October,2023
Southwest,Tablet,7155,21,December,2024
North,Webcam,7424,81,February,2023
East,Mouse,1600,48,January,2022
East,Headphones,11958,74,June,2023
Central,Mouse,657,11,August,2024
South,Tablet,26141,85,July,2023
West,Headphones,14673,97,November,2024
Midwest,Laptop,75537,94,August,2023
East,Keyboard,5539,64,September,2022
Midwest,Headphones,11661,77,December,2022
Northwest,Printer,25408,82,March,2022
East,Speaker,12740,59,September,2022
South,Printer,7522,23,March,2024
North,Phone,53132,105,February,2024
Northeast,Printer,16670,53,June,2022
Central,Mouse,2630,85,September,2024
South,Tablet,25337,84,October,2023
Southwest,Phone,45159,89,May,2024
Northeast,Printer,20429,67,December,2023
West,Printer,24985,81,January,2024
Northeast,Phone,26794,52,December,2022
Southeast,Monitor,19842,77,September,2023
Southwest,Tablet,20245,65,September,2024
South,Speaker,10100,46,March,2023
North,Webcam,5217,57,April,2022
Midwest,Speaker,17098,84,April,2024
Northeast,Printer,8884,27,October,2023
East,Webcam,1514,14,August,2022
East,Tablet,32289,107,June,2022
West,Monitor,10154,39,May,2024
West,Mouse,2181,56,August,2022
Central,Printer,25284,84,November,2024
North,Monitor,4955,16,December,2022
South,Phone,47224,93,February,2022
North,Headphones,14897,96,August,2024
Southeast,Mouse,1512,47,April,2023
East,Monitor,4580,17,February,2022
Midwest,Printer,27096,89,December,2024
West,Keyboard,9628,109,February,2023
Southeast,Keyboard,5024,52,December,2022
East,Phone,52269,104,June,2024
Southwest,Speaker,11925,56,September,2024
Southwest,Tablet,29841,99,August,2022
Midwest,Phone,38425,76,February,2023
Midwest,Monitor,19858,76,July,2022
Southeast,Phone,26816,52,January,2023
Northwest,Phone,23824,46,April,2024
Northwest,Laptop,9313,11,May,2022
South,Speaker,13568,67,March,2024
East,Headphones,8234,54,January,2022
Northeast,Headphones,12199,81,June,2022
Central,Keyboard,6851,81,June,2024
Northwest,Tablet,20474,65,February,2023
East,Speaker,9203,44,May,2024
Central,Tablet,17180,57,October,2024
Central,Printer,3916,11,July,2024
East,Tablet,7266,22,January,2023
Southeast,Phone,49164,97,July,2023
East,Mouse,2862,89,April,2024
North,Keyboard,5473,67,March,2022
Southwest,Printer,23820,79,December,2024
Northwest,Keyboard,3092,29,November,2024
North,Phone,19078,37,August,2022
Northeast,Monitor,20765,83,December,2023
South,Printer,7432,23,February,2022
Northeast,Laptop,72850,91,November,2023
Southeast,Mouse,3645,100,December,2024
East,Speaker,10864,52,July,2024
West,Monitor,27003,108,November,2024
Central,Webcam,4531,44,December,2023
Southeast,Monitor,10015,40,June,2023
West,Tablet,22813,76,February,2023
East,Webcam,9315,94,November,2022
East,Webcam,6412,66,December,2022
Northwest,Keyboard,6847,76,March,2024
Northeast,Speaker,7569,36,January,2022
West,Mouse,2710,70,May,2022
Southwest,Speaker,19164,94,September,2024
Northeast,Monitor,14655,58,April,2022
North,Printer,14818,49,November,2022
Northeast,Printer,8060,25,May,2022
South,Webcam,7099,71,June,2024
Northeast,Mouse,2709,73,October,2024
Northwest,Webcam,10204,108,September,2024
East,Monitor,7668,27,July,2024
South,Speaker,18632,91,October,2022
Northeast,Laptop,35782,44,January,2023
Northwest,Monitor,16796,64,December,2024
South,Phone,45666,91,October,2023
East,Keyboard,8170,90,September,2022
South,Laptop,53603,67,April,2023
Northwest,Speaker,14085,70,September,2023
North,Laptop,73759,92,April,2022
South,Printer,8192,27,January,2024
Midwest,Keyboard,6664,77,August,2023
East,Keyboard,3613,44,February,2024
North,Mouse,2701,81,November,2022
Southeast,Mouse,3333,79,April,2022
North,Mouse,3546,85,July,2022
Central,Printer,26095,84,March,2024
North,Mouse,1184,20,December,2023
North,Laptop,52593,65,June,2023
Northwest,Mouse,1436,47,November,2023
Midwest,Laptop,64604,80,April,2022
South,Printer,17698,56,February,2022
South,Mouse,868,17,May,2024
Northwest,Printer,29724,96,August,2023
North,Printer,7620,25,June,2022
Southwest,Monitor,27532,109,November,2022
Midwest,Webcam,10386,107,July,2022
North,Speaker,4788,21,May,2023
North,Monitor,11197,41,December,2023
Central,Printer,26947,87,February,2023
Central,Mouse,1519,33,March,2022
Southeast,Phone,23741,46,July,2024
Northwest,Monitor,24727,95,June,2023
West,Mouse,2446,68,March,2024
North,Phone,37875,74,February,2022
South,Keyboard,7252,88,November,2022
Northwest,Keyboard,2651,24,April,2024
Midwest,Printer,21526,71,September,2024
South,Speaker,18282,90,September,2023
Northwest,Keyboard,5931,66,January,2023
Southwest,Phone,9776,19,June,2022
West,Mouse,1587,43,May,2022
Southwest,Laptop,74837,93,November,2022
West,Webcam,5747,56,November,2024
Southeast,Printer,20122,65,October,2023
Central,Keyboard,5810,70,September,2022
Central,Phone,35445,69,December,2022
East,Phone,30983,61,March,2022
East,Phone,53589,107,November,2024
Midwest,Phone,24415,48,May,2023
North,Webcam,5827,58,December,2022
Northwest,Phone,24370,48,September,2023
Northwest,Webcam,9276,102,May,2023
Southeast,Printer,21606,70,May,2024
East,Keyboard,1208,11,March,2023
West,Speaker,17793,87,July,2023
Midwest,Tablet,23476,77,February,2023
Northwest,Tablet,25651,84,April,2022
West,Mouse,2470,69,July,2022
South,Printer,17442,58,November,2022
South,Webcam,4963,55,May,2024
Southeast,Monitor,20081,78,August,2024
South,Mouse,1970,59,March,2024
South,Laptop,14423,18,February,2024
Northwest,Tablet,29024,94,April,2024
Southwest,Laptop,39117,48,March,2023
Central,Keyboard,4263,53,January,2024
East,Laptop,52459,65,July,2022
Southeast,Keyboard,3154,27,December,2022
Central,Monitor,26692,105,January,2023
West,Tablet,25832,84,December,2022
Southeast,Mouse,4072,104,April,2023
North,Laptop,10298,12,November,2023
Midwest,Phone,21256,42,August,2023
Northwest,Tablet,29101,94,February,2023
Midwest,Mouse,848,22,July,2022
Southeast,Laptop,42093,52,January,2023
South,Phone,10484,20,September,2023
East,Tablet,24434,81,September,2024
East,Mouse,3554,107,May,2024
Southeast,Laptop,85603,107,May,2022
Northeast,Speaker,5899,29,August,2022
Midwest,Printer,32791,109,December,2024
Southeast,Phone,30329,60,July,2024
North,Laptop,33380,41,July,2024
Southwest,Speaker,8170,36,June,2022
Central,Webcam,3225,26,January,2023
Midwest,Speaker,13718,68,April,2022
Southwest,Printer,30558,100,June,2023
North,Printer,10899,36,June,2022
Midwest,Tablet,10869,34,February,2022
South,Keyboard,2388,18,October,2023
West,Printer,32471,108,April,2023
Southeast,Speaker,2900,12,April,2023
Southwest,Speaker,9693,45,November,2022
East,Headphones,9248,58,October,2022
North,Printer,28093,91,August,2022
Southwest,Monitor,14002,53,December,2023
Northeast,Tablet,32636,107,March,2023
West,Phone,23132,46,November,2022
West,Keyboard,814,10,June,2023
Southeast,Laptop,38609,48,October,2022
South,Monitor,10051,40,December,2022
Northwest,Monitor,20080,79,February,2022
West,Webcam,7694,83,December,2023
Southeast,Monitor,21395,82,July,2024
North,Webcam,1898,13,October,2022
South,Phone,53906,106,July,2023
West,Mouse,2694,69,August,2024
Midwest,Speaker,7950,36,January,2024
East,Printer,4827,14,September,2022
East,Webcam,7332,74,December,2023
Central,Keyboard,4371,45,March,2023
Midwest,Mouse,1365,45,February,2024
North,Webcam,7112,78,November,2024
Midwest,Keyboard,3548,40,May,2024
Northwest,Headphones,14785,97,August,2022
South,Speaker,20616,99,March,2022
Southwest,Printer,7867,24,August,2023
Southeast,Phone,42283,83,April,2022
Southeast,Keyboard,8461,101,August,2024
Midwest,Keyboard,8966,108,June,2022
Northeast,Keyboard,1900,15,December,2023
Midwest,Headphones,11471,74,June,2022
East,Monitor,13506,54,June,2024
West,Headphones,3626,23,January,2024
West,Mouse,575,10,March,2022
Northeast,Keyboard,3366,35,August,2023
West,Laptop,45561,56,July,2023
Southwest,Laptop,85707,107,November,2022
Southeast,Webcam,1903,21,September,2024
North,Tablet,26511,86,May,2023
South,Speaker,14909,74,February,2022
Northwest,Keyboard,5423,58,May,2022
Midwest,Keyboard,2790,27,May,2024
South,Headphones,15622,99,December,2022
South,Phone,39835,78,June,2024
West,Mouse,2896,92,May,2023
North,Mouse,2354,58,September,2023
Southwest,Keyboard,2365,19,January,2024
Midwest,Keyboard,3269,30,June,2022
Midwest,Printer,18554,61,January,2022
Northwest,Webcam,3090,32,March,2022
Southeast,Headphones,11848,76,January,2022
Northeast,Laptop,50965,63,October,2023
Northwest,Mouse,663,22,August,2023
Northeast,Headphones,13099,83,September,2024
North,Tablet,21198,70,July,2024
Midwest,Monitor,11924,45,January,2024
North,Tablet,12731,41,May,2024
South,Headphones,8024,49,March,2024
Northeast,Keyboard,4757,51,December,2022
Southeast,Headphones,6564,41,October,2023
North,Laptop,73581,91,August,2024
Southwest,Speaker,6429,30,September,2024
Southwest,Phone,36212,72,September,2023
Northeast,Keyboard,3131,27,June,2024
Northeast,Headphones,10609,67,May,2023
North,Headphones,13428,89,November,2023
West,Tablet,30072,98,January,2023
Midwest,Keyboard,7017,82,January,2023
Northwest,Speaker,4869,23,May,2024
Northwest,Phone,27516,54,September,2024
East,Mouse,1911,39,September,2023
Southwest,Webcam,8714,92,September,2023
Southwest,Keyboard,8349,93,June,2022
South,Mouse,2483,72,October,2024
East,Speaker,12922,61,May,2023
South,Webcam,7003,73,May,2024
West,Speaker,4680,22,August,2023
South,Phone,34514,69,March,2022
Central,Keyboard,8259,99,April,2024
Northwest,Headphones,14386,92,April,2024
Central,Printer,17970,59,May,2024
North,Speaker,9835,49,February,2024
East,Phone,50789,100,October,2022
North,Laptop,71851,89,April,2022
West,Mouse,3508,106,October,2024
West,Laptop,60948,76,January,2022
Southeast,Phone,13844,27,August,2024
Northwest,Keyboard,6459,71,August,2024
Northeast,Printer,29319,96,September,2023
South,Monitor,23841,95,October,2023
Midwest,Webcam,6468,70,July,2024
North,Tablet,23771,76,July,2024
South,Monitor,7788,29,September,2022
East,Laptop,35378,44,August,2022
South,Printer,27805,91,March,2022
Southwest,Tablet,26061,86,January,2023
Northeast,Mouse,3003,67,July,2022
Southeast,Headphones,15207,96,June,2022
East,Webcam,2482,17,October,2022
Northwest,Monitor,2822,11,August,2023
Southeast,Speaker,3528,17,October,2022
North,Laptop,64348,80,November,2024
South,Headphones,16193,106,June,2023
Central,Printer,6867,21,May,2024
Northeast,Monitor,24637,96,December,2024
Midwest,Printer,27330,89,April,2022
Southeast,Laptop,82368,102,August,2024
Midwest,Mouse,2163,39,November,2022
Central,Laptop,40381,50,April,2023
East,Headphones,3168,15,December,2023
Southwest,Monitor,7994,29,June,2023
South,Printer,9435,29,September,2022
Southwest,Headphones,5409,35,August,2023
Southwest,Phone,37080,73,August,2022
Central,Phone,49030,98,September,2024
Northwest,Mouse,3561,107,May,2022
Midwest,Webcam,5964,60,September,2022
Southeast,Speaker,20009,97,March,2022
Southeast,Webcam,9301,101,February,2024
Southeast,Speaker,10645,49,May,2023
Northwest,Mouse,735,22,July,2023
Southwest,Monitor,28236,109,November,2022
Central,Speaker,9734,46,September,2023
Central,Laptop,52849,66,February,2022
Central,Printer,30396,98,August,2023
Central,Speaker,18116,88,June,2023
Midwest,Phone,23960,47,September,2023
South,Mouse,2522,66,March,2024
South,Keyboard,5659,68,March,2023
North,Tablet,13720,45,January,2023
South,Printer,20516,68,September,2024
West,Headphones,13020,86,October,2023
Central,Headphones,16773,109,June,2023
Southwest,Laptop,14646,18,September,2022
East,Monitor,7626,28,July,2024
Central,Laptop,75434,94,March,2023
Northeast,Headphones,7095,41,July,2023
Central,Headphones,7653,50,November,2023
Northwest,Webcam,5435,58,October,2023
West,Headphones,14948,96,April,2022
South,Monitor,14990,56,November,2023
South,Printer,26770,88,May,2023
South,Printer,10661,35,August,2023
West,Laptop,15362,19,May,2023
Northwest,Webcam,8852,95,October,2023
Northwest,Keyboard,3445,35,November,2022
Central,Keyboard,5460,60,September,2022
North,Speaker,10507,49,August,2024
Central,Speaker,18550,89,August,2024
Midwest,Phone,33364,65,November,2023
Central,Mouse,1551,46,May,2024
East,Phone,28439,55,July,2022
Northwest,Monitor,8641,33,August,2022
Northwest,Webcam,8035,82,November,2022
Southwest,Tablet,23565,76,March,2022
Central,Monitor,5269,20,April,2022
Northeast,Printer,24672,81,July,2024
North,Tablet,3316,10,July,2022
Southeast,Tablet,26713,87,May,2022
Southwest,Headphones,6918,40,July,2022
Southwest,Keyboard,3295,33,May,2024
Southwest,Tablet,27363,91,September,2023
North,Webcam,1999,12,March,2022
Southeast,Laptop,86573,108,October,2024
South,Laptop,53616,66,May,2022
Central,Keyboard,2800,33,May,2022
Southwest,Keyboard,7634,88,March,2022
Northeast,Mouse,2072,55,October,2024
South,Mouse,1217,25,October,2022
Southwest,Keyboard,5077,57,March,2024
Southeast,Tablet,28171,91,September,2024
South,Keyboard,3102,32,March,2022
Southeast,Keyboard,3493,39,August,2024
South,Speaker,17310,83,December,2023
East,Headphones,12932,80,April,2023
Midwest,Monitor,3733,12,September,2024
Southeast,Phone,52684,104,May,2023
West,Speaker,4540,21,April,2024
Northeast,Monitor,15795,61,July,2023
North,Tablet,29084,95,January,2023
Northwest,Keyboard,1509,11,May,2023
Northwest,Keyboard,6809,82,June,2022
West,Keyboard,8963,105,May,2023
Southwest,Mouse,2274,58,April,2024
Southwest,Printer,22747,75,February,2023
North,Tablet,28588,93,January,2024
North,Laptop,46602,58,February,2023
Southwest,Webcam,4572,50,February,2022
East,Webcam,7101,76,April,2024
Southeast,Monitor,10035,40,July,2023
Southeast,Laptop,50936,63,July,2024
West,Printer,12084,37,October,2023
East,Mouse,2612,67,December,2024
Northwest,Webcam,2731,28,April,2023
Southwest,Tablet,25115,81,February,2022
North,Tablet,15430,50,November,2022
Northeast,Laptop,58844,73,February,2024
South,Monitor,4820,18,November,2022
North,Monitor,3411,11,October,2023
South,Webcam,6288,68,October,2024
West,Mouse,2161,50,December,2022
South,Webcam,10070,108,March,2024
East,Webcam,7168,75,October,2022
Northwest,Monitor,13741,51,May,2023
North,Webcam,2831,24,November,2022
Midwest,Phone,16319,32,February,2022
West,Tablet,26087,85,May,2023
East,Headphones,12215,78,September,2023
North,Keyboard,2578,32,January,2023
West,Printer,26136,87,August,2023
Northeast,Phone,42305,83,December,2023
Northeast,Laptop,79454,99,July,2024
Southwest,Mouse,2425,78,November,2022
Northeast,Printer,23659,76,December,2024
West,Tablet,22990,76,July,2024
Southeast,Speaker,20469,99,August,2022
Southeast,Tablet,24285,78,September,2023
South,Monitor,22890,90,February,2022
Northwest,Tablet,5191,17,January,2024
East,Tablet,13557,44,February,2024
East,Laptop,83902,104,July,2023
North,Webcam,4192,42,June,2024
East,Phone,43991,87,February,2022
Northwest,Webcam,6607,72,June,2022
Southwest,Printer,20160,65,June,2024
Southwest,Mouse,2244,60,January,2024
Midwest,Mouse,1421,42,July,2022
Northeast,Monitor,6977,26,August,2024
Midwest,Laptop,87513,109,February,2022
Midwest,Speaker,5440,23,August,2023
East,Monitor,21802,86,April,2024
Northwest,Webcam,4027,38,September,2022
North,Printer,15583,50,July,2023
Midwest,Laptop,43082,53,July,2022
Southeast,Headphones,10704,71,December,2022
South,Tablet,30926,101,December,2022
Central,Mouse,2292,68,December,2023
South,Webcam,8195,81,December,2023
Southeast,Tablet,7661,23,March,2023
South,Webcam,10516,106,March,2023
East,Printer,22927,76,October,2023
West,Speaker,4025,16,March,2023
South,Headphones,14716,98,September,2024
Northwest,Printer,31159,103,December,2023
Southeast,Laptop,40888,51,March,2024
Midwest,Webcam,7503,75,July,2023
Northwest,Headphones,17212,109,May,2024
Southeast,Tablet,29074,96,September,2023
West,Mouse,2325,47,August,2023
Southeast,Webcam,6657,70,October,2024
Northeast,Webcam,5575,57,July,2023
Central,Phone,23705,46,April,2023
Central,Monitor,14209,53,January,2024
Central,Laptop,79598,99,February,2024
West,Tablet,22194,71,February,2022
Midwest,Laptop,8890,11,June,2023
Central,Printer,5484,15,May,2022
East,Headphones,14205,91,March,2024
Central,Keyboard,5054,62,February,2024
Southwest,Monitor,20911,83,January,2022
West,Webcam,5631,55,June,2022
Southeast,Mouse,4210,109,September,2024
Southwest,Speaker,20409,98,July,2023
Midwest,Mouse,1859,46,February,2022
Midwest,Mouse,1252,29,March,2022
Southeast,Laptop,85211,106,August,2023
Northwest,Monitor,11758,46,June,2022
North,Printer,28468,92,July,2023
East,Laptop,67695,84,October,2023
North,Printer,22751,73,April,2024
North,Tablet,12900,42,February,2024
East,Headphones,4094,25,February,2023
Southwest,Monitor,14295,56,January,2023
West,Tablet,21512,71,April,2022
Northwest,Tablet,25381,83,August,2022
Southeast,Webcam,3101,26,September,2024
Northeast,Laptop,68023,84,October,2024
West,Phone,54977,108,July,2022
Midwest,Keyboard,7718,91,November,2024
Midwest,Keyboard,4840,55,January,2022
Central,Webcam,6180,58,March,2022
Southeast,Tablet,21899,70,January,2024
East,Monitor,10158,40,October,2022
North,Tablet,18031,58,August,2022
North,Headphones,10559,67,January,2023
West,Monitor,3552,12,December,2024
Southwest,Monitor,10348,39,January,2022
Midwest,Phone,15761,30,April,2023
Northwest,Monitor,9788,36,February,2023
East,Keyboard,1526,16,April,2024
Midwest,Monitor,26380,103,March,2023
Southeast,Monitor,23834,94,March,2023
Northwest,Monitor,8972,34,July,2022
South,Tablet,32516,106,July,2022
Central,Phone,7918,15,May,2023
Northeast,Speaker,8331,41,December,2022
Southwest,Phone,46462,92,November,2022
Northeast,Mouse,2007,61,December,2022
North,Speaker,19775,96,March,2023
Southwest,Keyboard,4578,53,December,2024
South,Headphones,12936,86,April,2023
Central,Headphones,6842,39,December,2023
Southeast,Headphones,6198,35,May,2024
East,Keyboard,5710,59,February,2024
Midwest,Speaker,19132,91,July,2022
Southwest,Monitor,5910,22,May,2023
Southeast,Laptop,39370,49,June,2024
East,Speaker,2783,10,April,2023
Midwest,Mouse,3312,85,October,2023
North,Phone,28243,56,August,2024
Northeast,Webcam,2788,25,July,2023
South,Mouse,2706,69,April,2024
Southwest,Tablet,7552,24,April,2022
Central,Speaker,10579,51,January,2022
East,Laptop,59374,73,May,2024
Southeast,Headphones,2259,13,October,2024
North,Mouse,906,22,September,2023
Central,Monitor,21226,82,February,2022
East,Laptop,72038,90,February,2023
North,Keyboard,5170,57,September,2023
South,Mouse,3308,99,March,2023
South,Keyboard,7188,81,November,2024
South,Keyboard,7512,83,June,2023
North,Speaker,2771,13,July,2022
North,Speaker,4966,23,June,2022
Northeast,Webcam,5074,47,September,2024
East,Headphones,4228,22,November,2022
East,Keyboard,5583,66,December,2023
Midwest,Headphones,11744,76,April,2024
Southeast,Phone,11038,22,September,2022
North,Speaker,14271,68,October,2022
Midwest,Keyboard,1092,11,February,2022
East,Webcam,3915,38,March,2024
East,Mouse,3344,83,April,2023
Midwest,Laptop,62375,77,June,2023
Midwest,Laptop,30137,37,January,2022
Northwest,Laptop,81620,102,October,2024
Southeast,Tablet,26760,88,February,2022
Northeast,Speaker,8515,40,October,2022
North,Mouse,2245,44,September,2022
Southwest,Laptop,50258,62,July,2024
Northwest,Keyboard,4631,53,August,2024
Northwest,Speaker,18787,89,December,2023
West,Phone,11730,22,July,2024
North,Laptop,83220,104,March,2024
South,Tablet,18740,62,July,2024
Southeast,Printer,23686,76,May,2023
Central,Speaker,8556,42,September,2023
Northwest,Monitor,24816,99,December,2023
Southwest,Phone,5605,11,August,2024
Central,Headphones,15947,102,July,2022
Northeast,Monitor,20689,79,August,2022
Northwest,Webcam,3813,40,February,2022
Northeast,Tablet,19544,64,February,2022
Midwest,Phone,52326,104,August,2023
North,Keyboard,7381,85,December,2023
Central,Phone,18548,37,August,2022
Central,Printer,19247,61,March,2023
West,Headphones,12547,83,December,2024
North,Phone,53999,107,September,2023
East,Headphones,11363,72,June,2024
South,Mouse,2581,82,October,2024
South,Tablet,31682,103,May,2023
North,Monitor,21073,83,April,2024
East,Keyboard,3598,42,October,2022
Southwest,Laptop,16231,20,May,2024
Central,Printer,14830,47,October,2023
East,Keyboard,1942,21,November,2022
Central,Webcam,2790,29,February,2024
West,Monitor,4393,15,July,2023
Southeast,Headphones,7791,48,February,2024
West,Monitor,10916,40,August,2022
Central,Mouse,3751,104,September,2023
Northwest,Mouse,3661,95,June,2022
Southwest,Tablet,15990,53,January,2022
Midwest,Laptop,58831,73,September,2024
East,Keyboard,2021,16,September,2022
South,Speaker,10606,50,April,2023
Midwest,Mouse,2636,74,January,2022
Northwest,Printer,30924,101,January,2022
Southeast,Phone,6075,12,March,2023
North,Headphones,2125,12,November,2022
Southeast,Speaker,10864,53,January,2022
West,Webcam,4528,43,September,2023
Northwest,Headphones,4154,26,August,2023
Northeast,Phone,18588,37,October,2024
Central,Speaker,2865,10,September,2022
Southeast,Mouse,3517,101,October,2022
South,Keyboard,7434,81,July,2022
Southeast,Laptop,12146,14,February,2022
Northeast,Headphones,4288,23,February,2022
Northeast,Laptop,52666,65,May,2023
North,Monitor,13330,50,October,2024
Southwest,Speaker,19957,96,February,2022
Northeast,Printer,8712,28,October,2022
West,Monitor,19918,76,February,2022
East,Mouse,3024,99,December,2024
Northeast,Printer,16336,52,January,2024
Southeast,Laptop,48636,60,October,2024
South,Printer,12486,41,August,2024
Southwest,Laptop,61437,76,January,2022
West,Printer,7823,23,January,2023
Central,Webcam,5496,52,March,2024
Southeast,Headphones,7446,45,March,2024
Central,Laptop,60593,75,September,2022
North,Printer,13170,41,October,2022
Northeast,Laptop,78897,98,May,2024
Southeast,Monitor,13677,54,January,2022
Northeast,Headphones,11941,77,February,2022
Southeast,Phone,31043,61,May,2024
South,Tablet,19933,65,October,2024
Northwest,Tablet,29455,97,August,2022
Southwest,Speaker,12097,59,November,2023
Midwest,Laptop,62655,78,September,2024
Northwest,Speaker,20539,99,February,2024
North,Keyboard,5446,60,January,2024
Northwest,Speaker,7848,36,June,2024
Southwest,Headphones,11245,72,March,2022
Northwest,Speaker,2799,12,July,2023
Southeast,Tablet,25537,84,June,2022
West,Monitor,20856,83,June,2024
North,Phone,49043,97,April,2024
East,Speaker,10955,54,May,2022
Midwest,Printer,7876,26,November,2024
Southwest,Keyboard,2792,24,November,2024
Southeast,Monitor,8530,32,July,2023
North,Tablet,26253,87,February,2022
North,Tablet,21884,72,September,2022
South,Printer,28518,94,June,2022
Midwest,Keyboard,2112,17,February,2023
Midwest,Phone,33733,67,June,2023
Northeast,Phone,55168,109,May,2022
East,Headphones,14573,95,June,2022
Central,Monitor,11266,42,August,2023
Northeast,Tablet,32591,108,November,2023
Midwest,Laptop,68824,85,August,2024
West,Tablet,31086,102,January,2024
East,Laptop,86424,107,April,2024
Midwest,Keyboard,1412,17,July,2023
East,Tablet,24879,80,October,2022
Southeast,Mouse,2152,58,July,2022
Central,Phone,33898,66,November,2023
Northwest,Monitor,24401,96,June,2022
Northwest,Headphones,6920,41,October,2024
Northeast,Webcam,6864,69,February,2023
Midwest,Speaker,9373,43,January,2023
Midwest,Headphones,4917,29,April,2024
Southeast,Printer,7263,24,April,2022
Northwest,Keyboard,4947,51,December,2023
East,Keyboard,5681,69,May,2023
Midwest,Printer,17891,59,April,2024
Northeast,Webcam,4921,50,October,2023
Midwest,Speaker,9085,43,September,2023
North,Keyboard,8820,104,May,2022
Northeast,Printer,4121,12,September,2023
East,Phone,12996,24,October,2024
East,Tablet,16789,54,January,2023
Northwest,Laptop,41076,51,August,2022
South,Keyboard,1953,24,July,2024
North,Monitor,25048,97,August,2022
Southwest,Printer,13151,43,December,2022
South,Speaker,10940,54,July,2022
North,Headphones,15959,106,July,2023
Northeast,Speaker,13699,65,May,2022
West,Mouse,2865,67,February,2023
North,Headphones,13453,88,September,2022
East,Headphones,13610,88,August,2023
Midwest,Keyboard,5225,64,December,2024
East,Keyboard,7213,88,November,2022
Midwest,Keyboard,3999,44,August,2024
Northeast,Tablet,31328,103,May,2023
Midwest,Laptop,67335,84,November,2023
South,Mouse,1618,31,April,2022
Northwest,Phone,33587,66,September,2022
Midwest,Monitor,21196,81,November,2022
Central,Mouse,2018,41,June,2022
Southwest,Speaker,11785,56,April,2024
Southeast,Phone,21118,42,July,2024
Northeast,Phone,18773,36,May,2022
Northwest,Monitor,25445,100,January,2024
Northwest,Headphones,7268,45,October,2022
Midwest,Laptop,42594,53,June,2024
Central,Headphones,10112,64,June,2024
Southeast,Monitor,25152,97,June,2023
South,Headphones,10122,66,January,2022
Central,Phone,26898,52,May,2022
North,Headphones,6007,40,September,2022
Northwest,Monitor,6738,24,July,2022
Southeast,Mouse,4148,108,February,2022
Central,Mouse,3188,84,July,2023
Southeast,Printer,33193,109,October,2024
South,Keyboard,1596,13,December,2023
West,Headphones,14090,91,February,2023
South,Speaker,11504,55,May,2022
Northeast,Keyboard,3937,48,September,2024
Southwest,Laptop,14349,17,April,2023
Southwest,Keyboard,4845,51,April,2023
South,Laptop,66752,83,June,2023
East,Webcam,3346,33,December,2024
Central,Webcam,2966,26,August,2023
Central,Monitor,8241,31,October,2023
North,Phone,6173,12,August,2022
Southwest,Laptop,42928,53,April,2022
East,Webcam,9028,98,June,2023
Northeast,Printer,23346,75,March,2023
East,Headphones,11757,75,September,2022
Northwest,Speaker,7262,36,December,2024
North,Tablet,15681,49,May,2024
Southeast,Headphones,11208,74,November,2023
Midwest,Speaker,19824,98,December,2022
Southeast,Mouse,2955,92,August,2023
Central,Phone,10445,19,March,2024
North,Laptop,23157,28,January,2023
Northwest,Keyboard,6982,75,May,2023
Northwest,Mouse,3017,77,September,2022
East,Monitor,18642,73,May,2022
Southwest,Keyboard,4667,52,December,2023
Northeast,Tablet,23754,76,November,2022
North,Laptop,53780,67,April,2024
Central,Laptop,12207,15,October,2024
Southeast,Tablet,9450,29,November,2024
Southwest,Monitor,4571,16,October,2022
Northwest,Phone,22541,44,September,2022
South,Laptop,71653,89,November,2023
West,Mouse,2273,61,September,2023
North,Mouse,3226,80,January,2023
Southeast,Mouse,3991,108,October,2024
West,Tablet,32042,104,January,2022
Southwest,Headphones,11182,72,February,2024
East,Tablet,15365,49,October,2023
South,Webcam,6833,73,September,2022
Northeast,Laptop,24003,29,July,2022
Midwest,Monitor,23116,90,November,2022
East,Speaker,11179,54,November,2023
West,Monitor,4785,19,January,2024
East,Printer,28866,95,March,2022
Central,Speaker,17250,85,November,2023
Southwest,Webcam,9344,101,July,2022
East,Laptop,35249,43,December,2022
Northeast,Phone,27267,53,September,2023
Central,Printer,19102,63,July,2022
East,Phone,35175,69,April,2022
Southwest,Laptop,59591,74,October,2023
Southeast,Headphones,12877,85,September,2022
Northwest,Laptop,20979,26,May,2024
East,Keyboard,2301,21,December,2022
Central,Speaker,11756,57,June,2023
Southwest,Headphones,12574,81,June,2022
South,Mouse,1524,30,September,2023
Midwest,Speaker,18880,93,April,2023
East,Tablet,11768,37,August,2024
Central,Mouse,1341,29,May,2022
East,Monitor,17939,70,October,2023
Northeast,Tablet,27315,89,August,2024
Southwest,Phone,50373,100,July,2024
Midwest,Headphones,12052,78,August,2023
Midwest,Keyboard,3355,34,June,2022
Northwest,Printer,15088,47,May,2023
Northwest,Speaker,4253,18,January,2024
Midwest,Webcam,4040,38,May,2023
West,Webcam,3608,38,January,2022
East,Printer,23407,76,April,2023
Southwest,Laptop,64228,80,July,2022
South,Keyboard,2693,29,December,2022
South,Phone,24216,48,March,2023
Northeast,Keyboard,8197,95,July,2022
North,Speaker,14986,72,October,2023
Central,Laptop,12587,15,September,2023
South,Laptop,79787,99,September,2024
Northwest,Speaker,4751,21,April,2024
South,Mouse,2245,56,May,2022
Southeast,Keyboard,1989,17,July,2023
Central,Laptop,56829,70,August,2023
Midwest,Phone,51815,102,February,2023
West,Tablet,23972,79,April,2024
Northwest,Phone,24604,49,April,2022
Southeast,Printer,28036,92,July,2023
Northwest,Laptop,62305,77,December,2023
Central,Phone,13541,26,March,2022
Central,Mouse,2234,57,September,2022
West,Speaker,7462,33,May,2023
East,Tablet,27991,91,July,2024
North,Keyboard,3070,29,May,2022
North,Laptop,9230,11,September,2024
Northwest,Webcam,2479,18,April,2022
Southeast,Tablet,29104,95,November,2023
Southeast,Headphones,11025,67,June,2022
Southwest,Keyboard,7174,84,September,2024
Northeast,Printer,30535,99,October,2022
West,Phone,8120,16,March,2022
Midwest,Monitor,22066,86,July,2024
Northwest,Keyboard,3223,35,June,2022
West,Keyboard,6113,66,March,2022
Central,Headphones,5029,28,June,2022
Northwest,Phone,35112,69,April,2024
West,Monitor,19859,76,November,2024
South,Tablet,13656,43,June,2022
Northeast,Keyboard,7985,99,January,2023
Southeast,Keyboard,7903,93,November,2024
Central,Headphones,10984,73,April,2023
Midwest,Speaker,14405,72,November,2022
Central,Keyboard,4090,39,July,2023
East,Mouse,2727,90,January,2022
South,Webcam,5607,56,December,2022
Northeast,Headphones,6275,39,February,2022
Northwest,Laptop,65691,82,April,2023
Southeast,Webcam,8211,85,January,2024
Southwest,Tablet,28532,92,October,2022
Midwest,Tablet,11211,37,November,2022
North,Phone,11201,22,November,2022
Northwest,Webcam,7385,80,November,2024
Midwest,Webcam,3987,35,August,2022
Northeast,Mouse,2002,38,May,2024
East,Tablet,18767,62,June,2023
Central,Printer,13501,42,January,2024
West,Laptop,43172,53,February,2022
West,Speaker,16761,81,October,2023
West,Keyboard,6418,74,June,2023
Northwest,Monitor,6804,24,May,2024
Midwest,Headphones,2686,12,April,2024
Midwest,Printer,4143,11,July,2023
South,Laptop,70295,87,June,2023
Southeast,Phone,17588,35,November,2023
South,Keyboard,5675,68,May,2022
Northeast,Headphones,16624,108,March,2022
North,Tablet,19674,64,July,2022
West,Webcam,9925,103,May,2024
North,Speaker,8227,40,October,2022
West,Tablet,17126,57,December,2024
Midwest,Tablet,18053,57,April,2023
Central,Laptop,70632,88,May,2023
Northwest,Speaker,8406,41,September,2022
Northwest,Mouse,1373,13,May,2024
Northwest,Mouse,3259,87,April,2024
Central,Laptop,63610,79,January,2024
South,Mouse,2897,80,December,2022
South,Headphones,13401,86,April,2022
Northwest,Webcam,5625,57,May,2024
Midwest,Printer,11616,36,June,2024
Central,Printer,9235,30,December,2023
West,Keyboard,6756,72,July,2024
Central,Monitor,8989,33,May,2024
Northwest,Tablet,5588,18,February,2023
Central,Mouse,3069,84,February,2024
North,Keyboard,3603,38,August,2024
Northeast,Mouse,2334,71,May,2023
Southwest,Monitor,21673,84,July,2022
Northeast,Headphones,10670,66,July,2024
Midwest,Monitor,20112,77,February,2022
Southeast,Mouse,3512,100,February,2024
West,Mouse,932,16,November,2024
Midwest,Webcam,2306,22,May,2023
West,Printer,25380,83,August,2022
Midwest,Mouse,709,21,August,2024
Southwest,Mouse,3150,84,December,2022
Central,Phone,5181,10,March,2024
Northwest,Mouse,3854,104,April,2023
Northwest,Laptop,45738,57,September,2024
East,Speaker,4848,24,July,2024
Southeast,Speaker,21230,102,March,2023
Midwest,Headphones,7478,49,March,2024
Southwest,Webcam,5181,52,September,2022
East,Monitor,18904,74,April,2023
Northeast,Laptop,21824,27,January,2024
East,Speaker,14931,73,February,2023
Northeast,Speaker,7467,35,June,2022
West,Mouse,3485,107,April,2022
Northeast,Speaker,17964,87,February,2022
East,Mouse,2623,86,October,2024
Southeast,Mouse,1619,34,October,2023
Southeast,Headphones,6777,45,March,2023
North,Keyboard,8437,99,January,2024
Southeast,Speaker,18742,92,July,2024
Midwest,Monitor,4386,15,April,2022
East,Keyboard,4168,51,June,2023
North,Mouse,2080,42,March,2022
West,Webcam,6656,71,February,2022
Midwest,Monitor,6437,24,March,2022
East,Laptop,63396,78,February,2022
Midwest,Monitor,10848,42,June,2024
South,Keyboard,6438,77,February,2023
West,Tablet,12838,41,April,2023
Northeast,Webcam,4844,47,February,2023
South,Keyboard,4139,41,September,2024
North,Tablet,20444,65,July,2023
Southeast,Monitor,24660,98,March,2024
Northwest,Mouse,2906,94,February,2024
Northeast,Speaker,6794,29,April,2022
Northwest,Webcam,4035,44,April,2024
East,Webcam,4987,46,March,2022
Southwest,Keyboard,5070,56,August,2022
Southwest,Keyboard,6673,72,October,2022
Central,Keyboard,8503,100,January,2024
East,Printer,22528,72,December,2023
Midwest,Webcam,5280,57,March,2022
Central,Mouse,2822,69,July,2022
Northwest,Phone,42101,83,May,2022
Midwest,Phone,33249,66,February,2022
West,Headphones,12247,75,September,2024
Northeast,Printer,14876,48,June,2023
West,Laptop,43756,54,January,2022
East,Speaker,8801,44,September,2024
North,Printer,25990,86,May,2023
Midwest,Monitor,23302,93,June,2023
South,Phone,28657,57,April,2022
Northeast,Laptop,8064,10,October,2024
Northeast,Tablet,17240,55,October,2023
Southeast,Printer,10551,33,April,2024
South,Keyboard,2250,23,September,2022
North,Laptop,22197,27,August,2024
East,Speaker,9277,42,April,2024
Midwest,Headphones,16692,106,April,2024
East,Keyboard,1826,11,December,2022
Southwest,Printer,8119,27,November,2023
West,Phone,39297,78,April,2024
Northwest,Keyboard,3228,40,January,2024
South,Mouse,2797,72,June,2023
East,Tablet,18684,62,June,2024
South,Headphones,8133,54,March,2022
Northwest,Printer,8778,26,January,2023
Northeast,Speaker,13722,64,March,2023
Southeast,Webcam,7968,86,July,2023
Midwest,Phone,51124,102,June,2023
South,Keyboard,3388,30,February,2022
North,Monitor,13692,52,April,2022
West,Printer,24096,78,April,2024
Midwest,Tablet,9518,29,February,2023
Northeast,Laptop,25542,31,September,2022
Southeast,Mouse,2004,34,January,2024
Southwest,Tablet,4650,13,September,2023
Southeast,Headphones,3136,19,September,2023
North,Phone,31734,62,October,2022
Southeast,Tablet,19454,63,July,2024
North,Mouse,1611,22,July,2024
Southeast,Headphones,3993,21,September,2024
Central,Keyboard,9127,107,September,2024
North,Printer,13765,44,May,2024
Southeast,Printer,21922,70,October,2022
Northeast,Mouse,944,13,March,2024
Southwest,Mouse,1943,62,December,2024
Midwest,Headphones,9729,59,April,2024
East,Mouse,1582,31,November,2022
Southwest,Monitor,25530,99,June,2023
Northwest,Mouse,3111,92,February,2023
Southeast,Phone,8499,16,October,2022
Northwest,Keyboard,2348,25,May,2023
Northwest,Printer,3854,12,September,2024
Southeast,Headphones,15551,99,February,2022
West,Tablet,3927,10,September,2023
South,Headphones,3753,24,February,2022
Southwest,Laptop,46624,58,December,2024
West,Laptop,46740,58,January,2023
South,Printer,13120,43,December,2023
Northwest,Phone,13482,26,July,2024
Southeast,Speaker,20077,98,February,2023
West,Printer,31028,103,December,2024
Southwest,Monitor,26081,102,May,2024
West,Keyboard,9090,104,June,2023
East,Laptop,33638,42,August,2023
Southeast,Phone,48474,95,October,2024
East,Mouse,1684,51,February,2023
Southwest,Speaker,3016,12,January,2024
Midwest,Tablet,17017,55,June,2024
East,Webcam,4232,43,July,2022
South,Printer,5664,16,March,2023
North,Monitor,6250,25,February,2023
Northwest,Mouse,2916,66,December,2022
Southeast,Mouse,1063,35,May,2024
East,Laptop,75424,94,July,2022
Southeast,Tablet,24097,77,June,2024
Northwest,Tablet,28423,94,August,2023
Southwest,Monitor,9893,39,September,2022
South,Laptop,15881,19,January,2022
Central,Mouse,1035,29,March,2022
Southeast,Speaker,8727,39,December,2022
North,Webcam,5861,59,April,2023
North,Laptop,68190,85,August,2022
Southwest,Tablet,23613,78,October,2022
East,Headphones,4275,26,May,2023
East,Mouse,2537,81,November,2022
Central,Webcam,6246,60,March,2024
East,Tablet,28538,94,January,2023
South,Headphones,3994,21,February,2023
East,Phone,7966,15,September,2024
Central,Webcam,5467,51,October,2024
Central,Headphones,6183,40,January,2023
Southeast,Speaker,22574,108,November,2022
South,Webcam,9248,100,June,2023
Southeast,Monitor,20085,79,March,2023
Central,Headphones,3604,19,November,2022
East,Speaker,17395,84,November,2023
Southwest,Webcam,5919,57,May,2023
South,Phone,6033,11,March,2023
South,Laptop,50444,62,November,2024
Midwest,Laptop,18756,23,December,2023
Southwest,Keyboard,7709,84,February,2023
South,Laptop,71213,89,December,2022
West,Phone,6064,11,November,2024
South,Mouse,1726,49,March,2022
Central,Keyboard,8885,109,September,2023
Northwest,Printer,28866,93,February,2022
East,Monitor,17134,66,October,2022
South,Keyboard,4825,57,March,2022
Midwest,Printer,17061,55,April,2023
Northeast,Printer,27397,90,February,2022
Midwest,Tablet,5335,17,February,2024
West,Printer,22682,73,November,2023
Midwest,Printer,30289,99,January,2024
East,Laptop,55955,69,January,2024
North,Mouse,1312,18,March,2022
Southwest,Tablet,10790,34,December,2023
Midwest,Webcam,5402,54,August,2022
Central,Tablet,30642,99,April,2024
West,Webcam,3961,38,January,2023
Midwest,Webcam,3092,29,July,2024
South,Monitor,19933,78,January,2022
South,Mouse,1242,26,October,2022
North,Headphones,13037,86,December,2022
West,Phone,39280,78,July,2024
Northeast,Monitor,3291,10,October,2022
Northwest,Webcam,6365,67,August,2023
Southwest,Phone,38173,75,November,2024
Southwest,Headphones,14952,96,October,2024
Northwest,Monitor,25499,98,July,2022
West,Webcam,5481,53,March,2022
Southeast,Mouse,1929,62,September,2023
Southwest,Phone,42122,84,May,2023
Central,Tablet,21992,73,February,2023
North,Tablet,19345,64,August,2023
West,Laptop,51256,63,February,2023
Southwest,Webcam,1952,17,April,2024
Southeast,Webcam,8289,82,February,2024
South,Tablet,24377,79,July,2022
West,Tablet,16472,52,June,2022
Northeast,Headphones,13436,89,October,2022
Midwest,Keyboard,2062,16,May,2022
Northwest,Keyboard,3674,44,November,2023
South,Printer,18695,59,May,2023
Southwest,Headphones,7854,50,April,2024
Southeast,Headphones,12209,75,June,2022
Midwest,Printer,18172,60,April,2022
Southeast,Phone,14978,28,October,2023
North,Speaker,8432,41,April,2022
Northwest,Speaker,18504,89,November,2024
Northwest,Phone,25901,51,January,2022
Central,Laptop,57470,71,August,2023
Northeast,Speaker,18834,91,March,2023
East,Headphones,8250,54,January,2024
Central,Mouse,2035,65,November,2022
West,Headphones,5852,38,November,2023
West,Webcam,6682,70,October,2024
Northwest,Mouse,1240,27,January,2024
Northeast,Mouse,3687,101,August,2024
Midwest,Mouse,1579,30,January,2022
Central,Laptop,8997,11,March,2022
East,Laptop,74928,93,November,2023
East,Laptop,20806,26,September,2024
South,Headphones,13292,87,April,2022
Midwest,Webcam,9252,98,December,2024
South,Headphones,14595,97,March,2024
Midwest,Speaker,13295,64,March,2022
East,Phone,31056,62,November,2022
East,Printer,27347,89,July,2022
Midwest,Phone,13149,25,February,2022
West,Phone,24095,47,December,2022
Southeast,Mouse,3440,82,September,2022
Central,Keyboard,9239,103,February,2024
Northwest,Phone,47229,94,April,2024
West,Webcam,2991,33,November,2023
Northeast,Printer,15452,49,June,2023
Southeast,Phone,17544,34,February,2023
South,Mouse,2599,73,June,2022
North,Headphones,10981,68,July,2024
East,Printer,28291,92,April,2022
Central,Keyboard,7838,88,May,2024
Southwest,Monitor,26182,103,September,2022
Central,Printer,22050,72,August,2024
Midwest,Printer,10489,33,February,2024
South,Laptop,85014,106,July,2024
Northeast,Mouse,3197,100,August,2023
West,Headphones,2922,17,September,2022
East,Mouse,1704,36,April,2024
Northwest,Headphones,6933,45,October,2022
South,Printer,31478,102,September,2023
North,Mouse,1571,22,May,2023
North,Tablet,22800,75,August,2022
Northwest,Printer,22042,71,February,2024
Northwest,Keyboard,8155,92,May,2022
Central,Keyboard,3471,39,January,2022
Midwest,Webcam,7289,75,February,2024
North,Keyboard,4642,49,July,2023
Northeast,Speaker,15892,79,April,2022
Central,Keyboard,8564,95,October,2023
West,Headphones,14156,88,June,2022
Southwest,Printer,12941,40,September,2022
East,Printer,31807,106,October,2024
West,Phone,54157,107,September,2024
Northeast,Monitor,20222,77,December,2023
Central,Printer,29677,96,February,2022
Northeast,Keyboard,4059,44,September,2022
South,Headphones,17076,108,April,2023
Southeast,Keyboard,6586,75,October,2024
East,Monitor,18499,72,July,2024
West,Laptop,51836,64,October,2023
West,Mouse,3087,102,June,2023
Midwest,Keyboard,4414,54,April,2022
Southeast,Headphones,12193,76,August,2022
North,Printer,4328,13,August,2022
Southwest,Phone,16095,32,March,2024
Central,Mouse,3452,99,February,2024
Southwest,Printer,9534,31,March,2024
Northwest,Monitor,7524,28,May,2024
Midwest,Webcam,9850,104,October,2022
Midwest,Speaker,17520,87,June,2023
South,Headphones,3262,17,August,2023
Central,Webcam,1812,11,December,2023
Northwest,Headphones,8188,51,October,2022
South,Webcam,1456,12,June,2024
West,Keyboard,1517,11,May,2024
North,Mouse,1138,14,November,2022
Northwest,Webcam,8542,91,March,2022
West,Laptop,8243,10,March,2023
North,Phone,12073,24,June,2022
North,Laptop,83370,104,June,2024
North,Tablet,9261,28,February,2022
East,Keyboard,6870,84,September,2022
East,Headphones,7728,51,April,2024
West,Laptop,84940,105,November,2024
Northwest,Webcam,8962,93,September,2023
Northwest,Headphones,8020,49,November,2022
Northwest,Tablet,8851,29,April,2024
Northwest,Headphones,4540,24,June,2022
Central,Mouse,2140,54,January,2023
Southeast,Printer,29441,97,February,2023
West,Phone,54330,108,July,2022
South,Keyboard,8825,109,January,2023
Southeast,Headphones,2390,14,October,2023
West,Mouse,4071,106,January,2024
South,Phone,38081,76,December,2022
Southeast,Keyboard,4116,40,November,2022
Southeast,Webcam,5402,54,February,2023
Northeast,Phone,24923,49,October,2022
Southeast,Printer,24302,80,September,2023
Midwest,Mouse,1507,41,September,2023
Southwest,Phone,22725,44,November,2024
Northwest,Printer,19857,64,February,2024
Southeast,Keyboard,7750,91,July,2023
West,Headphones,15638,103,October,2023
Northwest,Mouse,2110,43,March,2022
Southwest,Keyboard,2736,30,May,2024
Northwest,Headphones,10057,62,December,2024
Northeast,Monitor,7679,30,December,2024
Midwest,Speaker,21256,106,July,2023
Central,Laptop,45358,56,October,2024
East,Keyboard,7611,90,January,2022
East,Tablet,29554,96,August,2024
Southeast,Mouse,2540,72,November,2022
South,Speaker,15012,71,July,2023
Northwest,Tablet,4600,13,November,2023
South,Mouse,1896,44,July,2023
West,Tablet,24913,81,September,2022
Southeast,Laptop,65203,81,June,2023
South,Headphones,4315,28,March,2023
North,Tablet,4868,15,June,2024
Southwest,Speaker,4657,23,October,2023
West,Webcam,5482,55,May,2024
East,Laptop,10943,13,April,2022
Midwest,Webcam,2011,14,June,2023
East,Webcam,3281,31,January,2024
Central,Speaker,19628,94,November,2024
South,Monitor,10718,41,July,2023
Southeast,Webcam,7773,84,September,2022
South,Laptop,29182,36,August,2023
Southeast,Tablet,22278,73,November,2022
South,Tablet,20479,65,February,2023
East,Phone,47590,95,September,2022
Northwest,Tablet,27535,89,October,2023
East,Keyboard,7951,94,December,2022
East,Speaker,14403,72,October,2022
East,Phone,8840,16,May,2022
South,Printer,20497,65,February,2024
East,Phone,7483,13,November,2022
Central,Printer,26795,89,February,2024
Northwest,Printer,18072,60,March,2024
Northeast,Keyboard,1615,17,May,2023
Central,Printer,25640,84,August,2022
Midwest,Mouse,908,17,February,2023
South,Keyboard,7352,86,December,2022
Northwest,Phone,18266,35,January,2022
Midwest,Webcam,4080,39,March,2022
Southwest,Printer,10779,33,June,2023
Southwest,Webcam,1709,18,November,2022
Southeast,Tablet,9351,30,November,2024
Northwest,Tablet,15183,49,January,2022
South,Headphones,4585,26,January,2022
Northwest,Tablet,29785,97,April,2023
West,Mouse,2099,64,May,2023
North,Headphones,15936,101,February,2024
Northwest,Phone,14095,28,January,2024
Northeast,Tablet,7322,24,August,2024
Southwest,Printer,25401,83,July,2024
Northwest,Mouse,3487,89,November,2023
Northeast,Speaker,18330,91,September,2022
East,Mouse,706,15,December,2023
Southwest,Phone,39409,77,September,2023
Midwest,Laptop,22310,27,February,2023
Northeast,Monitor,12544,50,January,2023
Southeast,Speaker,18672,91,November,2024
East,Webcam,7507,83,May,2024
Midwest,Monitor,13024,51,August,2023
Central,Phone,51865,102,August,2022
East,Monitor,13953,52,December,2024
Southeast,Laptop,27229,34,August,2024
Northwest,Phone,15024,30,August,2022
South,Keyboard,3899,41,April,2023
Central,Webcam,1669,17,April,2024
Southwest,Headphones,16853,106,March,2022
South,Speaker,10232,48,December,2023
Central,Headphones,5582,34,July,2023
East,Monitor,23075,89,April,2024
Northwest,Speaker,20285,101,April,2024
Northeast,Printer,29159,97,April,2023
West,Headphones,15561,99,July,2023
Central,Printer,24565,79,March,2023
North,Headphones,9656,62,June,2023
Midwest,Headphones,11650,74,December,2024
Northeast,Phone,16970,33,December,2022
Central,Mouse,2163,39,October,2023
South,Headphones,12173,80,March,2022
West,Speaker,10606,51,July,2024
North,Speaker,11203,52,December,2022
Northeast,Mouse,3346,93,June,2022
West,Webcam,7277,75,July,2024
Northeast,Printer,12402,40,June,2024
North,Tablet,28299,91,July,2023
North,Laptop,87676,109,May,2024
South,Speaker,18699,93,August,2023
South,Speaker,17376,83,October,2023
Midwest,Tablet,31092,101,August,2022
Southwest,Mouse,2411,79,February,2024
Northwest,Printer,21503,69,June,2022
Central,Monitor,24103,95,October,2024
Central,Monitor,10558,39,January,2022
North,Phone,23442,46,March,2022
North,Monitor,6113,24,December,2023
North,Monitor,25944,100,September,2022
South,Phone,28212,55,July,2022
Midwest,Keyboard,5677,63,October,2022
East,Speaker,12074,59,November,2023
North,Keyboard,3142,33,September,2024
South,Laptop,85383,106,September,2024
Midwest,Speaker,8056,36,May,2024
East,Tablet,8487,25,June,2023
South,Keyboard,8525,96,October,2023
North,Phone,28935,56,December,2024
South,Printer,8097,24,June,2023
Northeast,Headphones,6878,43,October,2023
Northwest,Printer,15360,51,March,2023
Southeast,Tablet,33157,108,December,2023
Midwest,Headphones,12441,79,November,2022
Southwest,Webcam,3319,30,June,2022
Midwest,Monitor,14852,57,September,2024
Southwest,Printer,9129,30,May,2023
North,Printer,30375,99,November,2022
Southeast,Mouse,2386,53,May,2024
North,Mouse,2924,66,February,2024
Central,Speaker,9881,49,February,2024
Northeast,Tablet,25285,81,June,2022
Midwest,Monitor,5594,22,May,2024
South,Webcam,6375,67,June,2024
South,Webcam,3706,32,December,2024
Southeast,Monitor,14631,57,November,2024
Northwest,Keyboard,5307,54,March,2024
Midwest,Webcam,9350,102,March,2022
Northwest,Laptop,58534,72,June,2023
Northeast,Printer,10929,35,January,2024
Northwest,Monitor,22094,87,October,2023
Southeast,Speaker,7686,35,June,2023
Southwest,Printer,33592,109,September,2022
South,Mouse,1800,35,April,2022
Midwest,Laptop,43709,54,May,2023
South,Phone,53449,106,September,2022
Northwest,Tablet,5475,18,December,2023
Southwest,Headphones,14177,91,October,2024
South,Tablet,8858,28,November,2023
Northeast,Laptop,32199,39,July,2023
West,Tablet,26154,84,June,2023
Central,Headphones,16212,102,September,2024
West,Keyboard,2021,15,September,2023
West,Speaker,16879,84,October,2023
Northeast,Printer,17407,58,January,2022
Northeast,Monitor,17740,70,January,2023
Northeast,Printer,22300,73,December,2023
Northeast,Printer,24795,81,August,2024
Northeast,Laptop,42890,53,September,2022
North,Tablet,24648,82,September,2024
West,Monitor,10398,39,September,2024
South,Mouse,3404,105,December,2024
West,Phone,39447,77,April,2022
West,Headphones,14755,94,February,2023
West,Laptop,12147,15,August,2024
Midwest,Monitor,9771,39,October,2023
Southeast,Monitor,21975,84,March,2023
Southwest,Tablet,20394,66,August,2024
Northwest,Monitor,23439,93,October,2022
Southwest,Laptop,41312,51,August,2024
Northeast,Tablet,31119,102,February,2022
Northeast,Keyboard,8448,105,July,2023
East,Webcam,4429,39,August,2024
Northwest,Headphones,4460,29,April,2023
North,Webcam,6387,61,April,2024
Midwest,Headphones,14427,90,August,2022
Northeast,Keyboard,9533,108,July,2023
South,Keyboard,5974,74,September,2022
Southwest,Headphones,10121,61,October,2024
Central,Monitor,14651,58,June,2022
Central,Printer,17680,57,February,2024
Midwest,Mouse,1176,27,May,2023
Northwest,Printer,3239,10,April,2023
West,Webcam,5265,55,February,2023
South,Speaker,17078,81,February,2023
South,Phone,37472,74,February,2022
Midwest,Phone,36906,72,July,2022
Southeast,Mouse,2034,64,October,2024
North,Laptop,86204,107,January,2024
Southeast,Mouse,3498,92,January,2023
West,Laptop,84094,104,January,2023
Southeast,Keyboard,1910,16,March,2024
Southwest,Webcam,8420,93,February,2023
Northeast,Laptop,85734,106,April,2024
Northeast,Keyboard,7054,77,April,2024
Midwest,Headphones,2789,18,March,2023
North,Mouse,2243,46,March,2022
South,Headphones,2561,12,February,2023
Central,Speaker,14902,72,July,2022
North,Monitor,25477,99,December,2024
Southwest,Tablet,26401,85,June,2022
Northeast,Headphones,6628,44,November,2023
East,Monitor,22314,87,February,2022
North,Speaker,20502,101,July,2024
Northeast,Monitor,25894,100,April,2023
East,Monitor,19467,77,August,2022
Southeast,Laptop,26432,33,June,2024
Northeast,Mouse,1445,25,September,2022
East,Printer,29664,96,September,2022
Northeast,Webcam,3739,35,February,2022
Central,Webcam,5300,50,September,2024
East,Keyboard,7749,86,April,2024
Northeast,Speaker,10951,53,May,2023
Northwest,Monitor,25459,100,April,2024
Midwest,Phone,22045,44,May,2022
West,Phone,35231,70,August,2024
Southwest,Laptop,77690,96,November,2023
West,Mouse,2559,56,August,2024
Central,Headphones,6478,40,July,2022
South,Monitor,11158,44,March,2022
North,Phone,9911,19,August,2024
South,Speaker,5452,27,August,2024
East,Keyboard,2236,22,October,2024
Southwest,Speaker,20145,98,July,2022
Northeast,Tablet,26961,89,September,2024
Midwest,Speaker,22251,107,May,2022
South,Phone,28382,56,October,2023
Northeast,Tablet,21146,70,November,2022
Southeast,Headphones,14207,89,December,2023
Northwest,Laptop,77086,96,October,2023
North,Headphones,14368,95,March,2023
Southwest,Speaker,21865,105,March,2022
South,Laptop,73656,92,June,2024
Midwest,Headphones,9098,57,December,2024
Midwest,Speaker,5567,24,August,2024
Northwest,Printer,9724,30,October,2023
Southeast,Mouse,3570,109,September,2023
Southwest,Keyboard,4432,44,January,2023
Southwest,Laptop,53866,67,January,2023
East,Phone,12968,25,March,2022
East,Keyboard,9023,102,November,2023
Southwest,Webcam,7474,82,September,2024
North,Phone,13669,26,December,2023
West,Laptop,31991,39,January,2022
North,Phone,12731,25,June,2022
Midwest,Printer,24355,79,September,2024
Southwest,Tablet,21782,71,November,2022
West,Monitor,11747,44,May,2023
Northwest,Printer,8857,27,February,2022
Northeast,Printer,31296,101,January,2023
North,Laptop,38539,47,January,2022
North,Speaker,12640,62,December,2023
Midwest,Tablet,30620,102,July,2024
Southeast,Headphones,4986,31,November,2023
Midwest,Phone,33917,66,May,2023
Central,Phone,38153,75,July,2024
West,Mouse,2533,75,August,2024
Southeast,Printer,4469,13,September,2024
West,Headphones,5061,28,February,2023
Southeast,Headphones,13629,87,May,2023
Northwest,Laptop,36862,46,August,2023
Northeast,Printer,23715,78,August,2024
West,Printer,17464,56,April,2022
Northeast,Printer,15743,51,November,2022
West,Webcam,2427,18,October,2024
Midwest,Laptop,44138,55,December,2022
South,Speaker,19689,96,March,2022
North,Laptop,12413,15,August,2023
Northwest,Monitor,21831,87,January,2023
Southeast,Printer,27908,92,June,2022
West,Printer,23731,77,June,2022
Northwest,Monitor,10412,40,July,2023
Midwest,Keyboard,1763,13,September,2023
West,Laptop,37649,46,May,2022
North,Laptop,59707,74,October,2022
Southwest,Tablet,11729,38,December,2023
East,Tablet,14946,49,September,2022
Northeast,Printer,32246,105,November,2024
Northwest,Keyboard,4707,56,May,2024
North,Tablet,22752,75,January,2024
Central,Tablet,11137,34,June,2022
West,Printer,8981,28,April,2024
South,Mouse,4204,108,April,2023
South,Speaker,6906,34,July,2023
North,Keyboard,5498,57,June,2023
Southeast,Tablet,12971,40,October,2023
West,Laptop,60861,75,February,2024
Northwest,Headphones,10789,70,November,2022
Southeast,Monitor,24948,96,September,2024
Midwest,Laptop,8454,10,October,2023
East,Webcam,8799,96,May,2023
Northeast,Phone,14036,28,January,2023
Southwest,Monitor,7082,28,November,2024
North,Keyboard,6320,69,September,2023
Southeast,Webcam,2449,27,April,2023
Central,Headphones,3405,18,November,2023
Midwest,Speaker,3163,15,May,2023
North,Mouse,3151,96,May,2024
Northwest,Phone,8436,16,June,2022
Southeast,Webcam,5703,63,August,2023
Southwest,Speaker,18592,91,March,2022
North,Mouse,918,30,August,2024
Southeast,Tablet,8272,26,October,2024
East,Webcam,9721,102,June,2024
East,Headphones,12552,82,May,2024
Northeast,Speaker,2035,10,October,2022
West,Monitor,23445,91,December,2022
South,Monitor,22197,88,July,2023
South,Headphones,6806,45,August,2024
North,Speaker,9544,43,October,2022
Southeast,Speaker,18749,92,October,2023
North,Mouse,1138,17,January,2023
Southwest,Webcam,9974,105,September,2023
West,Headphones,6911,41,January,2023
Southeast,Tablet,18595,60,October,2023
South,Speaker,9578,45,November,2022
Northeast,Keyboard,5822,69,July,2024
Southwest,Laptop,27932,34,February,2022
Southeast,Printer,6798,20,March,2023
Southeast,Printer,10506,34,December,2022
Southeast,Tablet,13295,44,April,2024
Northeast,Headphones,15761,101,November,2022
Central,Headphones,15402,98,November,2024
West,Webcam,4765,50,May,2022
East,Mouse,404,11,December,2024
Southwest,Laptop,52816,66,April,2022
Southeast,Keyboard,6486,72,May,2024
South,Webcam,6563,62,March,2022
North,Monitor,22796,91,March,2022
Midwest,Webcam,8915,92,July,2024
West,Monitor,25310,99,March,2024
Northeast,Monitor,17710,70,August,2022
Northwest,Keyboard,5343,65,October,2023
Southeast,Headphones,6774,40,March,2023
West,Monitor,26261,105,October,2024
Southwest,Keyboard,5287,55,May,2023
Northwest,Keyboard,6530,75,April,2024
West,Laptop,26578,33,January,2024
West,Laptop,39199,48,June,2023
Midwest,Laptop,20052,24,January,2024
North,Laptop,22538,28,October,2023
Midwest,Monitor,9468,36,April,2023
Southwest,Laptop,43178,53,May,2024
Northeast,Tablet,16600,53,August,2024
Northwest,Speaker,3450,17,March,2024
Midwest,Headphones,13763,89,June,2022
Southwest,Keyboard,7690,94,September,2023
Northwest,Printer,33648,109,December,2024
East,Tablet,13359,44,November,2024
Northeast,Tablet,12159,40,October,2023
Midwest,Laptop,23594,29,December,2024
South,Laptop,52665,65,January,2023
Midwest,Phone,54648,109,December,2022
North,Keyboard,9627,108,November,2023
North,Phone,29363,57,January,2023
North,Webcam,6221,60,August,2022
Southwest,Mouse,2951,81,August,2023
Northwest,Headphones,11686,77,January,2022
Northeast,Headphones,11370,70,November,2024
Northwest,Speaker,16628,83,October,2023
Central,Tablet,24345,78,December,2024
Southeast,Monitor,8624,34,April,2023
East,Webcam,10374,107,May,2024
Midwest,Speaker,15788,76,February,2024
Midwest,Webcam,3391,27,October,2022
South,Speaker,5504,26,January,2024
Northeast,Printer,30498,99,December,2023
Southwest,Webcam,2215,18,December,2023
Northeast,Monitor,23997,93,July,2023
East,Keyboard,1456,18,August,2022
South,Webcam,7022,71,July,2022
South,Laptop,58492,72,March,2024
South,Mouse,943,11,April,2023
Northeast,Webcam,7245,75,November,2024
Southwest,Tablet,19404,63,December,2022
Southeast,Tablet,18641,62,July,2024
Southwest,Headphones,13432,89,September,2024
Central,Keyboard,8820,105,May,2024
Northeast,Phone,49521,99,March,2022
Southwest,Headphones,8251,49,July,2024
Southeast,Webcam,2522,18,July,2023
Northeast,Speaker,3077,14,December,2024
East,Keyboard,4991,55,December,2024
Northwest,Keyboard,8873,106,April,2024
Southwest,Webcam,7755,78,August,2022
Central,Mouse,4190,109,March,2022
Southeast,Laptop,19226,24,October,2022
Central,Monitor,19798,77,December,2024
Northwest,Printer,24037,78,December,2022
Northeast,Keyboard,2583,23,May,2022
Southeast,Headphones,7623,48,November,2024
West,Headphones,2968,17,March,2023
South,Keyboard,8494,95,October,2024
West,Monitor,8766,34,June,2022
Southwest,Headphones,14652,95,March,2022
Southwest,Printer,28149,93,May,2024
Midwest,Headphones,7768,51,April,2022
Central,Printer,11535,36,February,2022
Midwest,Printer,31303,102,September,2024
Midwest,Webcam,3395,34,May,2022
East,Mouse,1345,20,February,2022
Southeast,Tablet,29124,97,September,2023
Southeast,Speaker,22392,108,September,2023
South,Monitor,27053,107,February,2024
Southeast,Monitor,18588,73,February,2023
Northeast,Printer,27899,90,January,2022
North,Headphones,2786,13,March,2024
West,Speaker,6694,33,December,2024
Central,Printer,7680,23,September,2024
Northeast,Webcam,1534,16,July,2023
Southeast,Phone,26073,52,June,2024
Southwest,Speaker,8923,43,September,2023
West,Monitor,11289,45,May,2022
North,Mouse,1871,34,December,2023
West,Laptop,59284,74,November,2023
North,Laptop,35297,44,November,2023
East,Tablet,4093,11,January,2023
East,Phone,27550,54,April,2024
Southeast,Phone,23197,46,February,2024
Midwest,Laptop,36468,45,April,2023
Southeast,Monitor,26002,101,December,2024
Southwest,Mouse,1908,32,June,2023
West,Printer,3989,13,January,2023
South,Speaker,3791,16,May,2023
North,Mouse,630,21,April,2022
West,Headphones,3626,18,August,2022
East,Phone,12699,24,November,2023
Midwest,Laptop,77961,97,July,2023
Southeast,Phone,19033,38,May,2023
Midwest,Webcam,5312,59,July,2024
East,Printer,12642,41,September,2023
Southeast,Monitor,4275,14,November,2024
South,Monitor,25866,102,August,2024
Southwest,Mouse,3312,79,January,2024
Midwest,Speaker,14232,71,March,2022
Southeast,Webcam,1890,16,August,2023
Southeast,Laptop,39637,49,August,2024
Midwest,Keyboard,4126,48,June,2022
Midwest,Speaker,2456,12,September,2024
South,Monitor,18894,73,September,2022
East,Mouse,1908,44,January,2023
Central,Keyboard,7323,91,February,2024
South,Laptop,20985,26,October,2023
South,Phone,51559,103,April,2023
East,Monitor,7589,28,April,2023
East,Mouse,1986,51,June,2023
South,Mouse,1988,56,January,2022
East,Printer,25020,81,September,2023
Northeast,Keyboard,5201,53,April,2022
East,Keyboard,9098,106,September,2023
Midwest,Headphones,10848,67,June,2024
West,Mouse,3428,104,January,2024
South,Headphones,4804,31,May,2023
South,Tablet,4251,13,December,2024
East,Speaker,12480,58,November,2023
East,Tablet,7163,23,September,2022
East,Keyboard,7685,92,February,2022
Midwest,Headphones,5388,32,July,2023
Southeast,Speaker,20872,102,April,2023
East,Tablet,33286,108,January,2024
Northwest,Monitor,20287,80,October,2022
Southwest,Speaker,20123,100,April,2022
Central,Phone,41439,81,March,2023
East,Tablet,7865,23,March,2022
Central,Mouse,2379,65,February,2023
East,Webcam,2280,18,October,2022
Northwest,Keyboard,5114,57,June,2022
Northwest,Speaker,15814,78,August,2024
Midwest,Printer,29219,95,July,2022
Central,Monitor,6776,24,September,2022
East,Phone,53671,107,April,2024
West,Tablet,28228,94,August,2024
West,Headphones,9211,57,May,2024
South,Webcam,9645,101,April,2022
North,Printer,14011,46,February,2024
Midwest,Phone,27787,54,October,2023
Central,Webcam,10602,109,September,2023
Northwest,Mouse,1032,29,June,2024
Central,Printer,9277,29,July,2022
Midwest,Laptop,38242,47,April,2023
Northeast,Keyboard,5007,59,April,2022
North,Speaker,12780,61,June,2023
Northeast,Tablet,11676,36,January,2023
Central,Mouse,3557,95,December,2024
Midwest,Monitor,15305,61,September,2024
Northeast,Printer,8787,29,November,2024
Northeast,Phone,7161,14,December,2024
West,Mouse,2094,45,June,2023
Midwest,Tablet,31890,104,May,2022
Central,Tablet,29831,98,January,2023
Southwest,Speaker,4179,17,September,2023
Northwest,Phone,8107,16,January,2022
Central,Tablet,30198,100,April,2024
Northeast,Headphones,9100,60,December,2022
South,Laptop,71735,89,April,2022
Central,Webcam,8803,96,April,2022
Central,Keyboard,3678,39,June,2023
Northeast,Keyboard,2269,21,January,2024
South,Laptop,69155,86,September,2022
Northeast,Printer,16066,51,April,2024
North,Phone,37046,74,September,2023
East,Webcam,7565,79,July,2024
South,Keyboard,6659,74,February,2022
Central,Keyboard,2231,27,May,2022
North,Speaker,16175,79,January,2023
Northeast,Keyboard,2195,24,July,2022
South,Tablet,20108,66,February,2024
Southeast,Speaker,16652,81,March,2022
West,Monitor,5912,20,January,2024
East,Printer,28167,91,July,2023
East,Keyboard,4203,46,October,2022
South,Headphones,14326,94,July,2022
East,Laptop,18074,22,June,2024
Northwest,Phone,45022,89,February,2023
South,Keyboard,1704,10,December,2022
Southwest,Keyboard,3766,36,April,2024
West,Tablet,9192,30,February,2024
East,Printer,24294,80,September,2022
Northwest,Headphones,4628,26,May,2024
South,Monitor,27084,108,June,2023
South,Printer,9610,31,November,2023
Southeast,Monitor,20521,80,August,2022
Southeast,Phone,10202,20,September,2023
Midwest,Phone,51798,103,April,2022
Central,Mouse,2738,85,November,2022
Midwest,Speaker,10158,48,December,2023
Central,Laptop,25512,31,January,2022
Southeast,Printer,23676,77,February,2024
Central,Monitor,5609,21,November,2023
West,Webcam,7516,75,September,2023
West,Printer,26706,87,March,2024
South,Webcam,5785,55,July,2022
Northeast,Printer,25187,81,February,2023
South,Tablet,29751,99,September,2023
North,Webcam,2708,29,March,2024
South,Tablet,10417,32,February,2024
West,Webcam,8294,92,October,2024
Northeast,Headphones,16053,105,July,2024
Southwest,Tablet,32276,106,December,2023
Northwest,Tablet,14549,48,August,2024
Midwest,Tablet,4863,13,July,2023
Southwest,Laptop,73644,92,September,2023
East,Laptop,20049,24,September,2024
Northeast,Mouse,2399,70,October,2022
Northwest,Webcam,7003,69,April,2024
Southeast,Laptop,66827,83,March,2024
West,Webcam,9017,91,May,2023
Southeast,Phone,40003,80,August,2022
Northeast,Webcam,4134,36,July,2024
Northwest,Phone,31732,62,August,2023
Northwest,Monitor,7588,29,August,2022
North,Monitor,5591,20,October,2022
Southwest,Speaker,6539,28,July,2024
North,Monitor,18426,72,November,2023
West,Monitor,7783,29,December,2023
Northwest,Phone,18770,37,January,2022
Southeast,Keyboard,5513,60,September,2024
Southwest,Headphones,16567,108,January,2023
Northwest,Speaker,16067,76,March,2022
Southwest,Headphones,3688,21,April,2023
Midwest,Tablet,17871,57,December,2022
Northeast,Speaker,14382,68,January,2024
Southeast,Phone,42395,83,August,2022
North,Phone,52292,103,October,2024
North,Phone,9531,18,May,2023
East,Tablet,19589,65,August,2023
Northwest,Headphones,9307,59,June,2024
North,Headphones,11887,76,April,2024
South,Mouse,1972,35,April,2024
East,Phone,31892,62,April,2023
Northeast,Laptop,21707,26,February,2024
South,Speaker,12876,60,December,2022
North,Mouse,2298,49,April,2023
East,Printer,6857,21,February,2024
North,Phone,18985,37,February,2024
Northeast,Webcam,9025,95,September,2022
East,Headphones,3001,20,December,2023
Midwest,Mouse,2328,75,July,2023
Central,Laptop,74527,93,September,2022
East,Mouse,3253,77,August,2024
Northeast,Mouse,2522,53,July,2022
Midwest,Headphones,6930,41,June,2023
Southeast,Headphones,13223,86,December,2023
East,Phone,27950,55,July,2023
Southwest,Headphones,12888,80,January,2022
South,Mouse,1709,44,November,2023
Northwest,Tablet,8553,26,September,2024
Northwest,Tablet,30465,100,May,2023
East,Phone,45508,90,January,2024
Northeast,Tablet,30016,98,July,2023
Northeast,Speaker,16639,82,September,2022
Northwest,Laptop,79285,98,January,2024
South,Tablet,23184,74,June,2024
West,Headphones,10712,69,November,2022
Central,Printer,32216,106,April,2024
Central,Keyboard,2619,25,December,2023
North,Speaker,22579,109,May,2022
Northwest,Speaker,18681,93,July,2024
Midwest,Mouse,521,17,October,2022
Southeast,Printer,22374,72,September,2024
Midwest,Monitor,4627,18,August,2023
East,Headphones,13646,89,September,2023
Northeast,Laptop,77180,96,February,2022
West,Keyboard,7219,85,November,2022
North,Headphones,15150,96,October,2023
Northeast,Keyboard,3864,47,August,2024
Midwest,Webcam,4108,43,June,2023
North,Monitor,16246,61,October,2024
East,Phone,23627,47,December,2022
Southwest,Monitor,9049,34,May,2024
North,Phone,22322,44,December,2022
Southwest,Laptop,56814,70,July,2022
Southwest,Monitor,3561,14,April,2024
North,Phone,28948,57,November,2023
Central,Speaker,20999,100,January,2023
Midwest,Mouse,2364,65,August,2022
East,Keyboard,3052,38,September,2022
West,Keyboard,6430,78,July,2023
Northwest,Phone,26725,53,July,2023
East,Monitor,20066,80,April,2023
Central,Laptop,73716,91,February,2024
Northwest,Monitor,21108,84,May,2022
Midwest,Laptop,39658,49,November,2024
Northeast,Phone,54323,107,March,2024
Northeast,Monitor,15118,58,March,2024
Central,Mouse,2249,48,August,2024
North,Webcam,6477,67,April,2024
East,Mouse,1184,39,September,2024
North,Headphones,8827,54,July,2024
Northeast,Monitor,20947,80,February,2024
West,Laptop,16041,20,April,2024
Northwest,Phone,41590,83,June,2023
Midwest,Mouse,2930,91,February,2023
Midwest,Headphones,2572,15,March,2024
East,Tablet,18125,59,May,2022
Southwest,Phone,45639,91,November,2022
Central,Printer,23441,78,May,2022
Midwest,Webcam,8114,87,December,2022
North,Monitor,10721,42,May,2022
Northwest,Phone,52913,105,September,2022
Central,Monitor,7307,27,March,2022
West,Laptop,22888,28,March,2022
Southeast,Laptop,46470,58,December,2022
Southwest,Laptop,9143,11,May,2022
Northeast,Webcam,5201,54,February,2022
East,Tablet,21497,70,August,2023
Southeast,Monitor,11313,42,December,2024
Northeast,Speaker,18484,92,June,2024
West,Monitor,4707,15,June,2022
Southeast,Keyboard,7076,85,October,2024
East,Headphones,11293,73,April,2022
Northwest,Webcam,5662,54,May,2022
South,Laptop,57673,71,July,2023
Midwest,Mouse,940,13,April,2023
Southeast,Printer,14950,48,November,2024
South,Printer,10524,32,October,2024
Central,Laptop,42755,53,November,2024
Southeast,Printer,28551,93,September,2024
Midwest,Printer,3795,11,April,2022
Northeast,Printer,7636,23,January,2023
Northeast,Webcam,1316,10,January,2024
Southwest,Phone,32174,63,December,2024
North,Headphones,12576,79,October,2023
Southeast,Tablet,16083,52,November,2022
North,Keyboard,8620,103,December,2024
Northeast,Monitor,21357,82,March,2024
Midwest,Keyboard,1614,20,March,2022
Northeast,Speaker,4877,24,September,2023
Southwest,Tablet,29139,95,August,2022
Southwest,Mouse,1137,22,September,2023
Northeast,Monitor,17551,68,September,2022
West,Phone,12769,25,August,2024
Southeast,Printer,28206,92,October,2024
Midwest,Laptop,34219,42,March,2024
Northeast,Phone,8181,15,January,2023
East,Phone,43855,87,July,2022
Northwest,Phone,37306,74,May,2023
Southwest,Speaker,21114,105,April,2022
Southwest,Headphones,7987,50,February,2022
Northwest,Keyboard,8032,93,July,2024
Central,Speaker,12423,61,November,2024
Central,Tablet,20390,66,October,2023
West,Laptop,31053,38,January,2023
Southeast,Tablet,16211,54,May,2023
South,Keyboard,8773,109,December,2022
Midwest,Keyboard,7762,94,March,2024
West,Tablet,17491,58,February,2024
East,Speaker,5627,24,April,2023
Northeast,Speaker,13295,64,April,2024
North,Headphones,16421,104,August,2024
South,Laptop,63204,79,April,2023
South,Laptop,25773,31,December,2024
Northwest,Mouse,2094,69,March,2022
Central,Webcam,3641,37,October,2024
South,Headphones,6873,42,January,2024
West,Laptop,32374,40,June,2022
North,Speaker,17018,82,June,2023
Northwest,Phone,38464,76,December,2022
Midwest,Keyboard,2255,18,November,2023
Central,Laptop,58792,73,September,2023
Midwest,Tablet,23844,77,May,2022
Midwest,Keyboard,8119,96,April,2022
North,Phone,28670,57,June,2022
West,Mouse,2280,69,July,2022
North,Monitor,5321,19,December,2023
Southeast,Headphones,12454,77,November,2024
Southeast,Keyboard,8567,102,June,2023
West,Headphones,5096,32,February,2022
Southeast,Keyboard,4258,52,May,2024
East,Keyboard,8888,99,January,2022
West,Speaker,13483,67,April,2024
Northwest,Phone,23431,45,August,2023
North,Keyboard,8867,99,July,2023
Northeast,Tablet,3547,10,May,2023
Northeast,Webcam,6429,67,May,2024
Central,Monitor,17248,68,October,2023
Central,Printer,16690,54,February,2022
North,Headphones,10376,63,July,2022
South,Printer,25536,83,April,2023
East,Mouse,3871,109,September,2022
Southwest,Webcam,6634,64,December,2023
South,Laptop,18621,23,June,2022
Southeast,Webcam,5042,45,August,2023
Northeast,Laptop,10954,13,June,2024
North,Monitor,5566,20,July,2023
West,Printer,21729,70,June,2023
West,Mouse,1181,14,July,2023
North,Phone,8359,15,December,2022
North,Monitor,5575,20,September,2023
Southeast,Mouse,1633,22,September,2024
Midwest,Tablet,26069,84,August,2022
Central,Tablet,13945,46,December,2024
South,Phone,14306,28,October,2024
East,Mouse,3235,89,September,2024
Northeast,Webcam,5094,55,January,2023
Northwest,Tablet,24841,81,October,2024
South,Tablet,22189,72,January,2023
Southwest,Webcam,2173,16,December,2022
Southeast,Keyboard,3180,29,August,2023
West,Monitor,19363,77,February,2022
South,Mouse,1201,24,November,2023
Southeast,Speaker,18165,88,October,2024
South,Mouse,3041,74,August,2023
Southeast,Printer,18041,59,November,2023
Central,Keyboard,6255,67,May,2024
South,Speaker,7194,33,April,2024
Southwest,Mouse,3286,103,December,2023
Midwest,Webcam,1677,18,September,2024
Southwest,Monitor,20752,83,May,2022
East,Monitor,17220,67,June,2024
Southwest,Printer,28052,93,September,2023
Central,Laptop,41028,51,November,2022
Southwest,Monitor,2983,10,April,2024
East,Webcam,1497,12,June,2022
Midwest,Monitor,25158,97,January,2022
South,Keyboard,7693,93,October,2022
Southwest,Tablet,17515,57,December,2024
Northeast,Headphones,15198,101,November,2023
Northeast,Monitor,23067,89,May,2023
Northwest,Webcam,6390,68,March,2024
Midwest,Keyboard,8705,108,January,2024
Midwest,Keyboard,4436,51,August,2022
East,Webcam,1486,15,May,2022
Midwest,Keyboard,8244,97,March,2023
Southeast,Printer,16571,54,April,2022
Midwest,Printer,16627,53,June,2024
Southwest,Headphones,12193,76,March,2024
North,Webcam,4289,42,March,2022
Northwest,Tablet,8915,29,August,2023
Southeast,Laptop,45233,56,June,2023
Southeast,Laptop,44836,55,January,2023
Central,Printer,5781,19,July,2024
Southeast,Webcam,4061,43,January,2023
West,Printer,16162,51,September,2024
South,Printer,8931,29,March,2023
Northwest,Monitor,25602,99,December,2024
Central,Phone,37704,75,February,2024
South,Speaker,17542,86,August,2023
Northwest,Speaker,10674,49,June,2022
East,Tablet,32015,104,March,2024
Southeast,Laptop,44013,54,June,2022
Northeast,Phone,37324,74,August,2023
South,Speaker,16027,77,April,2022
Southeast,Tablet,7455,22,December,2022
Southwest,Speaker,17782,85,October,2022
Northwest,Printer,13811,46,December,2022
South,Headphones,14279,89,February,2024
West,Speaker,16287,81,December,2023
Southwest,Webcam,7102,72,March,2023
North,Printer,10787,33,May,2022
Midwest,Monitor,12883,49,January,2022
Southwest,Mouse,3258,101,June,2022
Northeast,Printer,10225,32,August,2022
Central,Laptop,28832,35,May,2023
Northwest,Monitor,4401,15,October,2024
Midwest,Phone,26088,51,August,2022
Northwest,Tablet,29129,95,August,2024
Central,Tablet,7000,22,March,2022
Central,Printer,26854,89,April,2022
Northeast,Laptop,60148,74,March,2024
East,Webcam,8020,79,September,2023
Southeast,Headphones,14651,92,July,2023
Southeast,Printer,26147,86,July,2022
Central,Keyboard,3951,49,December,2022
West,Headphones,6776,42,January,2022
Central,Speaker,7922,36,November,2024
West,Speaker,14732,71,April,2024
Midwest,Webcam,7703,84,November,2023
West,Mouse,3463,105,December,2022
Northeast,Webcam,5188,53,April,2022
Northwest,Mouse,1261,34,April,2024
Northwest,Laptop,75461,94,January,2024
Southwest,Tablet,24730,81,July,2023
Southwest,Webcam,9164,95,August,2024
Northwest,Phone,30791,61,July,2022
East,Monitor,25309,100,December,2022
Northeast,Phone,11021,22,March,2023
Northeast,Laptop,24891,30,September,2023
Midwest,Webcam,7546,83,October,2022
East,Speaker,14408,72,August,2024
Southwest,Mouse,3694,107,July,2022
Southwest,Headphones,13427,89,January,2023
East,Phone,19160,37,March,2024
North,Speaker,4721,20,August,2022
Northeast,Printer,18233,58,February,2022
North,Mouse,1568,25,October,2024
Southwest,Phone,26563,52,August,2024
Southwest,Monitor,9682,36,September,2022
Central,Headphones,4558,29,May,2023
Midwest,Speaker,10371,48,January,2023
Southeast,Phone,52113,103,February,2023
Midwest,Monitor,12043,46,September,2022
Northeast,Monitor,21062,83,May,2022
Northwest,Phone,16925,33,June,2024
Central,Keyboard,4006,41,June,2024
West,Speaker,14600,69,November,2022
Southwest,Phone,54715,109,January,2024
East,Printer,26983,87,March,2024
Central,Monitor,7733,28,June,2024
South,Monitor,7001,28,January,2023
East,Laptop,56832,71,April,2023
Southeast,Speaker,16775,79,November,2023
North,Tablet,20174,64,December,2022
Southeast,Laptop,30260,37,August,2023
Central,Webcam,2222,18,February,2024
Southeast,Monitor,17775,68,June,2022
Northeast,Monitor,24837,99,August,2024
West,Headphones,2439,14,September,2022
Northwest,Laptop,87935,109,February,2023
East,Laptop,58522,72,April,2024
Southeast,Webcam,1795,16,October,2022
South,Speaker,5180,21,March,2023
Southwest,Printer,12390,38,July,2024
Northeast,Webcam,8724,88,December,2022
East,Printer,22321,74,October,2023
West,Headphones,9609,59,October,2024
West,Keyboard,5378,56,February,2022
East,Monitor,6497,22,May,2024
Southwest,Phone,37207,74,March,2023
Northeast,Monitor,23813,94,September,2023
East,Keyboard,8519,97,September,2024
West,Speaker,16573,79,August,2024
Southwest,Monitor,4639,18,October,2024
Southeast,Phone,13270,26,December,2024
East,Printer,18022,57,September,2023
Southwest,Webcam,7738,75,October,2023
Central,Keyboard,9522,109,March,2023
Southeast,Webcam,1628,15,June,2023
West,Keyboard,3701,43,July,2023
North,Laptop,17106,21,December,2023
Northeast,Speaker,18611,89,September,2022
West,Headphones,9968,62,August,2023
Midwest,Tablet,23151,75,June,2024
East,Laptop,48875,60,February,2024
Northeast,Keyboard,4452,50,May,2023
Northeast,Keyboard,6382,71,December,2023
Central,Monitor,10370,38,May,2023
West,Monitor,27393,108,July,2023
Northwest,Webcam,5237,55,August,2024
Central,Headphones,8256,53,February,2024
Southeast,Monitor,4932,17,January,2024
South,Tablet,29958,97,January,2022
Southeast,Keyboard,8605,107,June,2024
Midwest,Printer,15624,51,March,2022
North,Printer,10905,34,October,2023
Southwest,Phone,19601,39,June,2024
Southeast,Webcam,7966,85,April,2022
Southwest,Monitor,24962,99,July,2023
Midwest,Webcam,7402,78,December,2022
Northeast,Keyboard,8879,103,October,2023
Northeast,Headphones,5097,31,November,2024
East,Phone,37028,74,September,2023
East,Headphones,8966,54,June,2022
Southwest,Webcam,9843,109,February,2024
North,Printer,31110,102,August,2022
Central,Phone,14228,27,June,2024
Central,Headphones,6940,44,March,2023
East,Speaker,19298,96,February,2022
West,Speaker,13106,62,December,2022
Southeast,Headphones,11329,71,January,2023
North,Webcam,5188,47,May,2023
East,Laptop,29682,36,December,2023
Central,Laptop,29751,36,September,2024
Central,Speaker,14721,71,August,2024
East,Speaker,6422,31,October,2024
West,Speaker,21691,108,March,2022
Southeast,Printer,5261,16,December,2023
North,Headphones,15882,101,October,2023
West,Mouse,1880,42,September,2024
North,Monitor,5414,21,May,2024
Midwest,Printer,10794,35,November,2024
Southwest,Keyboard,4730,48,December,2022
Central,Phone,23396,46,July,2023
Midwest,Printer,31910,106,November,2022
West,Monitor,21414,82,March,2023
Northeast,Phone,31829,63,June,2024
Southeast,Keyboard,7180,82,May,2023
Southeast,Keyboard,6891,81,September,2024
Southwest,Webcam,4642,51,February,2022
Central,Headphones,3532,19,October,2022
Northeast,Keyboard,8750,98,July,2023
Southwest,Laptop,38351,47,December,2023
Northeast,Phone,34740,68,May,2024
Midwest,Keyboard,9033,107,August,2022
Southwest,Speaker,14234,71,November,2024
Southeast,Headphones,8242,52,September,2024
West,Tablet,3201,10,June,2024
East,Tablet,11223,36,February,2024
Midwest,Keyboard,2682,25,September,2022
Southwest,Laptop,36517,45,July,2023
North,Keyboard,3542,36,November,2024
North,Headphones,6463,38,February,2023
Southeast,Phone,38986,76,September,2024
Southeast,Mouse,3311,82,September,2022
Central,Tablet,14519,48,September,2024
Northwest,Phone,28349,56,October,2024
North,Monitor,14110,54,March,2022
Southwest,Speaker,9892,48,March,2023
Southeast,Tablet,31466,102,March,2023
South,Printer,6589,19,June,2024
Northeast,Phone,30559,61,September,2023
Southeast,Phone,49605,99,February,2024
Northwest,Mouse,1192,15,September,2023
East,Speaker,9966,47,January,2023
West,Laptop,32046,39,October,2022
Southeast,Headphones,14371,93,October,2022
Northwest,Laptop,56925,70,January,2022
Northeast,Speaker,21806,105,February,2023
Southeast,Mouse,3480,83,May,2022
Southeast,Tablet,13413,43,June,2023
Southwest,Speaker,4291,17,September,2022
Southwest,Webcam,8865,91,September,2023
West,Printer,25366,82,December,2024
Midwest,Monitor,4823,18,June,2023
Midwest,Phone,39786,78,August,2022
Central,Laptop,60374,75,January,2023
Northwest,Headphones,14406,93,April,2023
South,Tablet,15087,48,June,2024
Central,Keyboard,3840,42,June,2024
Northwest,Printer,30324,100,September,2022
North,Keyboard,5341,66,September,2023
South,Speaker,19120,95,February,2024
Southeast,Mouse,3026,75,July,2023
South,Keyboard,8916,108,April,2022
South,Printer,21691,70,August,2024
South,Headphones,15301,96,July,2024
South,Webcam,7000,76,September,2024
Southeast,Tablet,21163,70,January,2024
Northeast,Phone,43320,86,December,2022
South,Mouse,4186,107,June,2023
Southwest,Keyboard,4446,55,February,2022
West,Webcam,10671,108,May,2022
West,Mouse,3565,87,June,2022
South,Webcam,8446,87,March,2022
Midwest,Webcam,9173,97,August,2022
Northwest,Monitor,19884,79,February,2023
Southwest,Tablet,28677,94,June,2023
Northwest,Headphones,2351,10,July,2023
South,Laptop,41342,51,September,2022
Central,Keyboard,1992,21,February,2023
Southeast,Mouse,2629,72,October,2023
Northwest,Printer,20561,68,November,2023
North,Tablet,23593,78,June,2023
Southeast,Laptop,58429,73,January,2022
Southwest,Speaker,18516,92,October,2022
Southeast,Phone,6554,13,December,2024
Southeast,Speaker,16621,81,October,2024
Southeast,Monitor,25808,103,July,2023
South,Monitor,5687,21,August,2022
South,Phone,11939,22,April,2024
Northwest,Speaker,19725,98,August,2023
North,Speaker,3121,14,March,2024
North,Printer,7463,24,June,2024
East,Speaker,5623,25,June,2022
North,Speaker,8248,37,March,2022
South,Printer,5679,16,September,2022
North,Phone,28584,56,February,2024
Southeast,Phone,26780,53,August,2023
North,Phone,51509,102,December,2022
South,Webcam,3537,37,March,2023
South,Headphones,6713,43,January,2023
Central,Laptop,83995,104,December,2024
South,Webcam,8543,88,May,2024
South,Headphones,15552,101,February,2023
South,Monitor,24863,99,September,2023
Central,Speaker,17138,83,January,2022
North,Webcam,9519,98,December,2023
Central,Phone,24684,49,September,2023
Northwest,Tablet,12135,40,December,2022
West,Mouse,845,28,April,2024
Northeast,Keyboard,6455,75,May,2022
Southeast,Mouse,694,20,April,2023
Midwest,Phone,6739,13,April,2024
North,Webcam,4675,46,September,2023
Southwest,Printer,17943,58,October,2023
Midwest,Printer,17568,57,September,2023
West,Laptop,49169,61,June,2023
South,Headphones,16114,102,February,2022
Central,Tablet,16890,55,February,2024
Southwest,Printer,32869,107,November,2022
West,Speaker,18073,87,November,2022
Northwest,Monitor,8987,34,April,2022
Northwest,Webcam,5596,58,October,2024
Southeast,Mouse,4213,108,May,2024
South,Laptop,66871,83,August,2022
West,Monitor,11559,45,June,2023
Southwest,Headphones,9555,63,January,2022
Southeast,Phone,49400,97,September,2022
Central,Webcam,5380,52,October,2024
East,Headphones,15644,99,December,2024
North,Printer,18473,60,April,2024
Northeast,Monitor,11646,45,March,2022
Central,Phone,45552,90,July,2022
South,Phone,11207,22,December,2023
Southwest,Laptop,62602,78,November,2022
South,Phone,27048,53,March,2023
West,Tablet,27430,89,April,2023
Northeast,Headphones,4804,28,February,2022
North,Mouse,2291,54,October,2024
Northwest,Printer,22449,74,July,2022
Central,Laptop,83214,103,October,2022
North,Tablet,10038,31,February,2024
Southeast,Speaker,22487,108,September,2023
Central,Phone,41913,82,January,2022
Central,Mouse,3316,103,April,2022
North,Printer,26805,87,September,2023
Northeast,Laptop,45401,56,March,2022
Central,Phone,48928,96,July,2024
Midwest,Laptop,79279,99,October,2022
South,Tablet,6309,21,February,2024
Southeast,Phone,34629,68,May,2024
Northwest,Mouse,2943,95,December,2022
Midwest,Speaker,7445,36,September,2023
Northwest,Laptop,11201,13,July,2024
West,Webcam,2945,24,September,2023
Northeast,Headphones,6949,44,August,2023
Northeast,Webcam,7440,80,June,2024
West,Mouse,2137,63,October,2024
Southeast,Headphones,10640,65,June,2022
Northeast,Keyboard,3175,30,February,2023
Northeast,Monitor,20337,81,June,2023
Northwest,Mouse,1552,26,July,2023
Northeast,Keyboard,7557,91,April,2023
Central,Keyboard,7049,88,July,2023
West,Phone,28697,57,April,2023
West,Laptop,52800,66,May,2023
South,Tablet,6350,18,December,2023
South,Mouse,491,15,April,2024
Northeast,Monitor,27827,108,June,2024
Southwest,Mouse,1308,21,January,2024
Central,Webcam,5653,55,July,2022
Midwest,Monitor,25746,99,March,2024
North,Printer,25361,82,September,2022
Northwest,Webcam,2424,24,October,2024
Northeast,Keyboard,7514,91,March,2023
North,Laptop,37252,46,September,2023
East,Webcam,6990,71,May,2022
Southwest,Laptop,57071,71,December,2022
South,Laptop,65162,81,March,2023
Midwest,Speaker,5397,22,January,2024
Northwest,Monitor,14027,55,August,2022
Central,Printer,19479,62,February,2022
Central,Laptop,85607,106,November,2022
South,Mouse,3617,99,March,2023
East,Headphones,4734,28,November,2024
North,Keyboard,1340,15,March,2024
South,Mouse,3177,102,February,2023
Central,Headphones,10742,70,May,2023
Southeast,Printer,27303,88,July,2024
Central,Mouse,3726,102,January,2022
North,Keyboard,8165,99,June,2024
Northeast,Keyboard,5217,65,January,2024
North,Mouse,1509,28,September,2024
North,Speaker,10794,51,May,2024
East,Phone,21157,41,January,2023
Midwest,Keyboard,6578,81,May,2022
Southwest,Speaker,5042,21,July,2022
Central,Tablet,16491,52,September,2023
Northeast,Tablet,13782,43,December,2022
West,Keyboard,7606,90,March,2024
Southwest,Mouse,3621,94,March,2023
South,Webcam,3069,34,July,2024
North,Laptop,23001,28,October,2024
Central,Tablet,26808,87,June,2023
Central,Printer,13360,43,May,2024
Southwest,Headphones,1808,12,July,2024
Southwest,Printer,30528,100,December,2023
South,Speaker,6313,31,March,2024
South,Phone,49486,97,February,2022
Central,Speaker,22339,109,June,2023
West,Keyboard,4571,52,May,2022
Central,Headphones,10747,65,August,2023
Midwest,Monitor,13612,54,December,2023
Northeast,Headphones,12392,76,November,2022
Southeast,Tablet,21979,70,May,2022
North,Printer,26173,87,March,2022
Southeast,Laptop,67608,84,November,2024
East,Phone,45178,90,November,2024
East,Webcam,8730,90,March,2024
Northeast,Monitor,21501,83,June,2024
Central,Monitor,8038,29,August,2022
Midwest,Speaker,20966,103,February,2022
North,Webcam,8808,87,September,2022
Southwest,Webcam,1734,17,January,2023
Northwest,Keyboard,6526,75,August,2023
North,Laptop,33639,41,October,2024
West,Keyboard,5562,60,May,2022
West,Keyboard,4115,40,January,2023
Midwest,Tablet,6752,20,December,2023
South,Webcam,2595,27,June,2024
Midwest,Laptop,14551,17,July,2023
South,Printer,12923,41,June,2023
North,Tablet,26125,84,December,2024
Central,Speaker,7468,36,January,2024
West,Tablet,24978,80,April,2022
Northwest,Tablet,17598,56,June,2023
South,Phone,43651,87,January,2024
Southeast,Headphones,3136,16,October,2022
Southeast,Printer,6199,20,December,2024
Southeast,Printer,31255,102,January,2024
Midwest,Phone,34136,67,February,2023
Northwest,Speaker,12778,61,August,2024
Southeast,Keyboard,6799,79,May,2023
Midwest,Laptop,36953,45,April,2024
Northwest,Tablet,22115,73,September,2022
East,Mouse,2884,96,February,2022
North,Laptop,59717,74,July,2022
Central,Webcam,4694,48,April,2023
Central,Printer,13453,44,July,2023
South,Webcam,6649,69,March,2022
Southwest,Tablet,17681,58,February,2022
Southwest,Tablet,25560,82,March,2022
West,Monitor,25501,101,November,2023
Midwest,Mouse,2463,49,August,2022
West,Keyboard,4662,55,September,2022
Northwest,Speaker,8190,37,June,2023
South,Tablet,24613,80,February,2022
South,Speaker,17088,82,February,2023
South,Keyboard,3178,38,June,2023
Northwest,Keyboard,9203,106,January,2022
South,Headphones,9457,61,June,2024
South,Phone,30008,60,March,2023
South,Tablet,30808,102,July,2023
Northwest,Printer,20506,68,February,2022
Northwest,Headphones,2439,13,September,2024
Midwest,Laptop,87624,109,November,2022
East,Phone,32680,64,February,2022
Northeast,Laptop,55167,68,January,2024
Southwest,Tablet,19623,64,October,2023
Southeast,Phone,28304,56,August,2024
Northeast,Tablet,30360,99,December,2024
Central,Mouse,2648,78,January,2022
Central,Keyboard,2060,14,January,2022
North,Monitor,12351,49,March,2022
West,Mouse,1423,23,February,2022
Southwest,Phone,52030,103,January,2022
West,Monitor,24564,97,April,2024
Central,Monitor,18920,75,January,2022
Southwest,Printer,27168,90,May,2023
Northwest,Mouse,2024,44,February,2023
Midwest,Headphones,14277,89,December,2024
Northeast,Phone,33925,66,October,2023
East,Webcam,4881,44,June,2023
North,Phone,47980,95,July,2024
Central,Mouse,2268,73,August,2023
Northeast,Mouse,3074,95,May,2024
North,Laptop,72464,90,August,2022
Central,Webcam,9670,105,April,2023
Northwest,Webcam,5681,62,February,2022
Northwest,Speaker,6454,31,January,2024
South,Webcam,4740,48,April,2023
Southeast,Keyboard,6482,73,September,2022
West,Phone,52269,103,October,2022
Northeast,Laptop,70460,87,March,2023
Northeast,Laptop,54508,67,March,2022
Central,Keyboard,4780,58,June,2022
Northeast,Printer,21931,71,April,2024
Midwest,Keyboard,8555,104,May,2023
Northeast,Speaker,17669,85,August,2023
North,Phone,30263,59,November,2024
East,Printer,21115,69,May,2023
East,Tablet,15211,49,May,2023
Central,Headphones,12800,84,April,2022
Northeast,Keyboard,4654,54,February,2022
South,Phone,46758,93,March,2024
West,Keyboard,1366,12,September,2024
Midwest,Phone,37157,74,June,2022
South,Keyboard,5697,66,March,2023
Central,Headphones,10221,63,August,2024
Central,Laptop,47875,59,May,2023
Northwest,Phone,44345,88,September,2023
West,Speaker,8159,38,June,2022
Northwest,Phone,27503,54,June,2024
East,Tablet,13584,43,March,2022
Northwest,Speaker,12997,62,January,2022
North,Webcam,5718,63,July,2022
Midwest,Webcam,8239,82,January,2023
Southwest,Tablet,25837,86,August,2022
Northeast,Webcam,10057,105,April,2024
South,Tablet,7784,25,May,2024
Midwest,Laptop,19254,24,November,2023
Southwest,Mouse,3355,82,August,2024
Midwest,Speaker,14454,70,April,2022
South,Tablet,29408,96,March,2022
South,Printer,15729,51,September,2022
East,Headphones,7915,47,August,2022
Northwest,Phone,11081,22,March,2022
West,Keyboard,4749,53,August,2022
Northeast,Headphones,6044,36,August,2022
Northeast,Webcam,6420,71,December,2022
Northwest,Laptop,14486,17,November,2023
North,Phone,54543,108,September,2022
Central,Keyboard,1687,14,December,2023
North,Printer,7073,21,June,2022
Northeast,Mouse,2375,78,March,2024
Southwest,Printer,26756,89,July,2022
South,Mouse,2773,92,January,2022
North,Speaker,10863,52,September,2024
Midwest,Mouse,2587,73,June,2022
East,Monitor,11986,47,December,2022
West,Phone,19703,39,October,2022
West,Tablet,15364,51,January,2022
Midwest,Keyboard,1572,11,December,2022
East,Keyboard,4595,57,May,2023
South,Webcam,8382,86,November,2023
North,Phone,17146,34,May,2023
North,Keyboard,8040,96,June,2023
West,Laptop,14560,17,September,2022
Northeast,Tablet,32165,107,December,2022
North,Phone,51818,103,July,2022
South,Mouse,3706,96,January,2024
Northeast,Webcam,5630,61,September,2022
East,Webcam,3942,33,July,2024
Midwest,Phone,16278,32,February,2022
South,Tablet,9006,29,January,2024
Northeast,Tablet,6045,19,July,2023
Midwest,Printer,6248,19,July,2022
Southwest,Headphones,3135,16,February,2024
West,Speaker,18812,92,May,2023
Southeast,Tablet,32484,106,December,2023
South,Keyboard,7254,83,October,2024
Northwest,Mouse,1233,11,August,2023
South,Tablet,5308,15,September,2022
Midwest,Mouse,3102,88,October,2022
North,Mouse,2719,88,January,2023
South,Printer,24040,78,July,2022
South,Webcam,8659,87,November,2023
Southwest,Laptop,82124,102,March,2023
South,Webcam,5791,58,July,2022
Northwest,Mouse,2263,61,October,2023
Northeast,Monitor,9704,38,December,2024
Southeast,Webcam,8429,83,August,2023
Central,Webcam,5689,58,July,2023
Southwest,Monitor,8933,32,October,2023
Central,Tablet,7590,25,October,2022
North,Mouse,3189,86,May,2024
Central,Tablet,19469,62,June,2023
West,Mouse,2536,73,April,2022
South,Tablet,30964,102,February,2022
Midwest,Headphones,8187,49,April,2022
North,Tablet,9122,29,February,2024
South,Webcam,1834,16,February,2022
West,Headphones,9297,57,March,2022
Central,Printer,5190,14,June,2023
Southwest,Laptop,28126,35,September,2024
Central,Phone,12978,24,October,2023
East,Headphones,11311,71,April,2022
Southwest,Mouse,3066,95,May,2022
West,Tablet,6140,18,January,2023
Northwest,Keyboard,9469,109,May,2023
East,Laptop,36135,45,July,2022
Central,Laptop,80996,101,November,2022
Southwest,Phone,54907,108,July,2023
North,Phone,46026,92,January,2022
Central,Speaker,18460,88,October,2023
Southeast,Speaker,4263,21,July,2023
East,Monitor,20938,83,June,2024
Northwest,Keyboard,6802,81,February,2023
Northeast,Laptop,10444,12,November,2024
Southeast,Laptop,83295,104,August,2024
North,Speaker,5167,22,January,2024
North,Tablet,23068,75,July,2024
Southeast,Mouse,3258,95,August,2023
East,Printer,20588,68,December,2022
West,Laptop,56498,70,December,2022
Northwest,Phone,43573,87,December,2024
Southwest,Mouse,2212,59,July,2024
Southeast,Speaker,17750,88,August,2023
East,Phone,28767,57,February,2022
South,Headphones,7103,47,September,2022
North,Laptop,59948,74,August,2023
Central,Laptop,75227,93,August,2024
Northwest,Phone,46059,91,September,2022
Northwest,Monitor,19152,75,March,2024
West,Webcam,5283,50,September,2023
Midwest,Speaker,5965,25,May,2022
Midwest,Phone,50148,100,January,2022
Midwest,Phone,15740,31,March,2022
Midwest,Tablet,8137,26,September,2022
Northwest,Tablet,30789,102,January,2024
Central,Speaker,16370,78,January,2024
Southwest,Keyboard,2192,24,March,2022
West,Webcam,10346,109,July,2024
Southeast,Keyboard,7649,92,January,2022
Midwest,Tablet,11167,36,May,2023
Northwest,Printer,29213,97,January,2022
Northeast,Speaker,12659,59,March,2022
Southwest,Tablet,24678,82,February,2023
South,Speaker,4600,21,May,2024
Central,Keyboard,7572,85,April,2024
North,Webcam,4962,51,February,2022
Southwest,Tablet,25848,84,May,2024
Southeast,Webcam,5481,52,February,2022
Northwest,Webcam,3016,31,June,2024
Central,Tablet,15387,51,January,2022
South,Printer,11311,37,June,2023
Northwest,Webcam,4703,52,August,2024
Midwest,Mouse,1004,30,September,2024
Central,Speaker,18504,91,April,2023
Northwest,Keyboard,6494,80,March,2024
Northwest,Keyboard,8179,100,November,2024
East,Phone,46270,91,February,2024
Northeast,Monitor,6200,22,September,2022
Central,Laptop,25683,31,December,2022
North,Webcam,1268,11,July,2023
North,Webcam,9761,98,January,2024
Central,Monitor,11629,44,February,2024
North,Headphones,3013,18,July,2022
Southwest,Webcam,4266,43,May,2023
North,Headphones,11212,72,May,2024
West,Headphones,14018,88,July,2022
South,Printer,25966,85,April,2024
Midwest,Headphones,12384,76,February,2022
Southeast,Webcam,2968,29,June,2024
Northwest,Mouse,3837,96,December,2023
South,Speaker,6368,28,September,2024
South,Mouse,1634,46,March,2023
Northwest,Mouse,2287,68,May,2024
Central,Laptop,30909,38,June,2024
West,Tablet,3621,11,August,2022
Southwest,Laptop,31563,39,October,2024
East,Headphones,6538,41,November,2022
Midwest,Printer,14672,46,April,2023
Northwest,Webcam,5628,59,September,2022
North,Speaker,5350,26,April,2023
Southeast,Keyboard,3070,30,May,2022
West,Webcam,4959,52,November,2022
Northeast,Tablet,31507,103,September,2024
Northwest,Mouse,3491,99,January,2023
Southeast,Tablet,12920,40,February,2023
West,Webcam,5598,58,January,2023
East,Printer,15494,49,March,2022
Southeast,Speaker,19912,96,May,2022
South,Webcam,8972,93,November,2024
West,Tablet,9276,29,September,2024
Central,Keyboard,5387,66,December,2023
Northwest,Tablet,31352,104,November,2023
Northeast,Keyboard,4942,56,October,2024
Northwest,Printer,19932,64,September,2022
North,Speaker,11272,53,August,2024
Central,Printer,11806,39,March,2022
West,Headphones,10042,62,February,2024
Central,Phone,10064,20,July,2023
East,Headphones,16361,104,February,2024
North,Speaker,3295,15,February,2024
Northwest,Tablet,31333,103,March,2022
North,Keyboard,4915,53,August,2024
South,Printer,22267,72,June,2024
Northwest,Speaker,19878,98,December,2023
West,Mouse,2136,50,March,2023
North,Printer,14861,47,December,2022
North,Phone,43298,85,May,2022
Southeast,Phone,25266,49,July,2022
Southeast,Tablet,19017,63,July,2024
Midwest,Monitor,11667,46,November,2022
South,Tablet,4294,11,May,2023
North,Laptop,57736,72,December,2024
Northeast,Webcam,2729,20,May,2022
Northeast,Laptop,78040,97,November,2024
West,Monitor,20717,80,December,2022
South,Phone,25506,51,May,2024
North,Headphones,15026,96,January,2023
North,Headphones,12995,85,November,2022
Midwest,Printer,18048,58,December,2022
West,Laptop,23127,28,December,2023
Northwest,Printer,12459,39,March,2024
North,Tablet,6424,21,December,2023
Central,Speaker,17388,83,February,2022
Northeast,Monitor,24153,95,July,2023
Southwest,Printer,19325,62,September,2023
Southwest,Laptop,47012,58,February,2023
Central,Laptop,80480,100,February,2023
South,Phone,18591,36,August,2024
Southwest,Headphones,16526,108,April,2022
Midwest,Tablet,30382,101,April,2023
Central,Tablet,16248,54,May,2022
Central,Webcam,9597,96,February,2022
South,Webcam,5765,57,September,2024
South,Mouse,3472,89,August,2022
East,Printer,10923,34,June,2023
Central,Tablet,29325,96,March,2024
Southwest,Monitor,3537,12,June,2023
Northwest,Laptop,20836,25,November,2024
Central,Speaker,16680,80,March,2024
West,Laptop,76970,96,February,2023
East,Speaker,14852,70,August,2024
Midwest,Speaker,11197,55,November,2024
West,Laptop,47833,59,December,2022
South,Printer,11019,35,May,2022
Southeast,Webcam,6793,66,November,2023
West,Monitor,20542,81,September,2024
South,Monitor,17270,67,November,2024
North,Printer,30372,100,September,2023
Southwest,Monitor,23949,95,July,2024
Midwest,Headphones,9362,62,October,2022
Southeast,Printer,33538,109,March,2022
Northwest,Webcam,3239,34,June,2024
Midwest,Speaker,13391,64,December,2024
Midwest,Phone,41943,83,February,2024
North,Keyboard,8905,100,January,2023
Southeast,Webcam,8943,92,October,2022
South,Tablet,24131,79,March,2022
Southwest,Tablet,20191,65,April,2022
West,Monitor,9621,37,November,2022
Southeast,Laptop,44639,55,May,2023
North,Webcam,9454,97,July,2022
West,Phone,18469,35,September,2022
Northwest,Keyboard,6642,71,February,2022
West,Tablet,24308,80,July,2023
East,Speaker,3446,13,January,2023
Midwest,Printer,17094,54,June,2022
North,Mouse,2897,64,September,2022
North,Webcam,6638,73,October,2023
Central,Webcam,10352,109,September,2022
East,Headphones,8881,55,July,2022
Southwest,Webcam,2629,21,November,2022
South,Phone,33026,66,April,2023
South,Tablet,5385,15,December,2023
South,Keyboard,2190,25,November,2022
East,Keyboard,5167,64,December,2024
Midwest,Headphones,12207,75,December,2022
Northwest,Speaker,17568,83,March,2024
West,Mouse,1259,38,April,2023
Northeast,Headphones,7966,51,June,2024
Southeast,Keyboard,4725,58,March,2023
Southeast,Keyboard,8683,107,March,2024
Northwest,Mouse,1279,22,March,2022
Southwest,Speaker,16566,79,October,2024
Northeast,Tablet,13304,42,September,2022
East,Mouse,1705,46,September,2022
Northwest,Speaker,11400,55,July,2024
Northeast,Mouse,3194,85,November,2024
Central,Speaker,12418,61,August,2023
Northwest,Laptop,68980,86,January,2022
Southwest,Tablet,29471,96,July,2022
Southeast,Headphones,5272,33,November,2024
East,Tablet,3137,10,December,2024
North,Speaker,13852,68,February,2024
Southwest,Phone,45922,90,June,2022
Northeast,Speaker,3914,18,July,2023
East,Mouse,3314,103,November,2023
Southeast,Monitor,27982,109,February,2023
Central,Phone,21424,42,February,2022
Southwest,Keyboard,3638,36,February,2023
West,Tablet,30312,99,December,2024
North,Headphones,7621,46,November,2022
South,Mouse,3136,100,March,2024
Midwest,Webcam,8533,94,July,2023
Southeast,Webcam,3206,27,January,2023
East,Keyboard,2781,24,January,2023
Northeast,Laptop,8360,10,May,2024
North,Monitor,27199,105,June,2022
Northwest,Laptop,61589,76,November,2022
Southwest,Printer,6536,19,March,2023
Central,Laptop,61118,76,April,2023
Southeast,Headphones,4202,26,July,2022
East,Speaker,20640,103,March,2023
North,Headphones,2811,13,January,2022
South,Speaker,6825,33,April,2024
Southwest,Monitor,15880,63,December,2024
Southwest,Tablet,9556,29,March,2024
North,Monitor,6947,27,February,2024
Central,Monitor,10721,41,June,2024
Northeast,Webcam,4014,42,January,2023
Northeast,Mouse,3008,99,January,2022
South,Tablet,24052,78,May,2023
Southwest,Monitor,23957,95,August,2023
West,Tablet,32810,108,December,2023
Central,Headphones,8155,48,April,2024
Northwest,Keyboard,6016,69,June,2023
Northwest,Mouse,1317,34,April,2024
Central,Tablet,19762,64,July,2024
Northeast,Speaker,8728,43,November,2022
West,Headphones,3675,22,September,2022
Northeast,Headphones,9838,65,May,2023
Southeast,Mouse,3494,108,March,2022
West,Monitor,21527,84,July,2024
South,Printer,10417,34,September,2023
Central,Keyboard,7457,92,April,2023
Central,Laptop,70822,88,January,2022
Midwest,Headphones,6927,46,December,2022
Southeast,Headphones,12147,78,December,2022
Midwest,Tablet,33020,107,June,2022
Southwest,Headphones,2447,14,February,2023
Northeast,Printer,22300,73,July,2023
Midwest,Laptop,58496,72,June,2022
Northwest,Monitor,5076,17,May,2023
Central,Tablet,26349,85,November,2022
East,Laptop,31578,39,August,2022
Southwest,Phone,39761,78,August,2024
East,Phone,52569,104,February,2023
Northwest,Speaker,6436,29,May,2023
Northwest,Headphones,13424,83,February,2024
North,Headphones,11958,78,March,2024
Central,Monitor,26607,105,September,2022
South,Speaker,13627,66,November,2023
West,Mouse,2103,48,May,2022
North,Headphones,12959,85,January,2022
Southeast,Phone,27397,53,November,2022
Southwest,Mouse,2911,74,March,2023
Southwest,Headphones,14148,94,August,2022
Southwest,Webcam,4603,42,April,2024
Southeast,Phone,19946,38,May,2022
Southeast,Printer,27648,90,October,2022
West,Mouse,3612,108,April,2024
Northwest,Webcam,2322,16,July,2023
Central,Webcam,8126,87,July,2022
Northwest,Mouse,2001,34,November,2023
Southwest,Laptop,49528,61,September,2022
North,Webcam,7326,77,January,2023
Northeast,Headphones,9913,63,April,2023
Northwest,Headphones,14955,98,March,2023
Central,Phone,7162,14,January,2022
North,Phone,32491,64,October,2023
Northwest,Laptop,13615,17,January,2023
Southwest,Mouse,3106,72,May,2023
Northwest,Mouse,1307,33,April,2022
Northwest,Mouse,2174,72,October,2024
East,Webcam,5205,53,June,2023
Midwest,Headphones,3497,19,December,2023
Northwest,Headphones,16315,106,March,2022
Central,Mouse,3058,90,October,2022
Southeast,Mouse,2010,54,September,2022
West,Laptop,88027,109,May,2022
North,Laptop,30770,38,January,2023
West,Webcam,6362,68,November,2023
Southeast,Monitor,16846,65,June,2022
West,Phone,45043,89,March,2024
Southeast,Speaker,18637,89,April,2023
Northwest,Tablet,6294,18,March,2023
Southeast,Tablet,6021,18,July,2024
Northwest,Phone,18282,36,January,2023
Central,Headphones,14475,93,September,2024
Central,Printer,17580,57,July,2023
Central,Headphones,5058,29,April,2024
Midwest,Tablet,19619,63,August,2023
Northeast,Phone,26127,51,June,2023
Northwest,Speaker,14534,71,April,2022
Midwest,Printer,27615,89,December,2023
Northwest,Speaker,21337,105,November,2023
Midwest,Keyboard,2064,18,January,2024
Southwest,Monitor,13151,50,February,2022
Southeast,Phone,53688,106,April,2023
Northeast,Monitor,15871,60,April,2023
Midwest,Laptop,28954,35,January,2022
Midwest,Tablet,14987,49,November,2024
Midwest,Mouse,1959,33,November,2024
Central,Speaker,17748,86,February,2023
Southwest,Printer,8472,26,June,2024
South,Headphones,10310,64,March,2022
Midwest,Speaker,16428,78,October,2022
Midwest,Keyboard,9276,106,September,2023
South,Headphones,5664,36,February,2022
South,Phone,10889,21,June,2023
South,Webcam,6618,67,September,2022
Northeast,Printer,17649,58,December,2022
Northeast,Keyboard,6230,68,July,2023
East,Webcam,4712,52,January,2022
Northwest,Monitor,15117,58,January,2024
Central,Keyboard,7489,86,January,2022
Southwest,Keyboard,8563,104,March,2022
Northwest,Speaker,15484,75,July,2022
East,Mouse,2856,70,May,2022
Northwest,Keyboard,3692,44,May,2024
Midwest,Mouse,1064,25,December,2022
North,Phone,13329,26,June,2024
Northwest,Headphones,2965,17,November,2022
Northeast,Mouse,1761,38,June,2024
South,Webcam,4579,43,August,2023
South,Speaker,9514,46,November,2023
Northwest,Printer,22665,75,February,2022
Northeast,Headphones,12637,81,February,2022
Southeast,Headphones,13098,84,March,2022
Midwest,Speaker,11224,55,April,2022
Midwest,Webcam,6305,63,February,2024
South,Printer,25193,81,April,2024
Central,Mouse,2524,71,February,2024
East,Phone,46597,92,March,2024
West,Printer,4807,15,February,2023
Northeast,Headphones,4240,23,July,2024
North,Monitor,3241,11,April,2023
Northwest,Mouse,3052,77,January,2023
Northwest,Speaker,5127,24,January,2022
Southwest,Keyboard,5080,58,August,2024
South,Printer,31961,105,June,2022
Southwest,Mouse,671,14,August,2023
West,Laptop,69855,87,May,2022
East,Tablet,29081,96,October,2023
Northeast,Tablet,21615,69,June,2022
Central,Mouse,1939,57,June,2023
Midwest,Keyboard,5296,56,August,2022
West,Headphones,15865,103,January,2024
Northwest,Speaker,10829,54,March,2022
West,Speaker,10390,51,September,2022
Southeast,Speaker,7889,36,December,2022
Northwest,Webcam,8600,90,November,2023
Midwest,Tablet,21337,69,February,2024
North,Phone,14213,28,December,2023
Northwest,Headphones,4715,29,March,2023
East,Mouse,2122,46,July,2024
Southeast,Keyboard,8680,103,March,2023
Southeast,Webcam,10364,106,December,2023
North,Mouse,1226,25,September,2023
Midwest,Monitor,3909,13,July,2024
Midwest,Headphones,15852,105,September,2022
East,Webcam,9996,106,June,2023
Midwest,Phone,30785,61,April,2022
Northeast,Phone,7419,14,March,2022
East,Printer,21818,72,March,2024
Southeast,Speaker,16603,81,July,2023
Northwest,Tablet,29702,97,April,2024
North,Webcam,3201,28,October,2022
South,Phone,16952,32,July,2022
Central,Headphones,11996,77,October,2024
Central,Laptop,8860,10,September,2022
Southeast,Keyboard,7881,87,February,2023
Southwest,Headphones,10955,67,April,2023
Central,Monitor,14266,54,June,2023
Northwest,Headphones,10740,68,December,2024
Southeast,Laptop,65308,81,December,2022
Midwest,Laptop,39418,49,March,2023
Midwest,Laptop,54106,67,March,2022
South,Monitor,5490,21,September,2024
South,Laptop,67980,84,April,2022
Northeast,Mouse,966,20,January,2022
East,Keyboard,6195,75,June,2023
West,Headphones,4361,28,February,2023
South,Tablet,29626,98,January,2022
North,Headphones,4018,24,March,2022
Southwest,Printer,7146,21,July,2022
Southwest,Monitor,18129,71,March,2024
Midwest,Mouse,2696,61,December,2023
Midwest,Tablet,15259,50,February,2022
Southeast,Webcam,6837,72,April,2023
Southeast,Mouse,3658,93,October,2024
Central,Headphones,2226,11,September,2022
West,Keyboard,6929,85,September,2023
West,Laptop,48095,59,August,2023
North,Webcam,9708,100,May,2023
West,Tablet,6688,22,December,2023
Northwest,Mouse,3508,91,January,2024
North,Mouse,2431,67,June,2022
Northeast,Speaker,15913,75,December,2024
Southwest,Headphones,14206,91,July,2022
South,Speaker,8767,43,May,2023
Southeast,Speaker,13438,63,September,2024
Northeast,Printer,27669,89,August,2022
Northeast,Tablet,15074,50,May,2023
Southeast,Mouse,2510,78,March,2023
East,Tablet,33047,107,March,2024
West,Phone,43852,86,April,2024
Northwest,Tablet,30676,101,September,2023
Midwest,Headphones,8636,52,October,2022
Central,Keyboard,2062,25,May,2023
North,Speaker,4248,19,November,2022
North,Tablet,9286,29,November,2024
East,Tablet,3937,13,November,2023
West,Printer,4024,12,November,2023
North,Mouse,3046,98,February,2024
Southeast,Printer,11358,35,June,2022
Central,Speaker,17822,88,February,2022
East,Headphones,15372,98,March,2023
South,Laptop,9105,11,December,2024
South,Phone,37800,75,November,2024
North,Keyboard,3289,30,January,2022
Midwest,Keyboard,6917,86,January,2024
Midwest,Headphones,11408,76,January,2024
Southwest,Monitor,6841,25,June,2024
East,Tablet,3984,10,March,2024
Southwest,Mouse,732,17,January,2022
West,Phone,41557,83,May,2023
Midwest,Laptop,32449,40,April,2023
West,Monitor,27165,106,December,2022
Northeast,Mouse,2863,76,October,2022
South,Printer,16880,54,April,2022
Central,Webcam,1105,12,August,2024
Southeast,Phone,45639,90,November,2023
East,Mouse,2834,76,September,2024
West,Laptop,23389,28,March,2022
North,Speaker,7165,33,June,2024
Northwest,Webcam,4423,47,December,2023
Southwest,Headphones,1692,10,August,2024
Northwest,Printer,14535,48,May,2024
Southwest,Printer,18634,62,July,2024
Southwest,Headphones,2652,12,July,2022
North,Headphones,9895,62,August,2024
Southeast,Laptop,84224,105,June,2023
North,Mouse,2740,72,September,2023
Midwest,Tablet,11997,39,September,2024
Midwest,Keyboard,8046,90,December,2024
West,Webcam,10284,107,March,2023
Northwest,Speaker,16606,80,February,2022
Southeast,Printer,10070,33,February,2022
North,Webcam,3231,26,September,2022
West,Tablet,6366,18,March,2022
Central,Tablet,21781,70,July,2023
South,Keyboard,6871,75,April,2024
Southwest,Mouse,2663,62,February,2024
Central,Webcam,5727,56,September,2023
Midwest,Laptop,84780,105,October,2023
East,Tablet,14784,47,March,2023
Northwest,Tablet,22839,76,November,2023
West,Laptop,27267,33,April,2024
Southwest,Webcam,7528,79,January,2024
Northwest,Phone,33672,66,September,2022
Midwest,Webcam,5924,55,July,2022
South,Phone,37370,74,July,2023
Northeast,Webcam,3262,33,December,2023
Midwest,Webcam,4366,40,June,2023
North,Printer,15531,50,August,2024
Midwest,Mouse,1354,41,September,2023
South,Webcam,10064,103,September,2023
North,Printer,29815,98,July,2023
Southwest,Webcam,5396,50,June,2024
Southeast,Laptop,10658,13,September,2024
West,Laptop,40684,50,February,2022
South,Printer,3345,11,November,2022
Midwest,Tablet,32510,107,September,2023
South,Phone,20458,39,March,2022
North,Mouse,1099,15,January,2022
Northwest,Webcam,5732,61,May,2022
Northwest,Headphones,3492,19,July,2024
North,Printer,5197,15,April,2024
East,Headphones,12441,77,February,2022
West,Speaker,4046,19,January,2023
Midwest,Tablet,18697,60,April,2024
Central,Monitor,8320,33,November,2024
Midwest,Mouse,1239,38,March,2022
Midwest,Webcam,2348,24,April,2023
Midwest,Printer,25390,82,July,2022
Northeast,Webcam,9002,92,October,2023
Southeast,Phone,21933,43,October,2024
Southwest,Monitor,14229,56,June,2022
North,Speaker,17093,84,August,2023
South,Webcam,4048,35,June,2024
Northeast,Mouse,3042,72,March,2024
Southeast,Webcam,4354,39,October,2022
Northwest,Monitor,13243,52,March,2024
Southwest,Printer,27569,90,June,2022
Central,Headphones,5874,35,February,2023
Southeast,Laptop,20514,25,January,2022
Central,Webcam,9502,104,December,2023
Southwest,Mouse,1745,46,July,2023
West,Speaker,21436,105,November,2024
East,Tablet,27963,92,December,2024
Southwest,Headphones,7418,45,March,2023
Central,Speaker,6619,30,September,2022
Midwest,Printer,6233,19,August,2024
Northeast,Webcam,7669,84,January,2022
Midwest,Speaker,9355,46,July,2024
Southwest,Webcam,2625,28,June,2024
South,Headphones,12111,75,October,2022
Midwest,Phone,53825,107,August,2023
Midwest,Mouse,3337,80,November,2022
Northwest,Keyboard,5536,58,October,2022
Northwest,Headphones,4269,22,October,2022
Midwest,Mouse,2474,74,October,2022
Southwest,Monitor,17932,71,January,2022
East,Speaker,12870,60,September,2023
South,Printer,23792,79,January,2023
Northwest,Headphones,15620,103,May,2024
North,Mouse,3301,108,September,2024
West,Webcam,9119,93,March,2023
Midwest,Speaker,7603,38,October,2022
Midwest,Printer,30002,99,February,2022
Midwest,Monitor,13820,55,November,2024
North,Laptop,12043,15,March,2022
West,Phone,6961,12,December,2022
Midwest,Printer,24480,81,December,2024
West,Phone,15924,30,October,2022
Southwest,Mouse,1398,22,October,2023
East,Phone,15131,29,April,2024
Midwest,Tablet,17348,57,May,2023
South,Mouse,1366,28,October,2023
Central,Speaker,8368,38,July,2022
Southwest,Monitor,17429,66,November,2024
West,Keyboard,7607,92,April,2024
Northwest,Webcam,6591,68,January,2023
South,Mouse,922,12,January,2023
South,Webcam,4141,37,October,2022
East,Laptop,23969,29,November,2023
Southeast,Tablet,26353,87,March,2023
Midwest,Phone,24831,48,July,2022
Central,Headphones,10558,67,September,2022
North,Printer,24902,80,April,2023
East,Printer,33125,109,February,2023
Midwest,Webcam,8752,89,February,2023
North,Headphones,2449,12,September,2022
South,Speaker,21581,104,June,2024
Northeast,Webcam,3996,43,January,2024
Central,Tablet,19231,62,July,2022
South,Webcam,5804,63,January,2023
Midwest,Headphones,15345,102,January,2023
Northwest,Tablet,25619,85,February,2022
Southeast,Mouse,2473,67,April,2023
North,Mouse,949,10,January,2024
South,Tablet,31377,103,April,2022
South,Speaker,12967,60,August,2024
West,Headphones,15973,100,February,2023
Southwest,Keyboard,7687,93,January,2023
Southeast,Headphones,5556,33,July,2024
West,Monitor,9954,38,November,2023
North,Tablet,22150,73,October,2022
Central,Monitor,26599,103,June,2022
Midwest,Speaker,13022,63,March,2024
South,Mouse,673,12,January,2023
Central,Mouse,2546,60,July,2023
Midwest,Speaker,17734,84,October,2024
Northeast,Monitor,14751,56,March,2023
West,Webcam,7365,77,May,2024
East,Monitor,21991,85,January,2024
North,Printer,33301,109,August,2024
Northwest,Headphones,8496,51,December,2024
Northwest,Mouse,3943,109,August,2022
Central,Laptop,75223,94,January,2023
West,Mouse,2332,59,December,2023
North,Tablet,30646,99,October,2022
Central,Webcam,3947,39,February,2022
Northeast,Keyboard,5609,60,January,2024
Northeast,Phone,49923,99,May,2024
Northeast,Phone,28383,55,January,2022
Midwest,Phone,27193,53,April,2024
West,Phone,46311,92,February,2022
Northwest,Tablet,10867,36,May,2022
Southeast,Speaker,18157,87,December,2023
South,Tablet,26866,88,September,2023
Midwest,Mouse,3389,106,August,2022
South,Webcam,2624,19,January,2023
Southeast,Printer,19053,62,September,2022
Southeast,Monitor,9657,35,December,2024
Southwest,Printer,7256,24,October,2024
Southwest,Speaker,17057,82,February,2022
West,Headphones,4447,28,April,2022
Southeast,Monitor,15159,57,July,2024
Midwest,Speaker,22510,108,October,2022
South,Tablet,22971,75,June,2024
Northwest,Tablet,17074,56,November,2024
Central,Tablet,13579,45,January,2022
Southwest,Monitor,19988,77,November,2023
Northwest,Printer,32622,107,September,2024
North,Tablet,4840,13,March,2022
Midwest,Keyboard,2455,24,March,2024
Northeast,Speaker,9241,46,August,2024
Central,Mouse,3256,103,August,2024
East,Printer,29329,96,April,2023
Northwest,Speaker,11716,58,June,2024
Northwest,Monitor,16438,63,November,2023
Northeast,Headphones,6532,42,November,2024
West,Tablet,25506,83,May,2024
North,Printer,23582,76,July,2023
Northeast,Mouse,3643,98,June,2022
Central,Webcam,5931,58,June,2024
Midwest,Headphones,9754,59,July,2023
East,Mouse,1264,26,August,2022
Northeast,Printer,21362,68,April,2024
Central,Keyboard,1595,16,March,2024
North,Keyboard,8736,108,July,2024
Northwest,Keyboard,3747,40,March,2023
Central,Mouse,2329,62,December,2022
Northeast,Monitor,11090,41,May,2024
South,Laptop,44879,56,July,2022
South,Monitor,13938,55,January,2023
East,Webcam,4170,42,May,2024
South,Monitor,13041,50,November,2022
South,Printer,23080,76,July,2022
Northeast,Headphones,8225,54,May,2023
Southwest,Tablet,17504,58,February,2024
Midwest,Monitor,22681,87,September,2023
South,Phone,12005,24,January,2024
Southwest,Webcam,4333,40,September,2022
North,Laptop,48714,60,January,2023
Southwest,Phone,42630,84,February,2024
Southwest,Tablet,32512,108,March,2022
South,Mouse,3612,105,June,2023
Northwest,Mouse,2980,96,March,2024
Northwest,Monitor,13395,51,February,2022
Northeast,Printer,11263,36,May,2023
East,Tablet,32700,108,January,2024
North,Printer,21471,70,March,2023
Central,Mouse,3369,104,May,2023
East,Printer,19383,64,November,2023
East,Mouse,3138,99,December,2022
Central,Laptop,10251,12,January,2024
East,Phone,8470,15,August,2022
West,Monitor,17163,67,March,2023
Midwest,Webcam,5325,51,April,2023
Northeast,Tablet,11168,37,January,2023
North,Webcam,6181,68,May,2024
East,Printer,10040,32,June,2024
North,Webcam,2752,24,September,2023
Midwest,Printer,6434,20,January,2024
Southwest,Tablet,11848,39,June,2023
Northeast,Printer,22559,75,May,2022
Northwest,Speaker,4107,17,September,2024
Midwest,Mouse,3154,101,August,2024
Northwest,Phone,28832,57,November,2023
East,Mouse,2399,63,March,2024
West,Laptop,28558,35,November,2024
East,Printer,6064,20,February,2023
Northeast,Headphones,9244,55,June,2023
Northwest,Keyboard,4902,59,February,2024
West,Headphones,13149,86,November,2024
East,Laptop,47296,58,March,2023
Southeast,Printer,26318,87,June,2023
Southwest,Monitor,4550,16,February,2022
North,Phone,10788,20,August,2024
North,Headphones,4255,23,October,2023
Southwest,Speaker,18075,88,October,2024
Northeast,Webcam,2838,26,July,2024
West,Laptop,71286,89,June,2022
East,Webcam,4144,41,October,2023
Southwest,Webcam,4835,47,December,2023
Central,Webcam,2550,19,January,2024
Southwest,Mouse,885,17,November,2022
West,Monitor,12793,49,November,2022
Midwest,Headphones,4919,30,January,2023
North,Mouse,3164,89,December,2022
North,Mouse,2067,56,April,2024
Northwest,Tablet,32195,107,December,2024
South,Monitor,12187,46,January,2022
East,Webcam,7377,72,February,2023
Northwest,Phone,42168,83,December,2023
Northwest,Mouse,1020,22,January,2022
Midwest,Keyboard,4979,54,May,2023
Southwest,Headphones,16096,107,March,2023
South,Headphones,12844,80,November,2024
Southeast,Headphones,13521,86,September,2023
East,Keyboard,8314,99,March,2022
Northeast,Headphones,12932,86,January,2023
East,Tablet,22623,75,July,2024
East,Laptop,64345,80,September,2022
Northwest,Webcam,4438,48,January,2023
Midwest,Headphones,3530,17,June,2022
Northeast,Laptop,86378,107,November,2023
Northwest,Phone,9291,17,July,2023
West,Mouse,2432,80,May,2022
North,Speaker,21040,102,November,2024
Northwest,Printer,14916,49,December,2022
Northwest,Keyboard,6662,76,February,2023
South,Speaker,2244,11,October,2022
East,Webcam,6837,73,December,2024
Central,Webcam,8879,90,November,2023
Northwest,Laptop,52014,65,September,2024
East,Speaker,13022,65,August,2024
East,Mouse,872,19,July,2022
Northwest,Webcam,7265,79,June,2024
West,Speaker,19265,93,July,2023
Southwest,Laptop,24059,29,January,2023
Midwest,Tablet,5457,16,September,2023
East,Tablet,6227,18,June,2022
South,Monitor,17097,68,April,2022
Northeast,Monitor,17148,67,April,2022
Southwest,Keyboard,7868,94,April,2023
North,Monitor,10165,39,June,2023
North,Laptop,60956,75,June,2023
Midwest,Laptop,41712,52,August,2024
North,Laptop,39449,49,April,2022
Southwest,Keyboard,1559,12,July,2024
South,Speaker,21181,105,June,2024
Northwest,Monitor,21233,82,May,2024
Southeast,Tablet,23447,75,October,2023
Southwest,Headphones,14386,92,November,2024
South,Headphones,11766,77,December,2024
Northeast,Tablet,24040,77,July,2022
North,Keyboard,6786,79,January,2024
South,Keyboard,1833,12,October,2022
North,Mouse,3321,78,April,2022
South,Headphones,16267,102,January,2023
Central,Webcam,9829,103,September,2023
Northwest,Tablet,3841,11,November,2022
Northeast,Printer,11254,37,July,2022
South,Speaker,13320,66,September,2022
South,Laptop,14662,18,February,2024
East,Phone,44328,88,March,2022
Southwest,Tablet,8450,27,July,2023
Southeast,Tablet,28570,94,August,2024
Midwest,Phone,53828,107,June,2024
South,Tablet,4495,13,June,2023
Northwest,Mouse,1971,61,October,2023
East,Mouse,901,23,December,2022
West,Laptop,64299,80,March,2024
South,Keyboard,1354,12,February,2024
Northwest,Tablet,17856,57,November,2022
Central,Printer,6164,19,May,2022
Southeast,Headphones,16618,108,February,2023
Northwest,Monitor,16573,64,December,2023
Northeast,Laptop,13795,17,July,2024
South,Phone,52634,104,February,2022
Midwest,Monitor,14969,57,October,2023
Central,Mouse,2928,77,March,2023
Southeast,Printer,11124,36,April,2024
Midwest,Phone,17769,34,March,2023
Southeast,Monitor,6914,26,April,2024
Midwest,Tablet,29076,94,February,2022
South,Phone,6370,12,February,2023
Southwest,Printer,17450,58,March,2024
Midwest,Tablet,25110,83,March,2022
South,Keyboard,2293,20,October,2022
Southwest,Mouse,1208,10,January,2022
East,Tablet,26896,88,September,2022
Northwest,Speaker,5832,26,February,2022
Northeast,Mouse,2787,86,February,2024
Northwest,Laptop,69711,86,March,2024
South,Phone,49644,98,September,2023
South,Mouse,1855,54,July,2022
Southwest,Speaker,17506,84,November,2023
North,Laptop,33847,42,January,2024
Northwest,Tablet,20905,67,August,2022
Southeast,Monitor,23605,92,February,2022
Southeast,Printer,13898,46,January,2024
South,Monitor,6062,24,September,2022
Southwest,Monitor,20639,82,April,2024
Southeast,Headphones,11104,73,February,2024
South,Webcam,5612,62,August,2024
East,Tablet,20458,65,September,2024
North,Keyboard,4404,55,October,2024
Southeast,Printer,20069,66,July,2022
Southeast,Webcam,9732,101,September,2024
East,Keyboard,8131,101,April,2022
East,Monitor,3953,13,November,2024
East,Laptop,29525,36,May,2024
South,Headphones,5882,35,July,2024
Southeast,Speaker,14064,68,February,2024
North,Laptop,37629,47,May,2024
Southeast,Speaker,19912,98,November,2022
Southeast,Tablet,3922,12,April,2023
Southeast,Speaker,14568,70,June,2022
North,Printer,11635,38,January,2023
South,Mouse,463,13,May,2022
Northeast,Tablet,9738,31,June,2023
Midwest,Headphones,11846,78,December,2023
Central,Speaker,14171,68,July,2022
East,Mouse,2871,89,January,2023
North,Monitor,10142,39,December,2022
Midwest,Phone,14441,28,May,2022
Central,Keyboard,4324,50,April,2023
Central,Mouse,2898,76,January,2022
North,Laptop,62439,78,May,2022
Midwest,Phone,14044,27,September,2024
North,Laptop,87015,108,September,2024
Southeast,Speaker,18478,91,February,2024
Central,Tablet,24065,79,June,2023
West,Tablet,19693,63,August,2024
East,Mouse,3299,81,May,2024
Midwest,Webcam,8410,83,December,2024
Southwest,Webcam,4895,52,January,2024
Northwest,Phone,7215,13,July,2024
East,Speaker,9795,46,November,2022
Southeast,Headphones,8182,50,September,2022
Northwest,Speaker,12540,58,March,2022
East,Monitor,11872,47,January,2022
Northeast,Tablet,7864,24,March,2022
Southeast,Headphones,6400,38,June,2022
Midwest,Speaker,9216,42,September,2022
Southeast,Printer,16757,54,September,2024
South,Tablet,10299,32,October,2022
East,Speaker,16202,80,February,2023
Southeast,Monitor,26269,103,July,2022
South,Headphones,2434,16,February,2022
Northwest,Speaker,9344,45,December,2024
Northeast,Laptop,78470,97,September,2022
East,Headphones,10646,66,August,2022
Northwest,Headphones,12283,77,July,2023
South,Speaker,16489,79,June,2024
Northwest,Monitor,6999,26,February,2022
Southeast,Webcam,5121,49,April,2022
Southeast,Webcam,5543,59,April,2023
South,Mouse,2833,81,November,2024
South,Printer,8870,29,August,2023
Southwest,Mouse,1946,32,February,2024
West,Mouse,933,24,July,2022
Midwest,Webcam,7186,70,September,2023
West,Phone,30472,59,October,2024
Central,Speaker,14970,71,July,2022
Southwest,Phone,13265,25,March,2024
Midwest,Webcam,8476,87,April,2023
Northeast,Mouse,3013,73,July,2022
South,Keyboard,3438,33,September,2023
North,Phone,49523,99,January,2024
East,Monitor,3747,11,October,2024
East,Laptop,82532,102,August,2023
Northeast,Tablet,28430,93,September,2024
North,Monitor,6687,25,July,2023
Midwest,Phone,42681,85,October,2022
Northwest,Speaker,5076,23,November,2023
Central,Phone,10580,20,April,2023
Central,Speaker,8801,40,March,2023
North,Phone,50196,99,February,2023
South,Keyboard,6061,65,December,2022
East,Tablet,25415,82,January,2024
Southeast,Keyboard,7157,78,April,2023
West,Laptop,64230,80,June,2022
Midwest,Keyboard,7053,83,November,2024
Southwest,Webcam,8293,83,July,2023
Southwest,Speaker,5735,28,November,2022
Northeast,Keyboard,5303,60,September,2022
East,Speaker,13766,64,October,2023
West,Keyboard,5907,63,July,2024
North,Tablet,15775,51,November,2024
Central,Speaker,19002,92,April,2022
West,Tablet,24652,80,June,2023
Northwest,Phone,47635,94,March,2024
Northeast,Webcam,3506,29,March,2023
Midwest,Laptop,14046,17,July,2022
Northwest,Printer,3104,10,August,2023
Northwest,Laptop,49606,61,February,2024
Central,Printer,15036,47,May,2024
South,Printer,23164,74,November,2023
South,Mouse,1393,31,April,2024
Southwest,Phone,19087,37,December,2022
South,Mouse,1648,28,May,2024
Northeast,Headphones,6666,39,October,2022
North,Printer,17650,56,June,2022
West,Mouse,1271,20,April,2022
South,Speaker,12880,64,August,2022
North,Monitor,10837,43,May,2023
North,Speaker,12405,60,April,2022
Northeast,Webcam,9011,95,December,2024
Central,Monitor,20986,83,April,2022
Southeast,Mouse,2746,81,April,2023
Northeast,Speaker,14604,71,February,2023
Midwest,Tablet,5782,17,December,2024
Midwest,Webcam,5893,62,May,2022
Midwest,Printer,24336,80,November,2022
Midwest,Keyboard,2913,31,February,2023
East,Mouse,1373,42,October,2024
South,Headphones,16561,108,February,2023
Northwest,Phone,21552,42,July,2023
Southeast,Keyboard,6454,80,November,2023
Midwest,Laptop,60370,75,November,2023
Southeast,Tablet,26538,87,August,2024
East,Phone,19774,39,March,2023
Central,Phone,32983,64,March,2023
Northeast,Printer,19122,63,June,2023
Northeast,Monitor,21402,85,January,2024
South,Tablet,13878,43,December,2022
Central,Monitor,26347,102,November,2024
Midwest,Phone,52757,105,May,2022
Southeast,Headphones,9224,61,July,2024
Central,Printer,10266,34,September,2024
Southeast,Laptop,8897,10,March,2024
Central,Printer,24933,83,March,2022
South,Keyboard,1262,12,January,2024
South,Headphones,10451,68,September,2022
East,Printer,14275,47,August,2023
East,Mouse,2578,61,May,2023
North,Printer,25786,83,September,2022
Northwest,Keyboard,9285,109,June,2024
South,Monitor,22086,88,May,2024
North,Mouse,2198,43,October,2022
West,Keyboard,5103,58,August,2023
Central,Speaker,15548,77,August,2024
North,Mouse,1084,27,March,2023
Northwest,Printer,30108,98,June,2024
Midwest,Phone,13156,25,December,2023
West,Mouse,3739,92,January,2022
Southwest,Laptop,61778,76,February,2022
West,Keyboard,8307,102,February,2024
North,Phone,51848,103,April,2023
South,Phone,28437,55,September,2022
South,Mouse,1714,38,July,2022
Southwest,Laptop,55802,69,March,2024
North,Speaker,8184,40,October,2023
Southwest,Headphones,5949,34,December,2024
South,Tablet,23752,77,April,2024
Northwest,Mouse,2276,45,October,2024
Midwest,Webcam,4545,42,February,2022
Southeast,Printer,11111,34,April,2023
Midwest,Laptop,82480,103,March,2023
West,Printer,14827,47,October,2024
Northwest,Monitor,5935,23,October,2022
Northwest,Monitor,4566,17,October,2023
East,Webcam,8643,86,August,2022
West,Tablet,15795,52,May,2024
North,Headphones,4014,22,April,2023
East,Webcam,7059,69,December,2024
Central,Tablet,13589,45,October,2023
North,Printer,10892,36,August,2023
East,Keyboard,2192,21,June,2022
Southwest,Webcam,3240,26,April,2022
Northwest,Webcam,4059,34,February,2022
North,Phone,29409,57,May,2023
Southwest,Speaker,9967,45,May,2023
Southwest,Headphones,2173,11,April,2024
Northeast,Mouse,2117,66,September,2024
South,Headphones,2326,15,January,2024
South,Laptop,37574,46,March,2022
North,Phone,30088,60,November,2024
North,Printer,9884,31,April,2023
Northeast,Headphones,4802,26,April,2023
Southwest,Headphones,10090,61,December,2024
North,Speaker,12316,58,August,2022
Midwest,Speaker,15762,78,October,2023
Northwest,Headphones,9660,58,September,2023
Northeast,Laptop,26647,33,May,2023
East,Speaker,12433,58,October,2024
West,Tablet,31576,103,July,2022
West,Headphones,9303,62,April,2024
Northeast,Speaker,2484,10,March,2024
East,Phone,43841,86,July,2022
Northeast,Tablet,8117,24,January,2023
Northeast,Speaker,9158,45,April,2023
Midwest,Tablet,21341,70,January,2024
Southwest,Headphones,12353,78,May,2022
Central,Keyboard,3146,39,May,2022
Southwest,Headphones,11466,72,April,2022
North,Speaker,19426,94,November,2024
Northwest,Keyboard,9533,107,September,2022
Northwest,Monitor,20358,78,February,2024
Central,Webcam,5999,63,September,2022
East,Webcam,3835,42,August,2022
South,Phone,7772,15,March,2022
Southeast,Mouse,2810,91,November,2022
Central,Headphones,12416,82,March,2022
Southwest,Keyboard,8065,99,April,2022
Midwest,Keyboard,2702,29,August,2024
South,Keyboard,5911,65,February,2024
Southeast,Webcam,4310,40,April,2022
West,Phone,19194,37,April,2024
West,Monitor,20546,79,September,2023
West,Keyboard,7603,92,September,2024
Southwest,Keyboard,8017,92,August,2022
Southeast,Webcam,7499,76,February,2023
Midwest,Headphones,4637,29,June,2022
Midwest,Monitor,20037,77,May,2023
Southwest,Printer,24785,80,March,2023
Midwest,Keyboard,3893,48,April,2024
Central,Printer,9137,29,January,2022
Midwest,Speaker,2456,12,May,2022
Midwest,Mouse,1592,31,November,2022
Northeast,Monitor,5260,18,October,2022
Northeast,Speaker,5351,24,February,2023
Southeast,Phone,53598,107,April,2024
Northwest,Webcam,4428,41,June,2024
Southeast,Keyboard,2359,18,April,2024
Central,Headphones,2758,16,February,2023
Northwest,Speaker,22254,107,November,2023
Central,Speaker,7107,33,November,2022
West,Speaker,5475,23,November,2022
Central,Mouse,3278,105,January,2022
East,Headphones,16085,105,July,2024
Southwest,Tablet,19076,63,November,2023
Central,Tablet,18907,61,March,2022
Midwest,Printer,23440,78,February,2023
Central,Tablet,25598,83,February,2022
Midwest,Laptop,20991,25,June,2024
East,Printer,6816,21,October,2022
Northwest,Phone,18910,37,November,2023
Southwest,Monitor,27464,107,January,2023
Midwest,Webcam,9353,95,October,2023
South,Webcam,10186,104,March,2024
Northwest,Speaker,3222,16,April,2023
West,Phone,7596,15,July,2023
Southeast,Phone,11641,23,August,2022
Southwest,Tablet,15356,48,June,2024
Southwest,Mouse,1640,49,March,2024
Northeast,Printer,23754,79,December,2024
North,Monitor,11596,46,October,2022
West,Laptop,50012,62,February,2024
South,Laptop,62790,78,November,2024
Northwest,Phone,37709,75,January,2024
West,Printer,20603,66,February,2022
Midwest,Keyboard,8936,104,April,2023
Central,Mouse,3621,98,July,2023
South,Speaker,17140,85,January,2023
West,Speaker,10178,48,May,2022
Southwest,Monitor,20496,81,April,2022
Midwest,Phone,24139,48,April,2023
Southwest,Phone,22750,44,July,2023
Central,Phone,42749,85,January,2022
West,Laptop,57077,71,August,2022
Southeast,Speaker,7071,33,October,2024
Central,Monitor,21149,84,January,2024
Southeast,Phone,46195,92,April,2022
Central,Webcam,4337,38,February,2022
North,Tablet,16986,54,March,2023
South,Headphones,11167,70,November,2022
Northeast,Webcam,2965,22,August,2022
Northwest,Printer,12849,42,September,2023
South,Monitor,20872,81,November,2024
Northwest,Mouse,1475,41,October,2022
Central,Laptop,84289,105,December,2024
Southwest,Printer,11979,39,March,2022
Midwest,Monitor,5406,20,May,2024
Central,Webcam,10015,103,January,2022
North,Laptop,25838,32,June,2022
Northwest,Mouse,2013,64,July,2022
Southeast,Laptop,54541,67,November,2022
Northwest,Printer,12686,40,May,2024
West,Keyboard,3189,29,September,2022
West,Printer,13575,45,September,2023
North,Headphones,2631,12,April,2023
West,Headphones,6848,42,October,2024
Northwest,Speaker,16350,78,March,2023
West,Keyboard,2350,17,April,2024
Northwest,Headphones,8943,56,March,2022
Southeast,Headphones,8773,57,July,2022
North,Tablet,12931,42,September,2024
Northwest,Speaker,9954,49,May,2023
South,Phone,35969,70,February,2024
Southwest,Tablet,15229,48,October,2023
Southeast,Monitor,9814,38,June,2023
Southwest,Keyboard,5697,59,June,2024
West,Webcam,3585,36,March,2022
North,Monitor,13062,49,February,2023
Southeast,Monitor,11458,45,April,2024
Southeast,Headphones,9773,60,May,2023
North,Monitor,19076,73,September,2023
Northwest,Webcam,2047,20,September,2023
Central,Printer,20427,67,July,2024
Northwest,Printer,10937,36,July,2024
Central,Mouse,3295,95,October,2022
Central,Monitor,7017,28,August,2022
Northeast,Phone,35490,70,December,2024
Southwest,Monitor,16148,63,October,2022
South,Laptop,23464,29,July,2022
Northeast,Speaker,19081,94,October,2022
Central,Headphones,6843,40,June,2022
Northeast,Tablet,6351,19,June,2024
Northeast,Mouse,857,17,August,2022
South,Speaker,17187,84,September,2022
Northwest,Laptop,53332,66,January,2022
Southeast,Phone,48815,97,July,2024
Southwest,Webcam,6275,63,October,2023
North,Keyboard,6000,65,May,2024
North,Laptop,26000,32,November,2024
Southeast,Laptop,20411,25,October,2023
West,Printer,11698,37,April,2022
Southwest,Monitor,15997,62,August,2022
Southwest,Webcam,9058,99,March,2023
Southwest,Headphones,3995,25,May,2023
North,Printer,10346,33,May,2023
Northeast,Printer,24099,77,July,2022
Central,Printer,4095,13,August,2022
Northeast,Printer,19154,62,February,2023
East,Printer,8903,28,May,2023
South,Webcam,3573,33,June,2023
North,Headphones,15218,99,July,2023
Midwest,Monitor,23462,93,December,2022
Central,Webcam,7677,82,February,2023
West,Laptop,14099,17,April,2022
Southwest,Printer,5609,18,June,2022
Northwest,Speaker,12290,60,October,2023
West,Laptop,62801,78,November,2023
Central,Tablet,27100,88,May,2022
Southwest,Headphones,14005,93,March,2024
East,Printer,33566,109,February,2022
Southeast,Phone,47043,93,September,2024
Southeast,Keyboard,8698,105,July,2022
Southwest,Laptop,85203,106,January,2024
Northeast,Tablet,32711,106,October,2022
West,Monitor,18490,73,August,2023
Southeast,Tablet,19547,65,August,2022
Midwest,Monitor,25875,102,November,2024
Southwest,Phone,37880,74,April,2024
East,Laptop,75673,94,June,2024
Southwest,Mouse,2046,48,June,2024
East,Monitor,10944,43,December,2024
East,Speaker,4396,17,August,2023
North,Phone,26523,52,October,2022
South,Mouse,2582,62,July,2023
Northwest,Speaker,18569,88,September,2022
Southeast,Monitor,20790,81,June,2023
Southwest,Phone,46898,93,January,2023
North,Speaker,18924,94,June,2023
West,Phone,47299,93,March,2022
East,Keyboard,1598,13,March,2022
Central,Mouse,1847,51,August,2023
Northwest,Printer,26405,85,May,2023
West,Laptop,54946,68,July,2023
Southeast,Speaker,5008,22,January,2022
Northwest,Speaker,6892,33,June,2022
Northwest,Speaker,18082,87,October,2023
South,Webcam,8505,91,August,2022
Northwest,Keyboard,902,10,October,2024
Southeast,Keyboard,4951,58,February,2023
North,Phone,49168,98,September,2022
East,Laptop,41077,51,December,2022
Southeast,Tablet,15968,53,June,2024
Northwest,Printer,8934,29,February,2024
East,Webcam,9360,102,February,2024
South,Monitor,26393,105,January,2024
Northwest,Keyboard,2909,26,October,2022
Northeast,Mouse,2259,43,May,2022
South,Tablet,5954,18,April,2023
South,Speaker,8209,37,January,2023
Northwest,Mouse,2659,87,December,2024
West,Laptop,50414,62,June,2023
Northwest,Mouse,2626,57,May,2022
Midwest,Speaker,3614,17,December,2022
Southeast,Laptop,70861,88,May,2024
Southeast,Headphones,2256,10,May,2023
Northeast,Speaker,9132,41,March,2024
Southeast,Phone,51516,102,June,2023
Northwest,Phone,6169,11,December,2022
West,Keyboard,6530,75,February,2022
South,Speaker,6415,28,January,2022
South,Laptop,46574,58,January,2024
Northeast,Speaker,22251,109,October,2022
Southeast,Mouse,2358,75,August,2024
Midwest,Headphones,15445,98,September,2022
Northwest,Laptop,40440,50,August,2024
Northeast,Tablet,31508,105,February,2023
Central,Webcam,5868,58,January,2022
Central,Phone,23152,45,March,2024
Southeast,Laptop,46084,57,December,2022
Central,Phone,15780,31,December,2022
East,Phone,11679,22,March,2024
Southwest,Keyboard,5083,58,August,2023
South,Headphones,6799,45,March,2024
West,Printer,7481,23,July,2022
Northeast,Laptop,19821,24,January,2022
Northwest,Webcam,9864,103,August,2022
West,Mouse,3224,89,November,2023
East,Tablet,9728,31,April,2023
North,Webcam,3414,29,October,2022
Northeast,Phone,51320,101,October,2022
Midwest,Speaker,19804,96,November,2023
West,Laptop,83260,104,March,2023
Northeast,Monitor,22080,88,June,2024
East,Phone,7243,14,February,2022
South,Mouse,2461,62,December,2023
Southeast,Speaker,19151,93,July,2024
Southeast,Headphones,2654,13,September,2024
Southeast,Mouse,2689,88,December,2023
Southeast,Tablet,27638,90,August,2024
Midwest,Printer,30363,99,October,2022
South,Keyboard,5699,69,January,2023
Northwest,Printer,10747,34,July,2023
Central,Headphones,15246,96,November,2022
Midwest,Mouse,1918,59,December,2022
Southeast,Phone,39234,78,November,2023
South,Phone,22168,43,April,2024
North,Tablet,14747,48,October,2022
East,Speaker,6851,34,June,2022
Southeast,Speaker,4854,23,December,2024
Northeast,Tablet,33336,109,June,2022
East,Monitor,7995,28,February,2024
Northeast,Laptop,38751,48,September,2022
Central,Tablet,24742,81,October,2024
Northwest,Phone,29330,58,May,2023
South,Webcam,9277,97,September,2022
Northwest,Webcam,2017,18,October,2024
South,Printer,6635,21,November,2024
Northwest,Speaker,14064,69,February,2024
Southeast,Headphones,4579,29,July,2023
North,Webcam,2934,30,May,2022
Southeast,Tablet,22060,71,February,2023
West,Monitor,15400,61,April,2023
Northeast,Monitor,11499,44,December,2022
Northeast,Headphones,16174,105,June,2023
North,Headphones,8698,55,February,2024
Central,Keyboard,6450,76,April,2023
Northwest,Webcam,5524,60,February,2024
Northeast,Tablet,18245,58,July,2024
Central,Headphones,15191,99,June,2022
North,Speaker,11440,55,November,2024
Northwest,Laptop,46594,58,October,2022
West,Keyboard,4464,47,February,2022
Central,Keyboard,1185,12,June,2022
Northwest,Mouse,2005,60,September,2022
Southwest,Phone,41399,82,June,2022
North,Mouse,1274,21,June,2023
Southeast,Laptop,10557,13,April,2022
Northeast,Headphones,7982,49,October,2024
North,Printer,6682,22,September,2024
East,Headphones,11227,71,February,2023
West,Keyboard,8653,99,September,2022
Northwest,Mouse,1462,41,February,2024
West,Monitor,19866,77,March,2023
South,Speaker,6609,30,May,2022
Midwest,Monitor,17430,66,January,2024
Southeast,Webcam,9888,106,October,2023
Northeast,Phone,34649,68,October,2024
Southwest,Speaker,4051,18,December,2022
Central,Headphones,15256,98,January,2022
East,Mouse,3921,107,June,2023
Northwest,Printer,15237,50,November,2023
Southeast,Mouse,1788,28,February,2022
Southeast,Webcam,3517,31,June,2022
Midwest,Webcam,5324,55,September,2022
Midwest,Headphones,16303,106,September,2024
South,Tablet,15310,48,February,2022
West,Mouse,1442,20,December,2022
West,Phone,9571,18,November,2023
Central,Headphones,7591,50,October,2023
South,Headphones,7587,44,November,2023
Midwest,Headphones,6154,35,January,2022
East,Mouse,3137,95,September,2024
Southeast,Printer,25326,82,February,2024
West,Tablet,20465,65,January,2024
Northeast,Phone,9984,18,September,2024
Southwest,Headphones,10485,69,October,2023
East,Monitor,17499,68,March,2023
North,Tablet,5369,15,April,2023
Southeast,Tablet,19551,63,September,2023
Northwest,Keyboard,3499,35,May,2024
Southeast,Laptop,8489,10,October,2023
Northwest,Monitor,9098,33,December,2023
East,Monitor,3413,13,March,2023
North,Speaker,18021,90,March,2023
North,Phone,9717,19,October,2023
West,Monitor,10618,41,January,2022
Midwest,Speaker,8492,39,May,2024
Southeast,Headphones,5277,33,April,2022
Southwest,Speaker,22455,109,January,2022
East,Phone,17734,34,July,2024
East,Phone,21177,42,September,2023
Southeast,Speaker,16362,77,February,2022
East,Phone,50133,99,April,2022
West,Laptop,9354,11,June,2024
Northeast,Phone,34510,68,July,2022
Northwest,Printer,26930,89,August,2022
Northeast,Speaker,18815,94,August,2022
Midwest,Monitor,15689,60,July,2022
West,Webcam,1388,15,December,2022
Central,Keyboard,5169,60,February,2024
Northeast,Monitor,22337,88,November,2023
Southeast,Mouse,2049,62,November,2024
South,Printer,3995,11,December,2024
Northwest,Monitor,8419,32,December,2023
West,Speaker,7809,39,December,2022
East,Speaker,7438,35,February,2023
Southwest,Headphones,16024,105,January,2023
North,Mouse,2099,49,July,2023
North,Webcam,5800,59,October,2022
Central,Webcam,8154,82,August,2024
Northwest,Laptop,74591,92,October,2024
Southwest,Mouse,1519,18,February,2023
North,Headphones,10985,67,February,2023
Northeast,Webcam,6391,65,February,2023
Southwest,Headphones,11426,70,January,2024
East,Laptop,30870,38,November,2022
Northwest,Phone,22462,44,December,2023
East,Laptop,17763,21,June,2024
Northeast,Mouse,2917,91,May,2023
West,Phone,31923,63,January,2022
South,Phone,15557,31,December,2023
North,Laptop,80378,100,August,2022
Central,Laptop,42458,53,June,2022
Northeast,Printer,26430,85,August,2024
Northwest,Laptop,84214,105,November,2024
Central,Keyboard,3550,43,December,2024
West,Printer,25278,84,August,2022
North,Monitor,19509,78,December,2024
Northwest,Mouse,2424,51,August,2023
Central,Speaker,22154,106,May,2022
West,Speaker,8465,38,January,2022
East,Laptop,77143,96,November,2024
Southwest,Printer,19237,62,November,2022
Southeast,Webcam,7815,85,June,2023
West,Webcam,4190,36,February,2022
Southeast,Tablet,13879,44,March,2022
Central,Mouse,3551,90,March,2024
Midwest,Mouse,2543,75,June,2023
Northeast,Mouse,1234,11,October,2022
Central,Printer,7143,22,May,2022
Southwest,Webcam,6074,63,June,2022
Southwest,Phone,45047,89,May,2024
Northwest,Headphones,11802,77,March,2023
Central,Headphones,10199,62,May,2024
Southwest,Mouse,2754,85,January,2022
Southwest,Headphones,5223,34,September,2023
East,Tablet,15609,52,February,2023
South,Tablet,7220,24,December,2022
Southwest,Monitor,25076,100,November,2023
South,Speaker,18757,89,April,2023
Southwest,Headphones,7873,48,January,2023
Northeast,Laptop,45633,56,April,2024
Northeast,Webcam,7713,85,September,2022
East,Speaker,4549,18,May,2024
Central,Phone,21797,43,December,2022
Northeast,Phone,44361,88,March,2024
Northeast,Webcam,8539,90,November,2024
Southwest,Headphones,5098,33,July,2024
Central,Keyboard,1561,14,January,2023
North,Speaker,16689,83,July,2023
Central,Speaker,13576,67,September,2024
Southwest,Tablet,15311,49,February,2024
Central,Tablet,19557,64,February,2024
South,Phone,41561,83,May,2024
North,Tablet,20252,66,May,2022
Northeast,Headphones,14402,95,October,2023
East,Laptop,67244,84,January,2024
West,Laptop,79472,99,January,2024
South,Headphones,12349,78,April,2023
Midwest,Phone,39199,78,October,2023
North,Keyboard,7766,91,July,2023
Southwest,Phone,28575,57,November,2024
Southwest,Tablet,5008,16,December,2024
Southwest,Keyboard,7995,98,July,2024
Southwest,Tablet,26286,87,April,2024
North,Printer,22957,76,August,2023
Northeast,Phone,50522,100,July,2024
Southeast,Printer,5468,15,October,2023
West,Mouse,1735,43,December,2022
North,Laptop,63589,79,July,2023
South,Tablet,30015,99,May,2022
Midwest,Speaker,12755,63,February,2022
Southeast,Tablet,21166,69,January,2024
South,Laptop,29440,36,September,2022
West,Phone,42161,83,December,2023
South,Mouse,2259,52,June,2024
Southeast,Webcam,4366,42,June,2024
Southeast,Webcam,4875,53,January,2024
North,Monitor,12289,48,March,2024
North,Keyboard,5542,68,February,2023
Southwest,Monitor,21413,83,June,2024
Southwest,Monitor,21063,83,September,2022
Northeast,Monitor,13269,50,February,2024
Northeast,Speaker,4235,20,May,2024
Northeast,Mouse,2786,81,August,2024
East,Speaker,11629,54,September,2022
East,Webcam,9641,100,May,2022
Central,Monitor,20752,80,June,2024
South,Laptop,26756,33,November,2022
Northeast,Laptop,47946,59,September,2023
Midwest,Tablet,30389,98,March,2022
Southwest,Phone,6456,11,April,2022
Northeast,Headphones,9599,58,January,2024
East,Phone,54244,107,June,2022
East,Speaker,21205,106,April,2022
South,Speaker,11219,55,May,2023
Northeast,Monitor,19856,78,October,2024
Southeast,Keyboard,1666,12,September,2024
Southeast,Mouse,2279,74,April,2022
Northeast,Keyboard,2883,34,April,2024
West,Tablet,25569,85,March,2023
Northeast,Monitor,28009,109,November,2024
West,Keyboard,913,10,January,2022
Northeast,Tablet,4137,11,March,2024
Northwest,Keyboard,3315,39,July,2023
Southeast,Keyboard,5134,53,September,2024
South,Headphones,2929,16,November,2023
Northeast,Keyboard,3874,46,August,2024
Northwest,Headphones,5456,35,September,2023
South,Phone,9997,18,October,2023
Midwest,Mouse,1900,35,June,2023
Northeast,Printer,13545,45,May,2024
East,Tablet,30213,100,November,2024
Central,Headphones,7090,46,July,2022
Midwest,Tablet,30426,99,October,2024
Northeast,Speaker,16388,78,September,2024
Southwest,Headphones,3004,17,June,2024
Southeast,Keyboard,3365,36,June,2023
West,Printer,15447,49,April,2023
Southeast,Webcam,8226,81,August,2022
Central,Mouse,2836,68,January,2022
Southwest,Headphones,14026,93,January,2024
Midwest,Monitor,25068,100,November,2023
Northeast,Printer,23934,79,May,2022
Northwest,Tablet,12545,41,December,2023
East,Mouse,2450,51,November,2024
Southeast,Laptop,42268,52,January,2022
Southeast,Printer,19376,62,September,2024
Northwest,Mouse,2862,81,January,2024
South,Phone,51085,101,May,2023
North,Phone,29415,58,October,2024
North,Tablet,30281,98,October,2024
Central,Speaker,14164,67,August,2024
Northwest,Printer,31271,104,September,2023
Northeast,Headphones,14323,91,November,2023
Southeast,Mouse,2832,80,February,2024
Northwest,Headphones,7064,45,February,2023
Southwest,Speaker,15892,79,May,2024
Southeast,Webcam,2192,16,December,2023
South,Laptop,66645,83,April,2023
Southeast,Printer,12078,37,December,2023
West,Printer,28762,95,August,2023
Midwest,Monitor,16242,63,August,2022
Midwest,Webcam,6767,68,September,2024
West,Printer,28466,94,March,2024
Midwest,Phone,14514,29,July,2024
North,Phone,14039,27,August,2023
Midwest,Phone,39254,77,May,2023
North,Printer,5730,19,May,2022
Midwest,Laptop,50789,63,November,2024
Southeast,Phone,18771,37,January,2022
Southeast,Keyboard,7081,83,March,2024
Northeast,Headphones,14329,94,October,2023
Southeast,Printer,6875,22,December,2024
West,Webcam,8211,87,June,2024
Southeast,Headphones,10074,66,June,2023
Midwest,Tablet,21677,69,November,2024
South,Keyboard,5177,55,December,2023
Southeast,Speaker,9968,49,June,2023
Northwest,Laptop,48992,61,July,2023
Southwest,Headphones,16469,107,October,2022
Northeast,Monitor,12903,49,April,2022
West,Keyboard,7512,92,November,2024
Southeast,Mouse,3443,83,August,2024
Northeast,Headphones,11238,72,June,2023
Southeast,Keyboard,5832,64,November,2022
East,Phone,9223,17,March,2024
North,Laptop,26848,33,November,2024
Central,Keyboard,7647,91,July,2022
Northeast,Laptop,74513,93,October,2023
Northeast,Monitor,5519,21,January,2022
South,Printer,3531,11,November,2023
South,Keyboard,5151,61,October,2023
North,Mouse,1961,60,October,2024
West,Laptop,57621,72,May,2024
Southwest,Tablet,21173,69,February,2023
West,Laptop,88102,109,December,2024
Central,Tablet,24105,78,January,2024
West,Laptop,71521,89,October,2024
South,Tablet,29445,98,February,2024
Southeast,Printer,20663,66,June,2024
Northeast,Headphones,10886,68,April,2022
Northwest,Monitor,15822,60,May,2023
Central,Headphones,4849,28,August,2022
North,Phone,39791,79,July,2022
North,Monitor,17385,67,August,2024
South,Printer,30322,98,January,2024
Midwest,Phone,9644,19,October,2022
South,Keyboard,4151,45,February,2023
Northeast,Phone,54512,109,December,2023
East,Monitor,8074,32,December,2023
Central,Printer,12460,41,March,2022
West,Laptop,26039,32,December,2022
Northeast,Monitor,7913,29,November,2023
Southwest,Headphones,7674,46,March,2023
Northwest,Speaker,7440,35,March,2023
Midwest,Speaker,3506,15,April,2023
Midwest,Keyboard,7190,85,July,2024
West,Laptop,15190,18,August,2022
South,Keyboard,5546,67,July,2024
Central,Speaker,8034,36,October,2024
Northwest,Speaker,14433,72,February,2022
Northwest,Webcam,8350,83,September,2023
Central,Keyboard,7089,84,May,2023
Southwest,Tablet,15967,53,October,2024
Northwest,Headphones,3155,16,February,2024
Central,Laptop,54226,67,January,2023
North,Laptop,55262,68,March,2023
West,Printer,29328,96,February,2024
East,Tablet,24251,79,July,2024
Southeast,Tablet,15311,51,July,2022
Midwest,Printer,26873,87,February,2024
Southwest,Printer,31259,102,October,2023
North,Phone,32315,63,October,2022
East,Keyboard,3093,33,May,2022
Southeast,Keyboard,2582,26,March,2022
Southwest,Mouse,1641,36,June,2022
Midwest,Speaker,8656,41,February,2024
South,Headphones,15464,98,January,2024
Midwest,Speaker,13366,66,October,2023
South,Keyboard,5423,62,May,2022
Northeast,Headphones,14539,95,December,2023
Central,Tablet,4890,13,April,2022
North,Laptop,36897,46,October,2022
West,Tablet,3346,10,March,2023
Central,Mouse,1607,53,October,2022
North,Tablet,31253,104,September,2024
West,Speaker,3943,15,July,2024
Northwest,Mouse,3176,86,October,2023
South,Mouse,2445,54,June,2022
Southeast,Speaker,4276,21,July,2022
Southwest,Headphones,12927,83,January,2024
South,Mouse,1035,32,May,2024
Northwest,Speaker,15777,75,October,2022
South,Mouse,2597,85,May,2024
West,Keyboard,872,10,September,2023
East,Mouse,993,22,March,2022
Northwest,Tablet,12672,39,April,2024
Northeast,Speaker,4131,19,July,2022
Northeast,Headphones,13707,89,November,2022
Northeast,Speaker,11317,55,November,2022
East,Keyboard,8807,107,November,2024
West,Monitor,9732,38,March,2022
South,Tablet,30557,101,November,2024
Central,Headphones,4231,28,August,2024
Southeast,Headphones,3118,15,April,2022
East,Phone,26267,52,November,2024
Central,Printer,12428,40,July,2024
Central,Headphones,4792,26,February,2024
Northeast,Laptop,73801,92,May,2022
North,Speaker,20633,102,January,2023
South,Laptop,73053,91,August,2023
North,Headphones,3931,25,February,2023
East,Mouse,3982,108,May,2024
Northwest,Printer,25897,83,June,2024
Northeast,Keyboard,4622,53,December,2024
Northeast,Keyboard,2778,33,December,2024
North,Speaker,3647,18,February,2022
Southwest,Printer,16475,53,September,2024
East,Headphones,16234,103,December,2024
Southwest,Speaker,14859,73,July,2023
North,Printer,6550,19,June,2022
East,Speaker,4547,20,January,2022
Central,Printer,33128,109,December,2024
West,Speaker,12645,63,March,2024
North,Keyboard,3990,39,February,2023
Central,Mouse,1481,30,October,2023
Central,Phone,21800,42,October,2023
South,Headphones,13399,87,April,2022
Central,Mouse,1280,40,July,2023
Northeast,Phone,29645,58,April,2023
Southwest,Printer,15704,50,December,2023
Central,Webcam,4239,36,July,2024
Southwest,Mouse,2767,67,January,2022
South,Keyboard,6166,76,April,2024
Southwest,Laptop,73508,91,October,2022
Midwest,Speaker,7584,33,June,2022
Northwest,Phone,40172,79,June,2022
East,Keyboard,8153,99,September,2024
Midwest,Printer,11266,35,March,2023
Northeast,Tablet,29160,95,February,2022
North,Webcam,8963,90,May,2022
Southeast,Speaker,21552,103,August,2023
Northeast,Monitor,17604,67,March,2022
Southeast,Monitor,21664,85,November,2022
North,Monitor,14583,57,July,2024
Midwest,Monitor,23766,95,March,2023
Southwest,Mouse,2059,48,February,2024
Southwest,Laptop,14598,17,April,2022
Northeast,Phone,7009,13,September,2023
Central,Monitor,8045,29,July,2022
South,Monitor,13884,53,December,2022
Northwest,Tablet,30840,102,July,2024
Midwest,Laptop,51690,64,November,2023
South,Speaker,9168,43,June,2024
Southwest,Speaker,15926,76,November,2024
North,Tablet,20363,67,September,2023
Central,Keyboard,2504,31,August,2024
South,Keyboard,6641,71,April,2023
North,Monitor,26021,102,April,2023
Midwest,Printer,28916,96,November,2022
West,Speaker,11292,53,September,2023
Southeast,Phone,23328,46,March,2022
Southwest,Keyboard,2514,26,June,2024
Southwest,Phone,25643,51,May,2022
Southeast,Printer,25774,83,September,2022
South,Webcam,6955,75,May,2023
East,Keyboard,5307,62,March,2023
Southeast,Speaker,14492,72,August,2024
Northwest,Tablet,23081,74,February,2022
Midwest,Keyboard,3557,35,February,2022
Midwest,Speaker,8737,43,February,2024
Central,Speaker,2931,14,April,2024
Southeast,Monitor,13675,53,April,2024
West,Monitor,3608,14,December,2024
Northwest,Keyboard,6755,81,February,2024
East,Mouse,2498,53,March,2024
Midwest,Mouse,3562,99,August,2023
Southwest,Keyboard,8868,102,September,2022
West,Keyboard,3415,41,July,2022
Southeast,Speaker,14222,67,June,2023
North,Printer,12636,40,March,2022
West,Keyboard,8397,102,December,2023
Northwest,Phone,23573,46,August,2022
Southeast,Speaker,20111,98,June,2023
Midwest,Phone,48188,96,February,2024
Southwest,Mouse,1458,16,February,2023
North,Tablet,31406,102,December,2024
South,Speaker,21843,107,September,2023
Northwest,Tablet,5722,18,June,2022
Southwest,Mouse,3672,94,July,2024
Northeast,Laptop,72852,91,May,2022
Northeast,Webcam,4972,51,November,2023
West,Tablet,5695,18,February,2022
Southeast,Speaker,17882,89,October,2024
Southeast,Laptop,80932,100,January,2022
South,Printer,17524,56,April,2023
Northwest,Laptop,42010,52,August,2024
Southeast,Laptop,38576,47,February,2022
East,Monitor,9583,36,June,2022
Midwest,Webcam,7346,81,March,2022
Southwest,Printer,16353,54,January,2022
Southeast,Printer,22751,73,January,2024
Midwest,Speaker,2558,10,September,2023
East,Tablet,10811,35,May,2024
South,Laptop,40402,50,June,2023
West,Mouse,3374,92,December,2023
Central,Laptop,77973,97,March,2024
Midwest,Phone,40478,80,February,2022
Southwest,Printer,31574,104,November,2022
South,Phone,54967,108,April,2022
North,Laptop,52344,65,July,2023
South,Mouse,3310,106,October,2024
Northeast,Tablet,24277,79,January,2022
Northeast,Tablet,29104,96,December,2023
Midwest,Phone,32718,65,April,2024
Southeast,Laptop,62471,78,October,2023
Southeast,Monitor,24831,97,August,2022
East,Printer,21203,69,November,2022
Southwest,Webcam,2246,21,June,2024
Southwest,Headphones,7823,47,December,2022
West,Mouse,1443,31,January,2024
East,Printer,13446,43,September,2023
Central,Printer,8043,24,August,2024
Southwest,Speaker,20203,97,January,2022
Southeast,Printer,22853,75,September,2022
Southwest,Tablet,29559,97,September,2024
North,Printer,12422,40,September,2024
Southeast,Speaker,2466,11,March,2022
East,Keyboard,6721,72,May,2024
Southwest,Monitor,6200,21,June,2024
West,Laptop,81541,101,June,2024
South,Tablet,15038,50,February,2022
Southeast,Phone,25478,49,April,2023
Midwest,Speaker,2816,14,May,2022
Southeast,Phone,47401,94,May,2024
Southeast,Monitor,3798,13,May,2023
East,Monitor,23095,89,June,2023
West,Laptop,52121,64,June,2023
Northwest,Laptop,49049,61,August,2023
Central,Webcam,5328,52,November,2022
Northeast,Keyboard,4556,52,May,2023
Midwest,Tablet,23039,75,June,2023
North,Phone,8893,16,December,2023
Northeast,Headphones,7169,45,November,2023
Northeast,Printer,30621,101,July,2023
Southeast,Mouse,3088,93,October,2023
Northwest,Monitor,19636,76,July,2023
South,Printer,21788,70,April,2022
Midwest,Webcam,9348,99,January,2024
West,Tablet,31945,106,May,2023
West,Phone,37018,73,February,2023
West,Keyboard,6439,70,July,2024
East,Monitor,21416,82,September,2022
East,Speaker,4784,23,June,2024
South,Phone,19644,39,January,2024
South,Mouse,3002,88,May,2024
Southeast,Mouse,2922,69,July,2024
North,Keyboard,2250,19,April,2024
Central,Keyboard,5596,59,October,2024
South,Monitor,9231,34,July,2024
Northwest,Speaker,21684,105,September,2022
Southwest,Phone,15916,30,August,2024
North,Phone,21969,43,September,2022
Northwest,Speaker,7272,36,June,2024
Northeast,Tablet,20158,67,May,2023
Northwest,Mouse,3189,85,October,2024
Northeast,Mouse,1923,63,April,2023
Central,Printer,24379,78,September,2023
Northwest,Monitor,13707,54,January,2024
Northwest,Laptop,44203,55,September,2023
Northwest,Webcam,7036,75,October,2023
North,Printer,10802,35,February,2022
Southwest,Speaker,17420,86,January,2024
East,Speaker,18935,94,July,2024
Central,Tablet,32441,106,May,2023
East,Headphones,5131,33,November,2023
Central,Monitor,17338,67,July,2022
North,Phone,25035,50,September,2022
South,Printer,20209,65,September,2024
Southwest,Tablet,8987,27,September,2022
Southeast,Monitor,4937,17,May,2023
Central,Mouse,2444,63,December,2024
North,Monitor,16980,65,May,2022
Central,Laptop,53769,66,July,2022
South,Printer,6424,20,April,2024
Southwest,Laptop,45747,57,March,2022
Midwest,Monitor,9729,38,July,2023
Southeast,Headphones,13446,86,April,2023
Midwest,Webcam,3232,31,February,2023
South,Webcam,2480,19,May,2022
West,Tablet,30190,99,October,2022
West,Mouse,2883,92,January,2022
North,Headphones,15987,101,June,2024
East,Headphones,3456,21,July,2023
West,Phone,22188,43,July,2022
Midwest,Laptop,79387,99,February,2022
West,Webcam,6637,67,April,2024
South,Monitor,11551,44,March,2024
Northeast,Mouse,2838,84,July,2024
Midwest,Laptop,33926,42,March,2023
West,Laptop,39061,48,September,2023
Central,Tablet,28990,95,July,2022
Southwest,Keyboard,3003,33,December,2024
Northeast,Phone,34954,69,August,2022
Central,Speaker,21393,106,April,2023
Southeast,Keyboard,6535,75,February,2022
North,Phone,17034,33,August,2023
East,Keyboard,6284,78,December,2024
South,Printer,7858,24,July,2022
West,Headphones,15818,105,July,2022
Northwest,Webcam,6177,65,October,2024
Northeast,Monitor,11107,44,September,2022
Central,Mouse,1065,19,October,2024
Northeast,Laptop,63003,78,December,2024
Southeast,Laptop,72131,90,December,2024
Midwest,Webcam,5822,63,August,2023
Midwest,Headphones,15298,97,May,2023
South,Keyboard,7916,94,August,2023
Northwest,Headphones,7118,47,September,2023
North,Keyboard,8652,105,September,2024
Northwest,Tablet,28449,92,July,2023
Northeast,Headphones,7897,51,November,2023
Northwest,Tablet,6110,19,March,2023
Southeast,Monitor,8422,33,January,2022
West,Keyboard,3657,42,June,2024
Northwest,Phone,37345,73,November,2022
East,Webcam,2950,24,December,2023
Southwest,Printer,5006,15,November,2022
North,Printer,18091,58,May,2022
Midwest,Speaker,12188,56,February,2022
Central,Keyboard,1509,16,July,2023
Midwest,Speaker,6916,32,July,2022
North,Webcam,9328,100,March,2022
Northwest,Webcam,6386,65,November,2022
East,Webcam,3154,29,February,2022
Southeast,Webcam,6793,66,October,2022
East,Printer,27018,89,December,2022
West,Keyboard,6141,75,November,2024
Northwest,Speaker,19491,97,November,2022
Central,Laptop,14004,17,December,2022
South,Phone,12170,23,July,2023
West,Webcam,6354,61,August,2022
North,Printer,16407,54,January,2023
North,Laptop,29682,37,May,2024
South,Laptop,54471,68,January,2024
Southwest,Webcam,2953,30,May,2024
West,Phone,14846,28,July,2024
East,Webcam,9959,106,January,2023
Southwest,Laptop,49206,61,October,2023
North,Headphones,14854,93,November,2022
Southeast,Printer,33350,109,December,2022
Northwest,Keyboard,9244,108,December,2024
Central,Laptop,57705,72,October,2023
Southwest,Phone,9466,17,April,2023
North,Monitor,10521,39,April,2024
South,Mouse,2835,73,January,2022
Northeast,Webcam,8259,82,May,2023
North,Laptop,12519,15,November,2024
West,Webcam,2726,23,August,2023
Midwest,Printer,28155,93,January,2024
East,Keyboard,4187,51,December,2024
Central,Speaker,4554,20,December,2024
Southwest,Keyboard,5466,68,December,2023
North,Phone,49091,97,February,2022
West,Phone,34334,68,January,2024
South,Monitor,8788,33,June,2023
Southwest,Tablet,6254,18,June,2024
East,Webcam,7676,79,August,2024
North,Webcam,2560,21,May,2022
Midwest,Laptop,77926,97,November,2024
West,Webcam,10049,101,October,2022
Southwest,Phone,41354,82,February,2023
North,Tablet,12422,41,August,2023
East,Webcam,3954,43,September,2023
North,Phone,29933,58,September,2024
Northeast,Speaker,10400,50,February,2022
Central,Headphones,3286,18,September,2023
West,Monitor,15899,62,July,2024
South,Webcam,4754,45,July,2022
South,Phone,17826,34,June,2022
South,Keyboard,5493,62,July,2024
South,Printer,31390,102,April,2024
Midwest,Laptop,64103,80,November,2022
Southeast,Tablet,23577,78,May,2023
Northwest,Monitor,17330,67,August,2024
Central,Webcam,4305,37,February,2024
Northeast,Monitor,27479,107,June,2022
South,Mouse,2978,94,August,2022
Northeast,Headphones,14660,96,April,2024
Southwest,Tablet,23432,75,August,2023
Midwest,Keyboard,6447,75,May,2022
South,Keyboard,7463,88,February,2023
Northeast,Tablet,22221,73,July,2022
East,Speaker,10649,52,November,2024
Northwest,Speaker,18340,89,December,2022
North,Keyboard,5381,66,March,2022
South,Keyboard,5922,67,December,2024
Central,Speaker,18822,92,February,2023
West,Headphones,2498,10,July,2023
South,Mouse,534,13,June,2023
West,Keyboard,4472,46,February,2023
West,Headphones,4276,26,May,2024
Southwest,Speaker,12682,61,November,2024
South,Headphones,10633,68,February,2023
Southeast,Webcam,6538,64,September,2022
Northwest,Tablet,4551,14,September,2024
West,Keyboard,5967,69,February,2022
Northwest,Laptop,25596,31,January,2022
North,Keyboard,3252,29,April,2023
Northeast,Tablet,8677,26,October,2023
West,Headphones,2668,14,May,2023
Central,Mouse,3145,93,May,2023
North,Keyboard,6406,71,February,2023
Northwest,Webcam,3631,33,June,2024
Midwest,Phone,16963,32,November,2024
South,Monitor,26680,106,March,2023
Midwest,Laptop,30557,37,October,2024
South,Speaker,18398,89,October,2024
Northwest,Printer,6914,20,December,2023
West,Phone,46640,92,November,2023
North,Mouse,2388,60,March,2022
Southwest,Monitor,26691,106,July,2022
Southeast,Monitor,19920,79,June,2023
Midwest,Keyboard,3385,39,January,2024
Northwest,Keyboard,4923,59,April,2023
Central,Speaker,12041,56,January,2023
Northwest,Laptop,22392,27,August,2024
East,Headphones,6405,38,July,2022
Southwest,Tablet,27346,90,May,2022
Northeast,Tablet,12191,38,June,2023
West,Monitor,25746,101,September,2024
Southeast,Speaker,18830,91,January,2023
East,Printer,19339,64,June,2024
East,Phone,29917,58,May,2022
Central,Printer,19946,65,March,2024
East,Keyboard,3392,31,July,2024
Southeast,Laptop,65187,81,June,2023
Northeast,Phone,25534,50,July,2023
Southwest,Monitor,24064,94,June,2022
Northwest,Phone,27284,53,July,2022
West,Webcam,4073,35,November,2022
South,Mouse,1006,20,May,2024
Northeast,Laptop,17654,21,May,2024
North,Speaker,3664,15,February,2023
Southeast,Mouse,1071,34,March,2022
Midwest,Tablet,25335,84,April,2022
South,Laptop,87446,109,February,2023
East,Webcam,7244,80,June,2022
Southeast,Keyboard,1913,20,August,2024
Southwest,Speaker,10136,47,June,2024
South,Mouse,707,22,April,2022
South,Keyboard,7634,83,December,2023
Midwest,Mouse,2725,66,April,2023
Southwest,Laptop,16886,20,October,2024
North,Phone,43423,85,June,2023
Midwest,Monitor,6232,23,October,2023
Northeast,Speaker,13375,65,October,2024
Central,Webcam,5926,63,June,2024
Southeast,Laptop,35118,43,April,2023
Northeast,Printer,28468,92,November,2024
South,Keyboard,6966,83,July,2024
East,Monitor,25049,98,September,2024
West,Mouse,2252,73,November,2023
Midwest,Keyboard,8979,104,July,2023
Southwest,Mouse,3252,85,December,2022
Northwest,Printer,5760,17,November,2022
North,Webcam,4342,41,May,2022
West,Monitor,22617,90,September,2023
South,Phone,42960,85,March,2023
Southwest,Printer,12364,38,November,2022
Southwest,Phone,29633,58,April,2023
South,Headphones,12782,85,April,2023
Central,Keyboard,6301,71,January,2022
Southeast,Mouse,3448,102,June,2023
East,Headphones,14818,94,May,2023
Southeast,Keyboard,1983,14,August,2024
West,Phone,21014,41,April,2022
Northeast,Webcam,10573,107,July,2023
Northeast,Laptop,23702,29,September,2023
Southwest,Speaker,7935,38,February,2023
Southwest,Speaker,4322,21,August,2023
South,Speaker,22225,107,April,2023
North,Webcam,2754,20,November,2024
North,Mouse,1385,40,February,2022
Midwest,Printer,19817,65,October,2023
South,Mouse,3242,86,November,2024
East,Keyboard,4608,54,August,2023
Northeast,Monitor,23998,93,January,2024
Midwest,Laptop,45188,56,August,2024
West,Keyboard,5942,64,September,2024
Midwest,Phone,11294,21,January,2024
Northeast,Speaker,13399,63,September,2023
Northeast,Mouse,1543,46,January,2023
North,Phone,40915,80,August,2024
Northeast,Monitor,7353,26,August,2023
Northwest,Monitor,8246,29,October,2024
Northwest,Keyboard,8649,102,November,2022
North,Phone,7869,14,August,2022
Southeast,Keyboard,6663,73,March,2022
North,Laptop,9754,12,April,2022
West,Headphones,10465,69,July,2022
Southeast,Printer,27257,89,January,2024
North,Tablet,7684,24,May,2023
North,Keyboard,4956,61,August,2024
East,Webcam,1981,14,July,2023
Northwest,Tablet,29518,97,June,2024
Midwest,Keyboard,8964,104,December,2023
Southwest,Keyboard,8221,97,May,2023
East,Laptop,66372,82,September,2023
West,Monitor,2920,11,December,2022
West,Headphones,5280,35,August,2023
Southeast,Speaker,6216,28,December,2023
Central,Keyboard,1800,13,April,2024
Southwest,Phone,54298,107,June,2024
Southwest,Printer,18644,62,March,2024
Southwest,Phone,53198,105,December,2024
South,Tablet,20753,68,December,2022
Midwest,Phone,55401,109,April,2023
East,Speaker,17286,86,April,2024
North,Monitor,4250,17,May,2022
South,Mouse,1282,17,April,2024
Northeast,Phone,15501,30,June,2023
North,Printer,25127,83,June,2024
West,Speaker,22391,107,April,2024
South,Headphones,2834,18,January,2022
West,Keyboard,4025,50,August,2022
North,Keyboard,3713,39,September,2024
East,Phone,49793,99,August,2024
West,Headphones,16725,109,October,2023
Central,Speaker,9565,43,June,2022
East,Webcam,9965,101,April,2023
Northwest,Laptop,76935,96,April,2022
West,Monitor,18743,72,March,2022
Southeast,Headphones,2250,13,February,2023
Midwest,Monitor,23080,89,February,2022
Northeast,Speaker,14843,72,July,2023
Midwest,Webcam,1354,14,April,2022
South,Laptop,48981,60,September,2022
West,Phone,13105,25,November,2022
Northeast,Printer,11601,38,November,2022
West,Phone,35978,70,February,2022
Northeast,Tablet,20569,66,February,2023
Midwest,Keyboard,2637,32,September,2024
North,Mouse,941,14,January,2022
Northeast,Speaker,17446,84,September,2024
North,Monitor,14727,55,March,2023
Midwest,Keyboard,1456,17,August,2023
North,Keyboard,6295,75,July,2022
Central,Speaker,22136,109,December,2023
Southwest,Monitor,22941,88,February,2024
Southeast,Headphones,8965,54,May,2024
Southwest,Phone,45131,90,February,2022
Southeast,Tablet,6306,19,May,2024
West,Monitor,25220,97,July,2024
West,Speaker,12210,57,August,2022
Central,Monitor,21391,82,February,2022
South,Phone,26857,52,June,2023
West,Phone,21088,41,September,2023
Northeast,Tablet,13918,45,March,2022
Central,Webcam,1604,12,April,2022
Southeast,Speaker,20133,97,September,2023
Northwest,Webcam,6439,66,May,2024
Southwest,Webcam,6860,74,September,2023
West,Speaker,8361,41,August,2024
West,Keyboard,6945,84,May,2024
Southwest,Laptop,69787,86,June,2024
Midwest,Speaker,5330,25,May,2024
Southwest,Laptop,53486,66,January,2024
Southwest,Printer,5460,17,December,2022
Northwest,Mouse,3773,101,April,2022
Southwest,Headphones,9396,56,June,2023
Southwest,Tablet,23846,77,August,2023
East,Printer,20429,65,May,2022
West,Webcam,6505,64,March,2023
Southeast,Phone,27818,55,November,2024
Southwest,Phone,21348,42,October,2024
Southwest,Keyboard,3275,30,September,2022
North,Webcam,6930,71,January,2022
Northeast,Tablet,16509,55,April,2024
South,Mouse,651,21,November,2023
Northeast,Phone,32645,64,February,2022
West,Keyboard,2876,26,September,2024
South,Mouse,1974,56,August,2024
Central,Speaker,5298,22,February,2023
Central,Phone,30281,60,May,2024
Southeast,Keyboard,8010,88,November,2022
Southwest,Speaker,21477,103,November,2023
North,Monitor,13264,53,October,2024
Southeast,Tablet,9341,29,September,2022
West,Headphones,15977,103,November,2022
Midwest,Monitor,23085,92,April,2024
West,Printer,7403,22,April,2023
Southwest,Phone,46530,93,August,2024
South,Printer,25047,83,December,2023
Midwest,Headphones,13846,89,January,2022
Central,Printer,31479,102,September,2022
Southeast,Monitor,18627,73,February,2022
West,Laptop,51290,63,March,2024
Midwest,Monitor,4565,15,November,2023
Central,Headphones,14602,93,December,2024
South,Printer,16899,56,February,2023
Northwest,Webcam,2689,20,July,2024
East,Printer,19168,62,May,2023
West,Phone,12128,24,April,2024
Northeast,Tablet,6698,22,May,2022
South,Mouse,1501,45,November,2022
South,Phone,22438,44,May,2022
Central,Printer,11310,37,January,2022
North,Headphones,2883,13,June,2022
West,Headphones,11062,68,June,2022
Northeast,Keyboard,4357,48,May,2024
Northeast,Phone,48605,96,June,2023
Midwest,Webcam,5894,58,September,2024
West,Webcam,9369,94,December,2023
South,Printer,14787,49,March,2023
West,Keyboard,6621,80,January,2023
Southwest,Webcam,1555,11,August,2024
Southwest,Speaker,6874,32,February,2024
Southeast,Monitor,22899,90,December,2023
South,Printer,27806,91,May,2023
Southwest,Printer,18375,61,June,2022
East,Keyboard,8781,104,December,2024
Southeast,Webcam,8319,85,June,2023
Central,Keyboard,6156,66,November,2022
Southwest,Headphones,14735,97,September,2024
West,Keyboard,2850,30,August,2023
Central,Laptop,66499,82,March,2022
Central,Webcam,1616,14,October,2022
Southwest,Headphones,17252,109,November,2022
West,Printer,18561,61,August,2022
West,Tablet,11772,37,March,2022
Northeast,Mouse,3705,108,February,2023
Midwest,Monitor,21022,82,December,2022
East,Phone,29804,58,May,2024
Central,Phone,16952,32,September,2022
Midwest,Phone,25752,50,March,2023
Southeast,Keyboard,2153,26,August,2024
West,Monitor,21791,85,December,2023
East,Tablet,14313,46,October,2022
Southeast,Tablet,29098,96,November,2024
Southeast,Headphones,15320,100,September,2022
Southeast,Monitor,17506,70,April,2024
North,Phone,48226,95,May,2024
North,Tablet,29763,97,December,2024
Southeast,Printer,10778,33,August,2024
East,Headphones,11746,72,May,2022
South,Headphones,10795,70,June,2023
Midwest,Mouse,1047,19,December,2024
Southeast,Headphones,7688,46,August,2023
Southwest,Laptop,16196,19,February,2023
Midwest,Laptop,50455,63,June,2022
South,Webcam,1792,19,July,2022
North,Keyboard,3544,37,April,2022
South,Headphones,3809,19,June,2022
South,Tablet,12063,38,August,2022
Northeast,Tablet,24383,78,April,2022
Central,Mouse,1710,44,June,2022
Midwest,Keyboard,3103,32,September,2023
East,Headphones,2527,11,May,2023
Southwest,Printer,19631,63,July,2024
Southeast,Monitor,9916,39,September,2024
Southeast,Keyboard,4319,45,February,2022
Midwest,Phone,33103,66,April,2023
Southeast,Headphones,2619,13,January,2022
West,Tablet,20297,66,July,2024
Southwest,Printer,11503,37,October,2024
Central,Headphones,6870,45,August,2023
Southeast,Headphones,15067,97,December,2024
South,Speaker,21800,105,July,2023
South,Mouse,2326,52,August,2023
Northwest,Phone,29193,57,November,2023
Southeast,Laptop,54768,68,February,2022
Southeast,Webcam,8290,87,December,2023
Midwest,Headphones,3827,19,June,2022
North,Webcam,3496,34,July,2024
Midwest,Laptop,12182,14,October,2022
North,Phone,15646,31,July,2023
Northeast,Speaker,11826,57,March,2022
Central,Tablet,12683,39,March,2023
Southeast,Phone,24764,49,February,2023
North,Tablet,9653,31,January,2024
Southwest,Monitor,15565,62,October,2023
Northeast,Speaker,13357,66,February,2022
South,Speaker,14701,69,January,2024
Northwest,Tablet,16647,54,March,2022
North,Webcam,7989,85,May,2024
North,Phone,36262,71,October,2022
East,Keyboard,7723,90,May,2023
North,Tablet,15464,49,October,2024
Central,Tablet,6397,19,May,2023
South,Keyboard,1948,16,July,2024
Southeast,Mouse,3044,86,November,2024
Northwest,Phone,10103,19,February,2022
South,Phone,53700,106,March,2024
Southwest,Mouse,1833,52,February,2023
North,Webcam,5929,60,February,2022
Northwest,Speaker,8064,38,February,2022
Northeast,Keyboard,2213,24,May,2024
North,Tablet,24035,80,April,2022
Southwest,Phone,45912,90,December,2024
West,Mouse,2019,57,September,2024
Southwest,Laptop,76100,95,June,2024
East,Mouse,1747,25,August,2023
Midwest,Webcam,6064,59,November,2024
East,Tablet,31821,104,August,2022
North,Mouse,2954,94,April,2023
Southeast,Monitor,21980,87,October,2023
West,Monitor,20968,83,January,2023
West,Monitor,11414,43,November,2022
Midwest,Webcam,5727,62,May,2022
Midwest,Webcam,4452,41,November,2023
Central,Mouse,3089,91,August,2024
Southwest,Phone,26041,51,June,2024
Central,Tablet,10386,34,September,2023
South,Monitor,10539,40,July,2022
West,Phone,36089,72,November,2024
West,Keyboard,4441,55,October,2024
Northwest,Webcam,9695,104,April,2023
East,Keyboard,3335,32,August,2024
South,Printer,13409,42,March,2022
Northwest,Headphones,6397,42,November,2023
Northwest,Printer,9270,29,July,2023
Central,Mouse,935,27,September,2022
Central,Keyboard,8407,100,October,2023
Southwest,Keyboard,6072,72,March,2022
Southeast,Mouse,2483,69,May,2023
Northeast,Mouse,2605,56,May,2022
East,Headphones,6381,41,November,2024
North,Speaker,11483,56,July,2024
North,Headphones,4147,21,June,2023
Midwest,Speaker,8014,36,September,2022
Central,Monitor,5952,23,April,2022
West,Laptop,30518,38,September,2023
East,Speaker,7329,32,July,2022
Midwest,Printer,12411,40,November,2022
Southwest,Phone,40464,79,July,2024
Northeast,Printer,15956,53,September,2022
Northwest,Tablet,11919,39,July,2022
East,Phone,34607,69,May,2022
North,Headphones,14012,92,March,2022
East,Headphones,4056,26,October,2023
Southwest,Printer,23361,75,January,2024
Midwest,Monitor,9585,36,April,2023
Southeast,Tablet,15282,48,May,2023
North,Headphones,8232,52,March,2023
Midwest,Keyboard,3555,44,March,2023
South,Keyboard,6925,85,September,2022
Northeast,Monitor,5213,17,April,2023
Central,Keyboard,6110,69,April,2022
Southeast,Tablet,11613,37,May,2024
Southeast,Tablet,21520,69,October,2023
Northeast,Laptop,17793,21,March,2022
Central,Phone,53948,107,April,2024
Midwest,Webcam,3669,30,November,2022
Northwest,Webcam,10514,109,December,2023
Northwest,Tablet,6568,20,February,2024
South,Laptop,78824,98,January,2023
South,Mouse,1519,26,August,2024
West,Monitor,14330,55,October,2023
Southeast,Headphones,9162,56,September,2023
Southwest,Webcam,9450,95,November,2022
East,Mouse,3683,99,January,2023
Northwest,Printer,28413,92,February,2024
Midwest,Phone,9370,17,May,2024
Southeast,Phone,34893,69,April,2023
South,Keyboard,6623,80,June,2022
South,Printer,32329,107,May,2023
South,Keyboard,7307,79,July,2023
Southwest,Speaker,12481,58,March,2023
Southwest,Phone,15190,30,August,2022
Southeast,Headphones,4701,25,February,2023
Southeast,Printer,4893,16,December,2024
Southeast,Monitor,20180,78,February,2023
Central,Headphones,7966,53,June,2022
Southwest,Speaker,3810,15,August,2024
Midwest,Tablet,20249,65,April,2023
Northeast,Webcam,1809,11,August,2024
Northeast,Keyboard,7424,90,March,2024
Southwest,Printer,6298,19,November,2023
Southwest,Keyboard,3884,39,March,2023
Central,Mouse,3150,105,June,2022
Northwest,Printer,13804,46,May,2022
Southeast,Speaker,7943,35,August,2024
Central,Tablet,5871,18,November,2024
South,Monitor,4489,17,March,2022
East,Mouse,2930,79,August,2024
Northwest,Phone,54948,109,October,2023
Midwest,Monitor,13787,54,January,2024
Northeast,Monitor,5492,20,October,2024
Southeast,Laptop,79942,99,October,2022
Southeast,Mouse,1292,31,December,2022
Midwest,Monitor,19066,74,July,2023
Central,Laptop,71555,89,March,2022
Northeast,Laptop,54785,68,April,2022
Northeast,Mouse,1351,23,March,2023
North,Headphones,17009,109,November,2024
South,Speaker,20655,100,September,2023
Northeast,Mouse,876,15,March,2022
Northeast,Headphones,9251,60,May,2022
Northwest,Webcam,8555,87,October,2024
South,Printer,32684,106,April,2024
Central,Laptop,11536,14,March,2023
Northeast,Keyboard,4239,42,July,2023
North,Webcam,9902,106,April,2023
Southwest,Printer,5448,16,May,2023
Midwest,Phone,24741,49,January,2024
North,Keyboard,7746,85,June,2022
South,Webcam,2739,22,March,2023
Southeast,Tablet,7181,23,May,2024
Midwest,Phone,34249,68,October,2022
Central,Speaker,20833,101,May,2022
West,Webcam,7452,79,February,2022
Northeast,Headphones,5440,30,July,2024
Central,Laptop,48202,60,July,2022
Midwest,Printer,20185,67,May,2023
Central,Keyboard,7374,87,February,2023
Midwest,Keyboard,3809,46,September,2023
Northeast,Mouse,1831,48,June,2022
Southeast,Tablet,21964,70,June,2022
Northwest,Printer,6510,19,December,2024
West,Tablet,18452,61,December,2023
North,Headphones,9904,64,January,2023
North,Tablet,28524,94,January,2024
Southeast,Headphones,5612,34,October,2022
West,Monitor,13874,52,January,2023
Northwest,Printer,16424,52,July,2023
Northwest,Mouse,1446,40,November,2022
Southeast,Tablet,15493,51,November,2022
East,Webcam,3599,39,August,2023
West,Headphones,6144,38,February,2022
West,Headphones,6912,46,June,2023
Midwest,Headphones,9629,58,October,2024
North,Webcam,8960,91,March,2022
Central,Printer,27145,90,September,2022
Southwest,Keyboard,2191,15,October,2024
West,Speaker,7347,33,July,2024
North,Laptop,81634,102,April,2023
North,Speaker,11009,54,May,2024
West,Phone,10521,20,February,2024
Northeast,Phone,32013,64,October,2023
Midwest,Speaker,5288,25,October,2024
West,Speaker,21144,103,November,2022
Northeast,Tablet,11767,37,May,2023
Southwest,Webcam,3104,24,September,2022
Central,Mouse,4014,105,September,2024
South,Keyboard,1704,19,September,2022
Southwest,Headphones,14214,92,February,2023
